Date,AMD,CSCO,INTC,INTU,NVDA
2017/1/3,11.43,25.985624,31.973,110.028526,25.166451
2017/1/4,11.43,25.831152,31.807018,110.249046,25.753607
2017/1/5,11.24,25.891224,31.754604,110.929825,25.09984
2017/1/6,11.32,25.942715,31.868174,112.381981,25.43536
2017/1/9,11.49,25.899811,31.981735,112.045395,26.466593
2017/1/10,11.44,26.071444,31.92058,111.660713,26.266762
2017/1/11,11.2,25.874063,32.278759,111.920349,25.943573
2017/1/12,10.76,25.779667,32.069092,112.555077,25.519238
2017/1/13,10.58,25.805407,32.138973,112.612778,25.516771
2017/1/17,9.82,25.736752,32.147705,111.641472,24.94441
2017/1/18,9.88,25.771078,32.112774,111.352989,25.398352
2017/1/19,9.77,25.728172,31.946795,111.506836,25.943573
2017/1/20,9.75,25.831152,32.270012,112.612778,25.659859
2017/1/23,9.91,25.977043,32.121502,112.612778,25.926302
2017/1/24,10.44,26.260242,32.864052,114.199539,26.478922
2017/1/25,10.35,26.346064,33.02129,115.411278,26.592405
2017/1/26,10.52,26.380386,32.811638,113.920662,27.051279
2017/1/27,10.67,26.586349,33.178535,114.0457,27.574297
2017/1/30,10.61,26.457617,32.689331,113.987991,27.142563
2017/1/31,10.37,26.363222,32.165184,114.036095,26.935326
2017/2/1,12.06,26.174427,31.903114,113.199409,28.112114
2017/2/2,12.28,26.757984,32.042889,113.314812,28.467373
2017/2/3,12.24,26.878132,32.130871,113.834129,28.218201
2017/2/6,13.63,26.860964,31.910919,113.372505,28.94105
2017/2/7,13.29,26.989693,31.981293,112.978218,29.390049
2017/2/8,13.56,26.835222,32.007694,112.083862,29.261763
2017/2/9,13.42,27.032598,31.198259,111.641472,28.711609
2017/2/10,13.58,27.041182,31.092678,113.026306,28.030701
2017/2/13,13.49,27.435946,31.4974,113.862961,26.737965
2017/2/14,13.26,27.727724,31.611774,114.28611,26.836645
2017/2/15,13.3,28.16539,31.717358,114.391891,26.890923
2017/2/16,12.97,28.834774,32.034096,114.670792,26.459188
2017/2/17,13.13,28.954922,32.095669,115.267014,26.454254
2017/2/21,14,29.289606,32.130871,115.276627,27.401592
2017/2/22,14.28,29.25528,31.734951,114.8535,27.359606
2017/2/23,14.32,29.212378,31.831728,116.074837,24.822746
2017/2/24,14.12,29.452663,32.139664,123.104706,25.062346
2017/2/27,15.2,29.401173,32.122066,121.027504,25.79105
2017/2/28,14.46,29.332521,31.849329,120.633202,25.067295
2017/3/1,14.96,29.555639,31.611774,119.75808,25.390884
2017/3/2,13.9,29.512739,31.594185,120.373535,24.454687
2017/3/3,13.03,29.42692,31.585388,121.604485,24.313881
2017/3/6,13.04,29.341106,31.295042,121.267899,24.126156
2017/3/7,13.05,29.34968,31.4974,120.594719,24.390463
2017/3/8,13.22,29.19521,31.339035,120.787079,24.345999
2017/3/9,13.33,29.238113,31.514999,119.979256,24.341061
2017/3/10,13.91,29.401173,31.594185,120.152359,24.484331
2017/3/13,14.28,29.263863,30.934315,120.161972,25.15868
2017/3/14,14.1,29.281023,30.951906,119.546486,25.141394
2017/3/15,13.98,29.384008,30.881533,119.892693,25.3316
2017/3/16,13.65,29.375425,30.916723,119.584953,25.642839
2017/3/17,13.49,29.375425,31.031101,119.171448,26.201099
2017/3/20,14.4,29.418337,31.171867,118.671387,27.036013
2017/3/21,13.82,29.075071,30.828739,116.411415,26.161577
2017/3/22,14.1,29.263863,31.119076,116.478745,26.695131
2017/3/23,13.79,29.143713,31.031101,115.392044,26.453056
2017/3/24,13.7,29.246702,30.934315,115.132393,26.546919
2017/3/27,13.7,29.169464,31.13666,113.911049,26.739594
2017/3/28,13.69,29.19521,31.321436,113.478302,26.601265
2017/3/29,13.71,28.954922,31.295042,113.3629,26.514809
2017/3/30,14.05,28.954922,31.453405,111.189499,27.023664
2017/3/31,14.55,29.006409,31.734951,111.545319,26.907566
2017/4/3,14.64,28.81761,31.814138,111.718437,26.771709
2017/4/4,14.16,28.921488,31.919712,111.583794,24.894381
2017/4/5,14.17,28.566566,31.866926,112.083862,24.709116
2017/4/6,13.27,28.635826,31.699757,113.627052,24.889435
2017/4/7,13.52,28.531948,31.699757,114.253967,24.783224
2017/4/10,13.1,28.57523,31.4974,114.408302,24.150858
2017/4/11,13.1,28.497322,31.444618,114.466179,24.237314
2017/4/12,12.76,28.237625,31.347837,113.646347,24.037224
2017/4/13,12.31,28.064491,31.013502,113.704208,23.587658
2017/4/17,12.79,28.228966,31.21586,114.427582,24.511505
2017/4/18,12.95,28.280905,31.470997,115.112358,24.526325
2017/4/19,12.84,28.26359,31.594185,114.74588,24.62266
2017/4/20,13.11,28.419415,31.831728,114.070709,25.012943
2017/4/21,13,28.410751,31.95491,114.157516,25.116697
2017/4/24,13.13,28.808956,32.333221,114.543327,25.430407
2017/4/25,13.49,28.930151,32.438812,114.851967,25.872566
2017/4/26,13.41,28.912832,32.491592,111.698074,25.694712
2017/4/27,13.62,29.215815,32.931499,121.150116,26.094879
2017/4/28,13.3,29.492817,31.805326,120.764305,25.76388
2017/5/1,13.62,29.406261,31.946102,121.063316,26.341904
2017/5/2,10.32,29.639984,32.526779,121.439453,25.561321
2017/5/3,10.39,29.64864,32.777622,121.140472,25.751526
2017/5/4,10.1,29.588045,32.662399,121.47802,25.652716
2017/5/5,10.19,29.769835,32.635811,121.661285,25.655191
2017/5/8,10.04,29.683271,32.387627,121.690208,25.385946
2017/5/9,10.18,29.345659,32.236938,122.230339,25.427935
2017/5/10,10.79,29.207159,31.917854,122.577553,29.960697
2017/5/11,11.07,29.111942,31.634212,122.375015,31.247663
2017/5/12,11.26,28.956116,31.492393,122.018158,31.591007
2017/5/15,11.42,29.631325,31.581041,123.098381,33.176865
2017/5/16,12.75,29.691917,31.749449,122.973,33.794399
2017/5/17,11.2,29.276413,31.058083,120.899338,31.549021
2017/5/18,11.28,27.164211,31.217628,120.706444,32.870556
2017/5/19,11.41,27.017048,31.377182,120.928261,33.629704
2017/5/22,11.04,27.346004,31.705122,122.645088,34.346802
2017/5/23,10.89,27.493162,31.784904,124.5644,33.884399
2017/5/24,10.89,27.259438,32.015354,132.936234,34.265198
2017/5/25,10.98,27.216154,32.13945,133.447418,34.188545
2017/5/26,11,27.268089,32.13945,133.640305,35.073795
2017/5/30,11.12,27.42391,32.068535,135.077393,35.823044
2017/5/31,11.19,27.294064,32.006489,135.646469,35.694473
2017/6/1,10.93,27.545103,32.015354,136.311935,35.696938
2017/6/2,10.9,27.683607,32.192631,137.73941,35.518894
2017/6/5,11.24,27.493162,32.210358,137.585114,36.59951
2017/6/6,12.03,27.320032,32.024223,136.601303,36.43383
2017/6/7,12.38,27.363316,32.13945,136.929199,36.873974
2017/6/8,12.9,27.363316,32.334442,137.64296,39.549511
2017/6/9,12.28,27.155558,31.651947,135.231705,36.992668
2017/6/12,12.09,27.051683,31.66967,134.778427,37.084156
2017/6/13,11.96,27.441223,31.802629,134.913452,37.437771
2017/6/14,11.77,27.354658,31.492393,135.212448,37.516895
2017/6/15,11.5,27.337345,31.297405,135.02919,37.677628
2017/6/16,11.44,27.380625,31.208759,134.537262,37.492172
2017/6/19,11.93,27.692257,31.47468,135.752502,38.901646
2017/6/20,12.64,27.571072,30.898546,135.19313,38.84478
2017/6/21,13.98,27.562412,30.650356,135.270309,39.433285
2017/6/22,14.38,27.571072,30.455355,135.019531,39.161285
2017/6/23,14.17,27.778828,30.304678,135.414963,38.038647
2017/6/26,14.08,27.908674,30.198307,133.485962,37.623222
2017/6/27,13.4,27.493162,29.826036,130.486389,36.245888
2017/6/28,13.23,27.770166,30.313538,130.563568,37.524319
2017/6/29,12.6,27.190182,29.72854,128.374161,36.270618
2017/6/30,12.48,27.094959,29.905819,128.094498,35.746395
2017/7/3,12.15,27.120934,29.657635,127.004562,34.453133
2017/7/5,13.19,27.182091,30.437628,127.293922,35.373001
2017/7/6,13.02,26.841335,29.808315,126.771774,35.479336
2017/7/7,13.36,26.998608,30.029902,127.545387,36.290398
2017/7/10,13.81,27.068508,29.826036,127.516304,38.0065
2017/7/11,13.89,27.164618,30.065357,127.990189,38.545567
2017/7/12,14.29,27.22578,30.357855,129.073196,40.185013
2017/7/13,13.53,27.321896,30.348995,128.028824,39.720139
2017/7/14,13.92,27.452951,30.738995,128.492996,40.788376
2017/7/17,13.8,27.522848,30.552858,128.676773,40.615284
2017/7/18,13.48,27.531588,30.606033,129.23761,41.038132
2017/7/19,13.55,27.872351,30.632633,130.726776,40.825462
2017/7/20,13.8,27.837399,30.801041,130.881485,41.418945
2017/7/21,13.88,27.819925,30.78331,130.38826,41.567307
2017/7/24,14.16,27.837399,30.579451,131.75174,41.085106
2017/7/25,14.11,28.064568,30.730129,132.322235,40.887291
2017/7/26,14.76,27.662651,30.801041,132.612381,41.359577
2017/7/27,14.12,27.584011,30.99604,132.351242,39.994617
2017/7/28,13.95,27.540325,31.297405,131.16188,40.649895
2017/7/31,13.61,27.479164,31.439222,132.680069,40.185013
2017/8/1,13.71,27.653915,32.219208,132.892807,40.674625
2017/8/2,13.37,27.540325,32.476257,132.022476,40.649895
2017/8/3,13.24,27.575275,32.586109,132.612381,41.166702
2017/8/4,13.12,27.784975,32.416428,132.38028,41.34721
2017/8/7,13.43,27.819925,32.532528,132.138504,42.618229
2017/8/8,13.11,27.671389,32.514668,131.684052,42.111313
2017/8/9,12.83,27.627701,32.675396,132.302963,42.558876
2017/8/10,12.12,27.085985,32.273544,130.697723,40.736458
2017/8/11,12.23,27.496639,32.032429,132.09021,38.565353
2017/8/14,12.76,27.819925,32.452148,134.304581,41.641479
2017/8/15,13.02,28.038359,32.148529,132.931473,41.290348
2017/8/16,12.63,28.256798,31.978859,133.366608,40.83783
2017/8/17,12.34,27.120935,31.407326,130.020844,39.927853
2017/8/18,12.37,26.535526,31.264442,129.682404,39.935272
2017/8/21,12.05,26.806387,31.184071,131.422943,39.354172
2017/8/22,12.17,27.321896,30.942957,133.589035,40.230301
2017/8/23,12.48,27.016083,30.951887,131.045853,41.034657
2017/8/24,12.5,27.295679,30.99654,130.862122,40.883682
2017/8/25,12.43,27.47043,30.960821,132.81546,40.542145
2017/8/28,12.23,27.557802,30.942957,133.347244,40.829243
2017/8/29,12.15,27.505375,31.014397,133.453629,40.762409
2017/8/30,12.67,27.950983,31.157278,135.348907,41.004959
2017/8/31,13,28.143208,31.318026,136.78006,41.935547
2017/9/1,13.19,28.221844,31.335882,137.21521,42.187984
2017/9/5,12.92,27.627701,31.273373,136.867096,41.061882
2017/9/6,12.86,27.84614,31.9342,136.48027,41.037128
2017/9/7,12.63,27.750027,31.737734,136.34494,41.227707
2017/9/8,12.25,27.505375,31.42518,136.886444,40.51244
2017/9/11,12.55,28.125736,31.94313,137.930771,41.826637
2017/9/12,12.3,28.317959,32.228901,137.679337,41.977619
2017/9/13,12.22,28.116995,32.443222,137.369949,42.16571
2017/9/14,12.26,28.125736,32.577168,137.389267,41.925644
2017/9/15,12.52,28.344166,33.041534,137.437607,44.576309
2017/9/18,13.08,28.414068,33.041534,139.052475,46.417675
2017/9/19,13.12,28.387854,33.246929,140.541641,46.368168
2017/9/20,13.74,28.483967,33.10405,140.183853,45.994453
2017/9/21,13.41,28.571346,33.220146,139.719711,44.737183
2017/9/22,13.3,29.156744,33.202286,141.489288,44.30159
2017/9/25,12.61,29.462563,33.184418,139.961441,42.321632
2017/9/26,12.45,29.497509,33.461262,139.990433,42.559231
2017/9/27,12.74,29.252863,33.523773,139.593964,43.492279
2017/9/28,12.74,29.139275,33.782738,137.611694,43.479904
2017/9/29,12.75,29.38393,34.005997,137.447266,44.244667
2017/10/2,12.71,29.488771,34.863293,137.060501,44.30159
2017/10/3,13.42,29.576139,35.16692,137.166885,44.393162
2017/10/4,13.31,29.470388,35.131199,137.959778,44.764404
2017/10/5,13.34,29.602589,35.300869,138.143524,44.739658
2017/10/6,13.23,29.743591,35.390171,139.80159,44.870819
2017/10/9,13.47,29.752403,35.59557,139.588257,45.883087
2017/10/10,13.7,29.567326,35.408035,139.80159,46.759216
2017/10/11,13.88,29.602589,35.09547,139.297348,47.256683
2017/10/12,14.2,29.311752,34.997246,141.430573,47.278961
2017/10/13,14.22,29.49683,35.425884,141.226913,48.160042
2017/10/16,14.26,29.558521,35.50626,140.344574,48.986675
2017/10/17,14.16,29.611395,35.533051,141.081528,48.942116
2017/10/18,14.07,29.567326,35.94384,141.343262,48.900055
2017/10/19,13.95,29.743591,35.800953,142.167465,48.954494
2017/10/20,13.81,30.184237,36.10458,143.476471,48.731743
2017/10/23,14.1,30.272366,36.461784,142.846222,48.662445
2017/10/24,14.25,30.475065,36.568947,144.106735,49.172291
2017/10/25,12.33,30.228302,36.417133,144.921204,47.929867
2017/10/26,12.01,30.20186,36.926151,146.734436,48.432278
2017/10/27,11.84,30.342869,39.649849,148.799774,49.95932
2017/10/30,10.89,29.999174,39.623062,146.850845,50.449364
2017/10/31,10.99,30.096102,40.62323,146.433884,51.184418
2017/11/1,10.8,30.510311,41.712711,146.763519,51.280945
2017/11/2,10.85,30.148985,42.060986,147.529541,50.969097
2017/11/3,11.12,30.378122,41.38229,148.974289,51.649715
2017/11/6,11.93,30.325241,41.950928,148.043427,51.882366
2017/11/7,12.05,30.316433,42.022789,147.878601,52.476353
2017/11/8,11.71,30.404556,41.950928,148.314972,51.766029
2017/11/9,11.12,30.007975,41.591602,147.781631,50.815659
2017/11/10,11.26,29.955101,40.944824,148.644608,53.493549
2017/11/13,11.09,29.919846,41.097538,150.186371,52.62484
2017/11/14,11.12,29.999174,41.19635,150.496628,53.008457
2017/11/15,11.07,30.060854,40.837017,149.187607,51.968983
2017/11/16,11.25,31.620743,41.007702,150.923264,52.372402
2017/11/17,11.38,31.638363,40.091427,151.795929,52.310532
2017/11/20,11.34,32.167137,40.082447,152.988571,52.983711
2017/11/21,11.4,32.299332,40.3699,147.18045,53.471272
2017/11/22,11.37,32.123085,40.109398,147.025345,53.231033
2017/11/24,11.38,32.158329,40.199226,149.236099,53.733795
2017/11/27,11.55,32.493221,39.96566,150.069992,53.035378
2017/11/28,11.17,33.251133,40.181255,151.059021,52.185883
2017/11/29,10.83,33.0308,39.480576,149.536682,48.646721
2017/11/30,10.89,32.872169,40.280071,152.445587,49.709217
2017/12/1,10.73,33.136566,40.136341,151.689285,48.958782
2017/12/4,10.03,33.242325,39.96566,149.846954,46.2295
2017/12/5,9.91,32.880997,39.022442,149.779114,46.496979
2017/12/6,10,32.969124,39.031429,151.446854,46.873428
2017/12/7,10.04,32.9603,38.699055,150.836014,47.549557
2017/12/8,9.94,33.145378,38.941601,150.516037,47.425728
2017/12/11,10.16,33.453831,39.22007,150.952301,48.210838
2017/12/12,9.9,33.409771,38.923637,151.117218,47.264748
2017/12/13,10.11,33.621269,38.93261,151.728058,46.110622
2017/12/14,10.13,33.400948,38.860748,151.446854,46.182438
2017/12/15,10.29,33.656517,40.028549,154.801788,47.443069
2017/12/18,10.98,33.912098,41.555668,156.236877,49.013268
2017/12/19,10.95,33.753468,42.256348,155.024811,48.569942
2017/12/20,10.98,34.141235,42.723473,154.510895,48.740837
2017/12/21,10.89,33.956169,42.004822,153.80307,48.515457
2017/12/22,10.54,33.973782,41.950928,153.686722,48.361908
2017/12/26,10.46,33.912098,41.39397,154.103653,48.899353
2017/12/27,10.53,33.982597,41.420929,153.909729,48.832478
2017/12/28,10.55,34.009045,41.519737,153.764297,48.889442
2017/12/29,10.28,33.753468,41.465839,152.988571,47.923538
2018/1/2,10.98,34.246983,42.08567,153.90007,49.372402
2018/1/3,11.55,34.520191,40.65736,154.326675,52.621773
2018/1/4,12.12,34.617851,39.91177,157.090118,52.89917
2018/1/5,11.88,35.097298,40.190235,159.126358,53.347443
2018/1/8,12.28,35.461323,40.190235,159.223328,54.982037
2018/1/9,11.82,35.239361,39.184139,160.224442,54.967186
2018/1/10,11.96,35.434692,38.178036,158.922012,55.398125
2018/1/11,12.14,35.603382,38.995491,158.426331,55.497192
2018/1/12,12.02,36.287041,38.842789,159.893951,55.224758
2018/1/16,11.91,35.994049,38.752956,157.736252,54.513954
2018/1/17,12.18,36.580032,39.875835,159.68013,55.655693
2018/1/18,12.47,36.668823,39.956688,159.787064,55.586357
2018/1/19,12.59,36.659954,40.262115,163.03334,56.99062
2018/1/22,12.65,36.988449,41.097538,163.937225,57.877274
2018/1/23,12.94,37.379116,41.376007,163.733139,59.17009
2018/1/24,12.71,37.441261,40.881935,162.848663,58.399841
2018/1/25,12.41,37.201542,40.693295,163.111115,58.536068
2018/1/26,12.95,37.78754,44.987198,165.657547,60.264774
2018/1/29,13.32,38.04501,44.897366,164.462112,61.136566
2018/1/30,12.87,37.512302,43.828392,163.771988,60.113708
2018/1/31,13.74,36.881916,43.244488,163.188828,60.876518
2018/2/1,13.25,37.023968,42.804314,161.001938,59.563885
2018/2/2,12.45,36.340313,41.456852,158.834534,57.835163
2018/2/5,11.57,34.4314,39.992619,153.226425,52.926407
2018/2/6,11.65,35.665535,40.616657,156.356064,55.868687
2018/2/7,11.6,35.816471,40.878925,156.764313,56.666176
2018/2/8,11.22,34.422523,38.663143,148.463959,53.872501
2018/2/9,11.31,35.097298,39.748428,152.653,57.478531
2018/2/12,11.68,36.047314,40.544296,154.907898,56.475475
2018/2/13,11.78,36.60667,40.209675,154.888458,57.614746
2018/2/14,12.2,37.370228,41.041721,159.301056,59.791729
2018/2/15,12.19,39.137089,41.530098,164.559265,61.049889
2018/2/16,11.82,39.359055,41.204514,166.872528,60.39109
2018/2/20,12.02,39.119331,41.891869,168.699738,61.688866
2018/2/21,11.72,38.453434,41.548183,168.456757,59.814018
2018/2/22,11.84,38.124931,41.42157,167.271011,60.009796
2018/2/23,12.07,39.066051,43.167068,166.959946,60.946564
2018/2/26,12.42,40.27356,44.415142,167.824997,61.107655
2018/2/27,12.53,39.989441,45.138653,165.570099,60.978779
2018/2/28,12.11,39.758587,44.57793,162.177979,59.972633
2018/3/1,11.9,38.888481,43.266552,159.728729,57.546463
2018/3/2,11.81,39.119331,44.297565,164.102463,58.61953
2018/3/5,11.91,39.527748,44.99395,165.404861,58.398968
2018/3/6,11.76,39.32354,45.862179,164.705048,60.01228
2018/3/7,12.24,39.243629,46.413868,165.871399,59.932983
2018/3/8,11.97,39.367931,45.889317,166.658646,59.769417
2018/3/9,11.7,40.282433,47.200695,172.198746,60.797871
2018/3/12,11.52,40.442253,46.594746,172.354279,61.895714
2018/3/13,11.64,40.095974,46.829891,172.694412,61.387684
2018/3/14,11.36,40.20253,46.902241,172.315353,61.642944
2018/3/15,11.46,40.246914,46.015926,172.937408,61.79163
2018/3/16,11.47,39.962803,46.278194,173.578857,62.074146
2018/3/19,11.43,39.305794,45.970703,170.808868,59.724804
2018/3/20,11.11,39.394562,46.62188,173.151215,61.851112
2018/3/21,11.26,39.341305,46.630924,171.703018,61.598331
2018/3/22,10.91,38.240345,45.970703,169.924377,59.935455
2018/3/23,10.63,37.663227,44.641232,165.103546,57.73481
2018/3/26,10.44,39.119331,47.462963,169.632828,60.587223
2018/3/27,10,37.894081,46.296291,168.388733,55.888542
2018/3/28,9.81,36.988449,44.858288,166.13385,54.855133
2018/3/29,10.05,38.080521,47.101215,168.485916,57.392818
2018/4/2,9.53,36.411339,44.243301,165.113312,54.780785
2018/4/3,9.55,36.739849,44.99395,165.686737,55.846413
2018/4/4,9.77,36.8741,45.211006,168.194336,56.066975
2018/4/5,10.02,37.429005,45.563732,167.00856,54.862564
2018/4/6,9.61,36.453457,44.125736,162.974991,53.095604
2018/4/9,9.53,36.847244,44.813068,165.020844,53.38308
2018/4/10,9.98,38.046547,46.368645,166.891296,56.480839
2018/4/11,9.82,37.974964,46.214897,167.164078,56.066975
2018/4/12,10.08,38.789402,47.680027,169.151459,58.13876
2018/4/13,9.93,38.485104,46.902241,167.553772,57.37051
2018/4/16,10.09,38.753605,47.390617,170.778397,57.368038
2018/4/17,10.52,39.908165,48.421635,176.33139,58.867352
2018/4/18,10.36,39.943962,48.48494,176.516464,58.577396
2018/4/19,10.11,39.881313,47.227821,174.782364,56.760868
2018/4/20,9.99,39.460659,46.603786,173.535431,56.679089
2018/4/23,10.04,39.603859,46.214897,175.649445,55.482117
2018/4/24,10.09,39.147408,46.531437,173.964081,54.817959
2018/4/25,9.71,39.120556,46.468132,171.820816,53.692856
2018/4/26,11.04,39.568062,47.978477,180.403534,55.814201
2018/4/27,11.11,40.015556,47.689072,181.777191,56.089283
2018/4/30,10.88,39.63966,46.685184,180.023605,55.734894
2018/5/1,11.13,40.122963,48.231716,182.410431,56.290016
2018/5/2,10.97,39.254807,47.309223,181.134186,56.08432
2018/5/3,10.93,39.773907,47.282093,181.572601,57.739769
2018/5/4,11.28,40.543617,48.009773,184.563416,59.244045
2018/5/7,11.59,40.928463,48.510082,184.670547,61.628071
2018/5/8,11.61,40.910561,48.782963,185.264816,62.054325
2018/5/9,11.95,41.205914,49.428795,187.700348,63.3876
2018/5/10,12.13,41.438618,50.010944,189.28833,64.465607
2018/5/11,11.95,41.107471,49.728962,189.190887,63.077824
2018/5/14,12.23,40.901608,49.938179,187.622421,63.283516
2018/5/15,12.45,40.704708,49.046753,184.875183,60.854862
2018/5/16,12.82,40.418308,49.701679,185.498642,60.966393
2018/5/17,12.82,38.896805,49.856319,184.884918,61.387684
2018/5/18,13,38.673061,48.664715,185.625305,60.949047
2018/5/21,12.99,39.156357,49.410595,186.745636,60.52774
2018/5/22,12.98,39.06686,49.528854,185.625305,60.146107
2018/5/23,13.1,39.093716,50.220158,191.168518,61.383499
2018/5/24,13.41,38.995262,49.801743,192.688309,61.420689
2018/5/25,13.54,38.717808,50.429379,192.006348,61.814976
2018/5/29,13.36,38.45826,50.320217,191.626389,61.643871
2018/5/30,13.82,38.350857,50.647686,195.912918,62.734955
2018/5/31,13.73,38.225555,50.211071,196.40004,62.536572
2018/6/1,14.4,39.075809,51.92115,198.816055,63.883076
2018/6/4,14.85,39.004211,51.693756,201.660751,65.675934
2018/6/5,14.85,39.084751,51.420872,202.859055,65.730492
2018/6/6,15.67,39.612812,51.875675,204.096283,65.75032
2018/6/7,14.89,39.06686,50.82962,200.93985,65.192375
2018/6/8,15.25,38.914707,50.074631,200.93985,65.038628
2018/6/11,15.73,39.102657,49.592518,201.037262,64.626991
2018/6/12,15.85,39.326408,49.86541,202.138107,65.113037
2018/6/13,16.32,39.389057,50.056423,202.430389,65.068405
2018/6/14,16.25,39.997662,50.52034,203.687088,66.186752
2018/6/15,16.34,39.603859,50.129211,203.57019,65.777611
2018/6/18,17.110001,39.568062,48.410019,203.76503,65.735443
2018/6/19,16.690001,39.219009,48.146221,205.177628,64.515419
2018/6/20,16.52,39.147408,48.628323,208.012573,65.046066
2018/6/21,15.65,38.628304,47.47311,204.388535,63.756603
2018/6/22,15.8,38.664112,47.755085,200.667038,62.229084
2018/6/25,15.11,37.849651,46.126869,196.536423,59.295551
2018/6/26,15.5,38.082348,45.180866,196.896881,60.00724
2018/6/27,14.97,37.885452,44.353104,193.107239,58.452442
2018/6/28,15.31,38.431408,44.79882,198.757629,59.72702
2018/6/29,14.99,38.511955,45.217243,199.040085,58.745045
2018/7/2,15.16,38.31506,45.662964,200.140991,60.069233
2018/7/3,15,38.189751,44.99894,199.4785,58.730164
2018/7/5,15.5,38.388195,46.163254,199.770782,60.190739
2018/7/6,16.360001,38.523483,46.727222,202.781097,61.331421
2018/7/9,16.610001,38.4874,47.172935,202.751801,61.807529
2018/7/10,16.549999,38.658791,47.44582,203.46431,62.799423
2018/7/11,16.27,38.397213,46.572586,204.176819,61.381012
2018/7/12,16.559999,39.308208,47.618652,208.598251,62.298515
2018/7/13,16.27,37.684647,47.500397,208.588516,61.824886
2018/7/16,16.58,38.334072,47.30938,209.320511,61.547157
2018/7/17,16.870001,38.189754,47.072876,211.292114,62.908535
2018/7/18,16.85,38.072502,47.045586,213.078232,62.41507
2018/7/19,16.709999,38.243881,47.282089,210.813843,62.496899
2018/7/20,16.5,37.892101,47.218418,210.12088,62.214203
2018/7/23,16.66,37.93721,47.582264,212.180298,61.847202
2018/7/24,16.190001,38.234856,47.464012,210.628403,61.673618
2018/7/25,16.049999,38.929375,47.691425,212.043686,62.457218
2018/7/26,18.35,39.263111,47.44582,211.448288,63.193707
2018/7/27,18.940001,38.397213,43.370724,207.222061,62.494419
2018/7/30,19.42,38.036415,43.379814,197.822815,60.537903
2018/7/31,18.33,38.144657,43.752754,199.345459,60.718933
2018/8/1,18.48,37.756805,44.398594,199.364944,61.118164
2018/8/2,18.790001,38.361126,45.008041,200.799713,62.147255
2018/8/3,18.49,38.631733,45.144482,200.233658,62.514256
2018/8/6,19.43,39.055656,45.11702,202.507828,62.992844
2018/8/7,19.559999,39.308208,45.483089,204.459885,63.716942
2018/8/8,19.58,39.542725,45.721031,205.006439,64.081459
2018/8/9,19.1,39.488602,45.885754,206.128891,63.595425
2018/8/10,19.059999,39.488602,44.705204,205.953171,63.181309
2018/8/13,19.73,39.461548,44.339138,204.547699,63.511108
2018/8/14,20.02,39.687035,44.03714,205.640884,64.827858
2018/8/15,19.700001,39.56076,43.43314,204.450119,64.24511
2018/8/16,19.33,40.73333,43.167744,204.664825,63.838428
2018/8/17,19.77,41.373734,43.103691,202.907959,60.709007
2018/8/20,19.98,41.689426,42.554592,202.429703,61.457882
2018/8/21,20.4,41.292561,43.579575,204.00116,62.81678
2018/8/22,20.9,41.481976,43.057934,204.664825,65.172531
2018/8/23,22.290001,41.509029,42.993874,207.358688,66.169395
2018/8/24,23.98,41.779633,43.616177,211.438522,67.503494
2018/8/27,25.26,42.023163,44.247627,206.890198,68.416031
2018/8/28,25.049999,42.347878,44.448963,210.75528,68.039139
2018/8/29,25.200001,42.825928,44.613689,212.67807,69.096069
2018/8/30,24.889999,42.528278,44.146969,213.390579,68.927353
2018/8/31,25.17,43.087498,44.320843,214.210495,69.639435
2018/9/4,28.059999,43.051418,43.890717,215.450043,70.388733
2018/9/5,28.51,42.636513,43.671089,213.449142,69.078697
2018/9/6,27.84,42.645527,43.250111,214.591125,67.664459
2018/9/7,27.379999,42.438076,42.508839,215.040085,67.451103
2018/9/10,29.889999,42.456108,42.371574,219.334656,68.163193
2018/9/11,30.1,42.420033,41.117809,220.603516,67.684319
2018/9/12,32.209999,42.293758,41.117809,220.271637,66.543022
2018/9/13,30.48,42.609455,41.703506,222.321304,67.322083
2018/9/14,32.720001,42.753761,41.676048,222.087067,68.584961
2018/9/17,32.43,42.492191,41.566235,220.066666,67.964691
2018/9/18,31.93,42.807888,42.188541,222.711716,67.242676
2018/9/19,31.209999,42.645527,42.234295,215.5867,67.480896
2018/9/20,31.18,43.051418,43.19521,216.143005,66.066658
2018/9/21,31.02,43.800064,42.701023,215.157227,65.364494
2018/9/24,32.610001,43.691822,42.92981,213.654114,65.922729
2018/9/25,32.57,43.718884,42.01466,216.640823,66.5951
2018/9/26,32.189999,43.664764,41.822475,216.855499,66.225426
2018/9/27,32.59,43.592609,41.987206,217.480179,66.344528
2018/9/28,30.889999,43.881241,43.277573,221.950424,69.723785
2018/10/1,31.42,44.079674,42.508839,222.262756,71.793022
2018/10/2,29.02,44.205948,44.018837,222.165146,71.078468
2018/10/3,28.43,44.323212,44.622837,225.776443,71.14048
2018/10/4,27.780001,43.932739,44.046299,219.285828,69.294548
2018/10/5,27.35,43.705719,43.039631,216.982407,66.954872
2018/10/8,26.459999,43.151787,43.039631,212.13147,65.940117
2018/10/9,27.24,43.12455,42.600353,215.838715,65.883057
2018/10/10,25,41.43552,40.998837,199.973114,60.958069
2018/10/11,25.299999,40.064327,40.4772,196.305054,58.338024
2018/10/12,26.34,41.508175,41.072052,207.191833,61.168957
2018/10/15,26.26,40.563766,40.751743,204.218277,58.400055
2018/10/16,28.18,41.608067,42.04211,210.224121,60.992805
2018/10/17,27.299999,41.717026,41.996346,214.048691,60.305534
2018/10/18,26.620001,41.281155,41.154419,208.033066,59.42971
2018/10/19,23.66,41.17218,40.26672,206.487564,56.859291
2018/10/22,25.030001,41.55357,41.191017,208.610168,57.367924
2018/10/23,25.09,41.244831,40.724289,204.30629,54.84713
2018/10/24,22.790001,40.018925,38.82077,197.02887,49.475552
2018/10/25,19.27,41.29023,40.550415,203.122757,51.567116
2018/10/26,17.629999,40.182377,41.81332,197.605988,49.197666
2018/10/29,16.85,39.81007,41.547932,196.285461,46.054111
2018/10/30,17.200001,40.48204,43.707687,198.368912,50.366268
2018/10/31,18.209999,41.544498,42.902359,206.38974,52.308968
2018/11/1,20.219999,41.453693,44.128662,207.720047,54.1152
2018/11/2,20.23,41.299313,43.112846,208.326492,53.323734
2018/11/5,19.9,41.898647,43.899868,209.754578,52.542183
2018/11/6,20.68,42.225555,43.513092,209.030746,52.366028
2018/11/7,21.84,43.496861,44.866825,217.032043,53.043362
2018/11/8,21.200001,43.987217,45.115475,218.36232,51.108112
2018/11/9,21.030001,42.77948,44.305073,217.31572,51.028721
2018/11/12,19.030001,41.426449,42.960541,208.218872,47.026707
2018/11/13,19.610001,40.972401,43.642021,208.189575,49.450741
2018/11/14,20.809999,40.255028,43.365742,204.805161,48.924747
2018/11/15,21.49,42.47073,44.305073,209.852417,50.214916
2018/11/16,20.66,42.089333,44.968128,206.82016,40.796673
2018/11/19,19.110001,41.544498,44.203777,194.886719,35.90147
2018/11/20,19.209999,40.400326,43.642021,190.915451,36.98819
2018/11/21,18.73,40.76355,43.31049,194.065033,35.903954
2018/11/23,19.379999,40.445724,42.859241,192.744568,35.975903
2018/11/26,20.08,41.381042,43.697269,197.019058,37.973194
2018/11/27,21.049999,41.880478,44.26823,194.40744,38.141899
2018/11/28,21.34,42.942936,44.995758,204.355194,39.714909
2018/11/29,21.43,42.988342,43.927502,204.619308,39.081612
2018/11/30,21.299999,43.469616,45.410172,209.842621,40.589138
2018/12/3,23.709999,44.259644,46.165314,208.854691,42.230778
2018/12/4,21.120001,42.997414,43.973549,203.112961,39.01952
2018/12/6,21.299999,43.941814,44.54451,206.927734,39.31258
2018/12/7,19.459999,42.17107,42.58297,198.036392,36.660118
2018/12/10,19.99,42.552456,43.47625,202.271759,37.715637
2018/12/11,19.98,42.761318,43.632813,201.606613,36.804157
2018/12/12,20.48,43.060982,44.047218,204.609543,36.980492
2018/12/13,19.860001,43.106384,44.470837,203.885696,36.978016
2018/12/14,19.9,41.608067,44.074848,196.539795,36.372017
2018/12/17,18.83,40.136974,43.356533,193.174957,35.659225
2018/12/18,19.5,40.009842,43.964336,193.80098,36.493717
2018/12/19,18.16,39.174412,41.965958,191.29689,34.400063
2018/12/20,17.940001,38.58416,41.93832,187.863586,33.553162
2018/12/21,16.93,38.003002,41.293694,181.750122,32.179745
2018/12/24,16.65,36.577316,40.142544,178.757004,31.561329
2018/12/26,17.9,38.566002,42.536919,188.587418,33.056442
2018/12/27,17.49,38.965561,42.693478,192.930405,32.577103
2018/12/28,17.82,38.838432,43.052628,191.570786,33.193035
2018/12/31,18.459999,39.346954,43.218399,192.54892,33.155788
2019/1/2,18.83,39.001884,43.356533,190.220963,33.831314
2019/1/3,17.049999,37.583466,40.971367,184.40094,31.787331
2019/1/4,19,39.276413,43.485466,191.717529,33.823868
2019/1/7,20.57,39.541794,43.688053,194.642151,35.614521
2019/1/8,20.75,39.862083,43.964336,199.307953,34.72789
2019/1/9,20.190001,39.642456,44.212982,198.690308,35.410877
2019/1/10,19.74,39.569248,44.719482,202.023712,36.069019
2019/1/11,20.27,39.798027,45.060223,202.111923,36.963112
2019/1/14,20.23,39.541794,44.526096,201.131546,37.362972
2019/1/15,20.379999,40.283035,44.756325,205.700241,37.221397
2019/1/16,19.73,40.228119,44.32349,205.87674,36.965588
2019/1/17,20.25,40.456909,44.636608,207.582657,37.68087
2019/1/18,20.77,41.207287,45.299648,209.68071,38.974808
2019/1/22,19.76,40.978512,44.452419,208.180695,36.948208
2019/1/23,19.799999,41.600784,44.14851,208.082642,37.077354
2019/1/24,20.85,41.738049,45.824577,208.004196,39.200809
2019/1/25,21.93,42.213917,43.319698,210.102295,39.774529
2019/1/28,20.18,41.866169,43.0158,206.915955,34.275879
2019/1/29,19.25,42.058338,42.859241,204.249222,32.683907
2019/1/30,23.09,42.744671,43.780159,209.906204,34.121899
2019/1/31,24.41,43.275429,43.393364,211.592529,35.701458
2019/2/1,24.51,43.32119,44.876041,210.249374,35.944847
2019/2/4,24.129999,43.330334,45.327286,216.582809,37.050041
2019/2/5,23.309999,43.247978,46.054802,220.092697,37.241272
2019/2/6,23.26,43.449291,46.244793,220.180939,37.998764
2019/2/7,22.67,42.735516,45.623867,216.641632,36.612923
2019/2/8,23.049999,43.183922,45.26244,220.426041,36.799198
2019/2/11,22.959999,43.540817,45.197571,221.053482,36.372017
2019/2/12,22.82,43.82449,46.346722,224.475159,37.544262
2019/2/13,22.85,43.467606,46.773037,224.112427,37.968964
2019/2/14,23.129999,44.291199,47.088127,226.259476,38.37875
2019/2/15,23.68,45.233761,47.87587,228.749756,39.076637
2019/2/19,23.950001,45.435085,47.634911,230.034073,38.902786
2019/2/20,23.950001,45.416786,47.625645,231.347839,39.377151
2019/2/21,23.92,45.215462,47.64418,230.426208,38.686714
2019/2/22,24.360001,45.856041,48.645065,246.024567,39.536098
2019/2/25,24.709999,46.478306,49.210384,242.867661,39.411926
2019/2/26,24.209999,46.835209,49.330864,244.034348,39.017033
2019/2/27,23.48,47.210396,49.340137,244.955933,38.597305
2019/2/28,23.530001,47.375111,49.080639,242.28923,38.351181
2019/3/1,23.68,47.045677,49.395737,245.504974,38.895649
2019/3/4,23.370001,46.816902,49.988857,244.122604,38.977688
2019/3/5,23.5,46.945019,49.747902,242.25,38.913052
2019/3/6,22.41,47.283604,49.071369,242.073517,37.801739
2019/3/7,22.08,46.935867,48.747013,240.622498,37.108101
2019/3/8,22.01,46.734543,48.635796,241.06369,37.451195
2019/3/11,22.959999,47.512379,49.442074,245.632416,40.061642
2019/3/12,23.49,47.722855,49.645962,245.397141,40.404732
2019/3/13,23.379999,48.1255,50.387356,248.681488,41.921272
2019/3/14,22.82,48.262772,49.525475,251.740417,41.160511
2019/3/15,23.290001,48.683716,50.350285,253.073746,42.217121
2019/3/18,23.25,48.967396,50.137127,252.671783,42.003319
2019/3/19,26,48.784382,50.202003,251.044296,43.683949
2019/3/20,25.700001,48.738617,49.877651,250.975662,43.358257
2019/3/21,27.889999,49.360901,50.637585,255.514908,45.730049
2019/3/22,26.370001,48.262772,49.358665,247.730499,44.128971
2019/3/25,25.969999,48.253616,48.913818,248.857971,43.204124
2019/3/26,25.690001,48.71117,49.525475,250.975662,43.97234
2019/3/27,24.889999,48.628807,49.265991,250.37764,43.880348
2019/3/28,25.059999,48.830139,49.219654,254.142426,44.066818
2019/3/29,25.52,49.406654,49.76643,256.28952,44.641102
2019/4/1,26.360001,50.312611,50.517097,260.544464,45.317341
2019/4/2,26.75,50.596287,50.378094,263.00531,45.496346
2019/4/3,29.02,50.907425,51.41605,263.809235,46.893559
2019/4/4,29.09,50.778503,51.823818,257.485565,46.80405
2019/4/5,28.98,50.842968,51.52726,256.573883,47.472828
2019/4/8,28.530001,51.100819,51.601402,255.652267,47.68166
2019/4/9,27.24,50.815338,51.267765,254.287064,47.052662
2019/4/10,27.83,51.404713,51.666275,254.473633,47.758732
2019/4/11,27.790001,51.202118,51.712608,254.964722,47.619507
2019/4/12,27.85,51.837536,52.287197,255.426315,47.239124
2019/4/15,27.33,52.086178,52.157448,256.231689,45.91898
2019/4/16,27.93,52.445335,52.555954,253.393173,46.791618
2019/4/17,27.49,51.855961,54.270435,251.703873,46.562901
2019/4/18,27.68,51.938839,54.205566,253.177124,46.316769
2019/4/22,28.18,51.883587,54.511391,256.929108,46.856258
2019/4/23,27.969999,52.205902,54.474319,260.946198,47.40321
2019/4/24,28.459999,52.380867,54.41872,259.335419,47.527515
2019/4/25,27.66,51.874374,53.390026,259.138977,46.468422
2019/4/26,27.879999,51.459969,48.589458,249.061783,44.275646
2019/4/29,27.690001,51.690201,47.366158,243.316025,44.583927
2019/4/30,27.629999,51.524437,47.301281,246.58667,44.999119
2019/5/1,26.809999,51.183704,47.041786,239.505173,44.867359
2019/5/2,28.290001,50.594326,46.847179,241.567734,45.543575
2019/5/3,28.219999,50.594326,47.95927,244.425873,45.498829
2019/5/6,27.42,50.272003,47.758804,244.052643,44.713211
2019/5/7,26.66,49.222179,47.06881,240.055176,43.03756
2019/5/8,27.09,49.240601,45.912598,239.77034,43.238926
2019/5/9,27.209999,48.7341,43.469643,237.000595,42.3116
2019/5/10,27.959999,49.139301,43.07803,240.271286,41.970997
2019/5/13,26.24,47.242237,41.735336,232.708466,39.392864
2019/5/14,27.32,47.905293,42.117634,236.696121,40.285393
2019/5/15,27.58,48.292068,42.537224,238.807816,39.673805
2019/5/16,28.01,51.506012,42.453308,243.139252,39.825462
2019/5/17,27.5,51.892788,41.856548,241.076645,38.915531
2019/5/20,26.68,51.579685,40.616425,239.348022,37.727165
2019/5/21,27.35,52.049351,41.455612,241.695419,38.550064
2019/5/22,27.41,51.285,41.026695,243.119568,37.839031
2019/5/23,26.360001,49.903645,41.520878,237.010422,36.625801
2019/5/24,26.440001,50.069405,41.558178,252.892319,36.086304
2019/5/28,29.049999,49.664211,40.625751,251.144012,35.633831
2019/5/29,28.09,48.973534,41.24115,245.172348,34.890469
2019/5/30,28.030001,49.332691,41.707367,243.659775,34.624157
2019/5/31,27.41,47.914501,41.064003,240.487335,33.715683
2019/6/3,27.58,47.684277,40.523186,233.828156,33.297527
2019/6/4,29.57,49.019581,41.763306,242.697281,35.592369
2019/6/5,29.5,50.41935,41.539528,247.627808,35.164261
2019/6/6,31.82,50.741657,42.052357,248.688583,35.786499
2019/6/7,32.41,51.506012,42.919518,252.882477,36.214611
2019/6/10,33.23,51.957256,43.637486,255.878143,36.943874
2019/6/11,32.41,52.592678,43.684101,252.15567,37.52132
2019/6/12,32.18,51.441551,43.189922,252.803894,36.388844
2019/6/13,31.389999,51.727028,43.544247,252.607483,36.901562
2019/6/14,30.360001,50.41935,43.06871,249.602005,36.000568
2019/6/17,29.200001,51.017941,43.012764,250.201126,36.09763
2019/6/18,30.450001,51.616524,44.168964,253.619141,38.051472
2019/6/19,30.5,51.690201,43.889233,257.970184,38.11121
2019/6/20,30.01,52.86895,44.001125,261.908783,38.355133
2019/6/21,29.1,52.519005,44.252884,256.850555,37.772705
2019/6/24,29.26,52.657135,44.411392,257.66568,37.996727
2019/6/25,28.860001,51.64415,43.684101,252.902115,37.703011
2019/6/26,29.92,52.123013,44.933552,251.929779,39.639446
2019/6/27,30.74,51.321835,44.252884,253.393173,40.62756
2019/6/28,30.370001,50.400936,44.635174,256.673706,40.876461
2019/7/1,31.200001,50.410145,44.803017,259.492615,41.359318
2019/7/2,31.24,51.395508,44.868282,261.584595,40.378658
2019/7/3,31.190001,52.340755,45.241261,265.356201,40.508087
2019/7/5,31.5,52.451958,44.830986,265.719604,39.880871
2019/7/8,32.040001,52.072006,44.588554,266.299133,39.129208
2019/7/9,33.150002,52.211014,44.523289,266.318817,39.154095
2019/7/10,33.790001,52.943123,44.952202,270.382202,39.838558
2019/7/11,33.060001,53.100651,45.315853,273.737274,41.386703
2019/7/12,33.209999,53.703018,46.54665,277.11203,41.717731
2019/7/15,34.389999,53.795685,46.733135,277.997528,41.63311
2019/7/16,33.849998,53.397205,45.847336,276.354462,41.585823
2019/7/17,33.599998,53.01725,46.052464,276.108398,42.240425
2019/7/18,33,53.508411,46.5653,278.322235,42.357399
2019/7/19,32.509998,53.156261,46.873001,274.819611,41.92432
2019/7/22,32.849998,53.499146,47.880016,276.620087,42.641151
2019/7/23,33.490002,53.480614,48.252987,277.358032,43.721367
2019/7/24,34.110001,53.035793,49.343925,276.826691,44.468067
2019/7/25,33.669998,52.470493,48.635281,277.062805,43.153881
2019/7/26,34.02,52.387089,48.103802,279.197845,43.574516
2019/7/29,33.48,52.757771,48.961632,276.816864,43.512299
2019/7/30,33.869999,52.331486,48.206375,275.114746,43.669098
2019/7/31,30.450001,51.339909,47.134075,272.841919,41.994007
2019/8/1,29.860001,51.330643,46.155033,273.481415,41.048199
2019/8/2,29.440001,49.347469,45.390438,270.214996,40.119816
2019/8/5,27.99,47.605255,43.796001,259.283966,37.531284
2019/8/6,28.860001,48.745106,44.082306,265.738312,37.919559
2019/8/7,29.190001,48.504162,43.866405,264.242767,38.30286
2019/8/8,33.919998,49.264069,44.279434,272.241791,39.390541
2019/8/9,34.189999,48.587566,43.162365,272.113922,38.375034
2019/8/12,32.43,47.762791,42.805645,268.257019,37.695553
2019/8/13,32.110001,48.856312,43.969666,274.652344,38.840477
2019/8/14,30.24,46.900948,43.059097,263.57373,37.35207
2019/8/15,29.67,42.860485,42.899517,264.114899,37.028507
2019/8/16,31.18,43.51844,43.65049,266.594238,39.714111
2019/8/19,31.48,44.945583,44.335758,269.811646,42.506741
2019/8/20,30.719999,44.417358,43.744366,268.44397,41.78244
2019/8/21,31.700001,45.195805,44.260666,271.789154,42.618744
2019/8/22,31.9,44.649033,43.913342,271.2677,42.680969
2019/8/23,29.540001,43.194103,42.204872,274.248871,40.430935
2019/8/26,30.280001,43.648178,42.768101,278.213959,41.180115
2019/8/27,30.200001,43.360909,42.984001,278.646851,40.271645
2019/8/28,30.780001,43.435047,42.984001,277.3974,40.167
2019/8/29,31.450001,43.805733,43.997822,282.316803,41.607052
2019/8/30,31.450001,43.379444,44.504734,283.713928,41.734116
2019/9/3,30.9,43.092152,44.101082,279.620941,40.901981
2019/9/4,30.950001,43.852066,45.922195,281.696899,42.045544
2019/9/5,31.5,44.871445,47.029884,287.600281,44.781155
2019/9/6,30.559999,45.260662,47.799633,283.162872,44.509583
2019/9/9,30.5,45.019722,48.428585,271.454681,44.970497
2019/9/10,30.23,45.603546,48.644485,263.249115,45.638199
2019/9/11,29.76,46.363449,49.555046,261.842102,45.924717
2019/9/12,30.209999,46.270786,49.761562,263.927948,45.909771
2019/9/13,30.690001,46.363449,49.320362,260.946777,45.329269
2019/9/16,30.83,46.298584,49.001205,261.537079,44.898254
2019/9/17,30.99,45.788898,48.766521,264.213226,45.112518
2019/9/18,30.42,45.724022,48.569393,263.947632,44.840939
2019/9/19,30.290001,45.585014,48.409801,265.669403,44.083553
2019/9/20,30.049999,45.964962,47.611897,264.842926,43.024685
2019/9/23,30.639999,45.798161,47.780869,264.665833,43.560341
2019/9/24,29.52,45.520145,46.767048,260.582703,42.984818
2019/9/25,29.540001,45.974239,47.893509,262.137238,44.404942
2019/9/26,29.469999,45.251404,47.799633,265.374268,44.183205
2019/9/27,28.719999,45.260662,47.668217,258.949432,42.79298
2019/9/30,28.99,45.788898,48.372253,261.655182,43.368507
2019/10/1,28.76,44.241287,47.649437,260.041595,43.351063
2019/10/2,28.309999,43.147758,46.363396,256.253632,43.111885
2019/10/3,28.68,43.941429,46.96418,258.762512,45.172306
2019/10/4,29.01,44.370949,47.799633,262.786621,45.336739
2019/10/7,28.93,44.604385,47.518021,262.461914,45.924717
2019/10/8,28.23,43.31583,46.682564,256.784882,44.155792
2019/10/9,28.459999,43.736012,47.386604,260.274933,45.022823
2019/10/10,28.379999,43.09174,47.977997,263.755127,45.60083
2019/10/11,29.75,43.474564,48.897942,266.259338,46.338303
2019/10/14,30.530001,42.998356,48.475513,265.26355,46.472843
2019/10/15,30.719999,43.287823,49.423626,269.6409,48.924412
2019/10/16,30.809999,43.689327,49.235878,265.352264,48.386265
2019/10/17,31.139999,43.913422,48.682037,262.769226,48.406193
2019/10/18,30.969999,43.614624,48.212677,258.766541,47.45945
2019/10/21,32.029999,44.249561,48.935486,258.500336,48.834717
2019/10/22,31.51,44.398956,48.822842,249.755478,48.735062
2019/10/23,31.360001,43.932091,48.55061,252.358246,48.605511
2019/10/24,31.719999,43.334499,49.029366,255.246918,49.046494
2019/10/25,32.709999,43.792038,53.000145,254.034271,50.959919
2019/10/28,33.689999,44.044144,53.281769,254.960953,51.5205
2019/10/29,33.029999,44.109509,52.887505,254.842712,50.556309
2019/10/30,33.130001,44.408298,53.131561,256.617279,50.576241
2019/10/31,33.93,44.361607,53.065868,253.866623,50.082935
2019/11/1,34.889999,43.913422,53.047085,252.861069,50.474091
2019/11/4,36.290001,44.333603,54.079674,250.475189,52.44482
2019/11/5,36.150002,44.595039,54.023354,249.587906,52.223076
2019/11/6,35.93,45.071251,54.367874,249.844238,51.729774
2019/11/7,36.279999,45.211304,54.792622,255.690628,51.906666
2019/11/8,36.290001,45.594143,55.000275,253.225815,51.767155
2019/11/11,36.310001,44.91251,55.075787,254.389206,51.86681
2019/11/12,36.709999,45.164623,54.934208,256.311707,52.223076
2019/11/13,37.52,45.248657,54.641602,258.056732,51.963974
2019/11/14,38.349998,41.933907,54.56609,261.043945,52.267929
2019/11/15,38.560001,42.101974,54.707672,262.29599,50.872726
2019/11/18,39.880001,42.158005,54.981403,264.612885,52.888298
2019/11/19,41.290001,42.456802,55.075787,268.418427,51.819469
2019/11/20,40.98,42.092648,54.651039,269.621216,52.614243
2019/11/21,39.52,41.868542,54.953087,267.324036,52.365093
2019/11/22,39.150002,41.87788,54.377312,256.144043,52.541985
2019/11/25,39.790001,42.438122,55.509983,253.442734,55.113155
2019/11/26,38.990002,42.3074,55.594925,262.128387,54.064262
2019/11/27,39.41,42.242043,55.226807,258.45105,54.413315
2019/11/29,39.150002,42.3074,54.792622,255.237045,54.03933
2019/12/2,38.73,41.737827,54.424503,252.930038,52.171856
2019/12/3,38.900002,41.345654,52.923733,250.10054,51.775429
2019/12/4,39.689999,40.981503,52.876534,250.662521,52.214245
2019/12/5,39.619999,40.636024,52.933163,250.199127,52.044697
2019/12/6,39.630001,40.934818,53.622204,252.565277,52.899895
2019/12/9,38.93,40.990845,53.357922,252.161087,52.899895
2019/12/10,39.439999,41.177582,53.414547,248.759766,53.351181
2019/12/11,39.470001,41.345654,53.867611,248.345673,54.188923
2019/12/12,42.59,42.643543,54.320679,249.183701,55.866901
2019/12/13,41.150002,42.298058,54.547218,255.976486,55.846954
2019/12/16,42.349998,42.933002,54.462261,259.781982,56.136173
2019/12/17,42.77,43.362518,54.084717,256.725739,56.919064
2019/12/18,42.299999,43.549263,53.961998,259.486267,57.223236
2019/12/19,42.830002,44.707092,54.707672,260.324249,58.706738
2019/12/20,44.150002,44.305592,55.64212,263.331238,59.681618
2019/12/23,45.459999,44.91251,55.906414,262.522766,59.544483
2019/12/24,46.540001,44.61372,56.076309,260.600281,59.494621
2019/12/26,46.630001,44.679077,56.463295,263.104462,59.63673
2019/12/27,46.18,44.604385,56.708714,263.291779,59.058292
2019/12/30,45.52,44.43631,56.274521,259.131317,57.923855
2019/12/31,45.860001,44.781792,56.491611,258.234161,58.666851
2020/1/2,49.099998,45.543667,57.426067,262.40448,59.81625
2020/1/3,48.599998,44.800602,56.727596,260.649567,58.858829
2020/1/6,48.389999,44.96051,56.567127,262.65094,59.105663
2020/1/7,48.25,44.668919,55.623249,262.710083,59.821236
2020/1/8,47.830002,44.697132,55.660999,269.029694,59.93343
2020/1/9,48.970001,44.509014,55.972477,271.548553,60.591663
2020/1/10,48.169998,44.330307,55.632679,271.894257,60.915787
2020/1/13,48.75,45.120407,56.246208,272.674622,62.825634
2020/1/14,48.209999,44.951099,56.095184,269.355591,61.653797
2020/1/15,48.549999,45.158031,55.632679,269.671753,61.227451
2020/1/16,49.77,46.136246,56.312279,273.494507,62.065186
2020/1/17,50.93,46.108032,56.255646,279.401611,62.152454
2020/1/21,51.049999,45.9011,57.15234,281.535339,61.818348
2020/1/22,51.43,46.155056,59.210011,286.741058,62.359398
2020/1/23,51.709999,46.089218,59.766907,285.061737,63.045044
2020/1/24,50.349998,45.948128,64.627914,284.567841,62.451649
2020/1/27,49.259998,44.650105,62.003922,280.300568,59.888557
2020/1/28,50.529999,44.932289,63.533012,284.646881,61.825836
2020/1/29,47.509998,44.255054,62.607998,282.434204,61.219963
2020/1/30,48.779999,44.433769,62.74015,283.135529,61.287285
2020/1/31,47,43.23922,60.342674,276.961761,58.948582
2020/2/3,48.02,43.765945,60.80518,279.352264,59.920963
2020/2/4,49.450001,44.791199,61.786819,287.37326,61.616402
2020/2/5,49.84,45.571896,63.561325,286.276764,62.521458
2020/2/6,49.32,45.79763,63.637207,290.623138,63.391613
2020/2/7,49.73,45.120407,62.62228,291.117004,62.728401
2020/2/10,52.259998,45.966938,62.97324,294.110046,65.565765
2020/2/11,53.799999,46.211494,63.940746,293.300079,66.79245
2020/2/12,53.889999,46.963978,63.988174,295.009033,67.95182
2020/2/13,54.529999,44.509014,63.969204,294.208862,67.513008
2020/2/14,55.310001,44.17981,63.807941,300.580261,72.252739
2020/2/18,56.889999,43.82238,62.736099,299.869019,73.943169
2020/2/19,58.900002,43.540207,63.656197,301.884125,78.463486
2020/2/20,57.27,44.066936,62.081608,297.567383,76.967522
2020/2/21,53.279999,43.549606,61.028736,293.942108,73.319855
2020/2/24,49.119999,41.386238,58.581524,282.937958,68.136314
2020/2/25,47.57,40.201088,56.655991,281.327789,65.336357
2020/2/26,47.490002,39.655537,56.58012,276.675262,66.732605
2020/2/27,44.009998,37.661484,52.956707,265.493256,63.017891
2020/2/28,45.48,37.558018,52.662663,262.608887,67.376259
2020/3/2,47.459999,38.72435,55.185764,277.751984,68.962929
2020/3/3,46.75,37.661484,53.089504,264.969696,66.333443
2020/3/4,50.110001,38.931278,55.660034,282.068695,70.978714
2020/3/5,48.110001,37.219398,54.028545,283.678802,68.179565
2020/3/6,48.59,37.322865,52.899799,272.812958,66.370857
2020/3/9,43.27,35.70504,48.233002,256.86972,61.231632
2020/3/10,45.380001,37.699104,51.201923,266.372437,65.133453
2020/3/11,45.700001,34.849091,49.001316,257.936523,61.488594
2020/3/12,39.009998,31.227797,43.196285,235.039154,53.964375
2020/3/13,43.900002,35.404037,51.628757,258.065002,60.084038
2020/3/16,38.709999,31.707502,42.314148,220.706039,48.997284
2020/3/17,41.880001,33.391171,47.502632,236.254181,54.203876
2020/3/18,39.119999,34.914936,45.159748,222.326065,50.598927
2020/3/19,39.82,35.469883,43.575699,213.257965,53.131119
2020/3/20,39.610001,33.485229,43.471367,199.379272,51.329891
2020/3/23,41.639999,32.544628,47.02837,192.346069,53.061264
2020/3/24,46.220001,36.307018,49.703232,230.969391,62.164677
2020/3/25,44.630001,35.432262,48.62191,229.744492,61.276543
2020/3/26,47.5,38.169403,52.681633,245.361771,64.175461
2020/3/27,46.580002,36.513947,49.674778,226.889725,63.050323
2020/3/30,47.860001,37.924843,52.634205,235.147827,66.258606
2020/3/31,45.48,36.974842,51.334709,227.195969,65.762138
2020/4/1,43.66,36.053059,49.209999,215.4608,60.640377
2020/4/2,44.490002,37.790665,51.552876,222.474213,63.733887
2020/4/3,42.59,37.088028,51.344193,215.727493,60.849934
2020/4/6,47.52,39.338375,55.422897,237.192551,66.959633
2020/4/7,47.560001,38.588261,55.394451,236.83696,64.622025
2020/4/8,48.790001,39.632729,55.944595,242.931747,66.5979
2020/4/9,48.380001,39.119991,54.199295,249.564362,65.599976
2020/4/13,50.939999,39.138977,55.679008,247.574554,67.321373
2020/4/14,54.93,40.62022,57.538136,258.69162,70.838997
2020/4/15,54.990002,39.423836,55.84026,249.425751,70.063118
2020/4/16,56.950001,39.404842,57.661446,254.850647,73.520882
2020/4/17,56.599998,40.335369,57.253578,262.690979,72.927109
2020/4/20,56.970001,40.392342,56.1343,261.344635,71.612373
2020/4/21,52.919998,38.502804,53.459431,246.644012,67.236549
2020/4/22,55.919998,39.651707,57.006958,261.196198,71.387848
2020/4/23,55.900002,39.518787,56.001507,255.464386,70.853973
2020/4/24,56.18,40.373348,56.210186,261.008087,72.246048
2020/4/27,56.490002,40.886086,56.409382,269.095886,74.114632
2020/4/28,55.509998,40.344868,55.726429,263.631439,72.687622
2020/4/29,53.66,41.151947,58.619469,270.679779,74.4589
2020/4/30,52.389999,40.240417,56.893131,267.096191,72.917145
2020/5/1,49.880001,38.854126,54.512314,258.50354,70.547119
2020/5/4,52.560001,39.262421,55.005547,265.08667,72.670151
2020/5/5,52.189999,39.366863,55.726429,271.719299,73.28138
2020/5/6,52.16,39.072514,56.451385,273.095245,74.291756
2020/5/7,51.950001,39.281406,56.441845,277.975616,76.05806
2020/5/8,53.189999,40.819622,56.918797,277.540131,77.961578
2020/5/11,55.740002,41.132965,57.35759,284.944855,80.486259
2020/5/12,53.759998,41.03801,55.697815,278.846832,77.861778
2020/5/13,52.18,39.832127,55.077785,274.372284,77.637245
2020/5/14,54.509998,41.636204,56.356007,277.451019,80.137001
2020/5/15,54.200001,42.034996,55.592888,281.529572,84.729881
2020/5/18,54.59,42.785114,57.157272,287.449402,87.319443
2020/5/19,55.470001,42.357834,57.510216,283.865845,87.870789
2020/5/20,56.389999,43.145931,60.190647,287.568207,89.512344
2020/5/21,54.650002,42.386314,59.122288,287.08313,87.568932
2020/5/22,55.169998,42.633194,59.389378,284.717163,90.073662
2020/5/26,53.189999,42.576221,59.465691,279.361633,86.995132
2020/5/27,52.740002,43.639675,60.629444,278.381531,85.074165
2020/5/28,51.740002,43.297852,58.855202,281.014801,84.692444
2020/5/29,53.799999,45.405773,60.028492,287.399933,88.569328
2020/6/1,53.630001,43.962513,59.007828,287.033691,87.878273
2020/6/2,53.540001,44.522724,59.255836,284.291443,88.067879
2020/6/3,52.73,44.570198,59.0746,287.182159,87.511536
2020/6/4,52.630001,44.494244,60.066647,280.074371,87.52153
2020/6/5,53.099998,45.415272,61.37347,285.212158,89.054016
2020/6/8,52.970001,45.700119,60.734367,290.102448,87.905899
2020/6/9,56.389999,45.624165,60.133419,288.320587,90.311958
2020/6/10,57.439999,45.025967,60.925144,292.894073,93.514206
2020/6/11,52.830002,41.46529,56.947414,275.075195,87.818542
2020/6/12,53.5,42.794609,56.594475,277.856842,89.178802
2020/6/15,54.68,43.060474,57.328968,280.292145,91.587372
2020/6/16,54.459999,44.133423,57.615143,285.677399,90.536583
2020/6/17,54.549999,43.839073,57.700989,283.608459,92.208855
2020/6/18,54.040001,43.516243,57.309898,284.341003,92.029152
2020/6/19,54.23,43.03199,56.871098,283.440186,92.460945
2020/6/22,54.759998,42.880062,57.319435,291.161652,95.11158
2020/6/23,53.990002,43.174416,57.157272,290.874634,94.345345
2020/6/24,52.389999,42.490765,56.36554,283.252075,92.203857
2020/6/25,51.93,42.937038,55.812283,285.845673,94.74469
2020/6/26,50.099998,43.972008,54.84885,283.638123,91.400169
2020/6/29,50.279999,43.820087,55.583351,285.024078,91.849442
2020/6/30,52.610001,44.285343,57.071423,293.210876,94.822075
2020/7/1,52.580002,43.734627,56.09845,299.536591,95.144043
2020/7/2,52.34,43.667641,56.403694,302.229248,95.965187
2020/7/6,53.400002,44.42366,56.794792,306.535492,98.231461
2020/7/7,52.93,43.667641,55.621506,304.832764,98.555946
2020/7/8,53.43,43.839897,55.907669,307.258179,101.992813
2020/7/9,57.259998,44.691628,55.726429,305.334381,104.918007
2020/7/10,55.880001,44.653343,56.785252,304.977386,104.621002
2020/7/13,53.59,43.954739,55.879055,295.150299,100.357986
2020/7/14,54.720001,44.270542,56.260612,282.982971,103.600166
2020/7/15,55.34,44.404522,56.308308,287.544495,102.105125
2020/7/16,54.919998,43.811188,56.413235,283.310242,101.181641
2020/7/17,55.040001,44.739471,57.233585,286.850281,101.848045
2020/7/20,57.459999,44.950012,58.330559,296.221313,104.935493
2020/7/21,57,44.997864,57.901302,295.388275,103.115974
2020/7/22,61.790001,44.883022,58.235172,293.960327,104.21666
2020/7/23,59.57,45.37109,57.615143,289.111237,101.131721
2020/7/24,69.400002,44.404522,48.25745,286.265228,101.77816
2020/7/27,68.970001,45.160545,47.284477,293.67276,104.044441
2020/7/28,67.610001,44.289684,46.969696,294.317352,101.987808
2020/7/29,76.089996,44.701187,45.853638,299.652313,104.483727
2020/7/30,78.199997,44.442802,45.777325,301.397614,105.966301
2020/7/31,77.43,45.074413,45.529316,303.807281,105.973778
2020/8/3,77.669998,45.13184,46.073036,309.092743,109.922302
2020/8/4,85.040001,45.619904,46.864761,308.041595,112.093742
2020/8/5,85.309998,45.294533,46.664444,308.348969,112.682777
2020/8/6,86.709999,45.715607,46.645241,309.618256,113.169479
2020/8/7,84.849998,45.390228,46.126637,306.841705,111.811714
2020/8/10,82.239998,45.677322,47.269485,301.63562,111.467285
2020/8/11,76.879997,45.160545,46.2803,296.697266,108.322433
2020/8/12,82.610001,46.031414,47.240669,302.200806,114.215271
2020/8/13,81.839996,40.882786,46.635639,304.14444,114.242729
2020/8/14,81.300003,40.672245,46.952557,302.984253,115.450745
2020/8/17,82.419998,40.279877,46.990974,305.433563,123.168106
2020/8/18,81.660004,40.174606,46.722069,306.316101,122.406837
2020/8/19,81.089996,40.06934,46.414753,307.952301,121.186348
2020/8/20,82.769997,40.490417,47.221462,317.382751,121.211304
2020/8/21,83.809998,40.432999,47.327099,319.534607,126.627426
2020/8/24,83.080002,40.366009,47.192646,330.333496,126.994308
2020/8/25,86.349998,40.155468,47.471161,333.605927,127.291344
2020/8/26,86.019997,40.432999,47.586399,339.476379,127.520973
2020/8/27,83.800003,40.471283,47.442352,342.114166,126.075836
2020/8/28,85.550003,40.385147,48.43153,343.214844,131.262314
2020/8/31,90.82,40.404285,48.930927,342.500916,133.526108
2020/9/1,92.18,40.222454,48.777267,344.275879,138.025101
2020/9/2,90.220001,40.595688,50.179405,351.217316,143.273056
2020/9/3,82.540001,39.188911,48.393112,336.789032,129.980881
2020/9/4,82.010002,39.064499,48.095406,330.323608,126.056122
2020/9/8,78.690002,38.279762,46.971764,318.136414,118.970619
2020/9/9,81.910004,38.404175,47.653625,325.46463,126.979897
2020/9/10,78.980003,37.868259,47.019787,317.709991,122.952789
2020/9/11,76.339996,38.164925,47.327099,312.365112,121.482254
2020/9/14,77.900002,38.63385,47.45195,315.6474,128.550278
2020/9/15,78.93,38.853962,48.01857,319.772614,129.736191
2020/9/16,76.660004,38.681702,48.373909,310.758667,124.97757
2020/9/17,76.550003,38.63385,48.325886,304.660095,124.468262
2020/9/18,74.93,38.097939,47.912926,297.619476,121.729424
2020/9/21,77.940002,37.361046,47.749668,305.12619,125.005035
2020/9/22,77.699997,37.629005,47.970551,314.626038,126.208427
2020/9/23,74.730003,36.633732,46.885334,302.379333,121.075287
2020/9/24,75.82,36.222229,47.211864,306.008698,123.314796
2020/9/25,78.059998,36.796429,47.960945,315.835846,128.565262
2020/9/28,79.480003,37.447174,49.391903,322.826813,130.175613
2020/9/29,81.769997,37.380188,49.161411,320.932831,132.080566
2020/9/30,81.989998,37.695995,49.728031,323.481293,135.123978
2020/10/1,84.860001,37.473858,50.169807,329.560028,135.96286
2020/10/2,81.800003,36.961971,48.988544,319.197449,130.447754
2020/10/5,86.150002,37.251717,49.641594,328.588226,136.242477
2020/10/6,84.480003,37.251717,49.334282,322.658264,137.181244
2020/10/7,86.690002,38.053349,50.582756,332.108551,139.453186
2020/10/8,86.510002,38.430023,51.255016,332.774109,138.202347
2020/10/9,83.099998,38.487965,50.726818,339.549011,137.44339
2020/10/12,84.290001,38.980541,51.744812,348.608643,142.069656
2020/10/13,85.279999,38.449341,51.6968,347.277527,142.291885
2020/10/14,84.209999,38.526604,51.427891,343.0159,140.763931
2020/10/15,83.129997,38.60387,51.716,339.707977,139.513107
2020/10/16,83.169998,38.787376,52.013718,338.893372,137.930222
2020/10/19,82,37.956764,52.417076,333.052246,134.79689
2020/10/20,81.559998,37.860184,51.312645,332.297302,136.27243
2020/10/21,79.199997,37.724968,51.379871,330.588654,135.066544
2020/10/22,79.419998,37.493172,51.764019,329.625092,133.431259
2020/10/23,81.959999,37.493172,46.289906,332.207916,135.720688
2020/10/26,82.230003,36.382481,44.868553,325.919769,131.236694
2020/10/27,78.879997,35.609821,43.831348,328.085327,133.788269
2020/10/28,76.400002,34.489468,42.496429,316.403137,126.101067
2020/10/29,78.019997,34.47015,42.361984,323.456116,130.065765
2020/10/30,75.290001,34.672977,42.525242,312.59845,125.17231
2020/11/2,74.699997,34.672977,42.698112,314.326965,125.639191
2020/11/3,76.580002,35.426315,43.072659,322.582001,130.020828
2020/11/4,81.349998,35.320072,43.888969,340.73114,137.75795
2020/11/5,83,35.95752,44.188854,348.638458,141.410553
2020/11/6,85.879997,36.247265,43.908318,349.929901,145.425171
2020/11/9,83.120003,36.894363,44.111462,357.757721,136.125153
2020/11/10,77.989998,37.396595,43.956684,339.996063,127.529144
2020/11/11,81.279999,37.985744,44.836979,350.068939,134.000473
2020/11/12,81.839996,37.348297,43.482677,347.198059,134.387466
2020/11/13,81.43,39.984993,43.976032,354.588867,132.792114
2020/11/16,83.730003,41.086029,44.682205,354.69809,134.97168
2020/11/17,83.360001,40.448586,44.043747,356.376953,134.042938
2020/11/18,82.540001,39.907726,43.589092,352.393463,134.107849
2020/11/19,85.540001,39.762852,44.13081,359.049133,134.222687
2020/11/20,84.639999,39.569687,43.908318,345.390106,130.702408
2020/11/23,85.309998,40.216785,44.55645,341.058929,131.224213
2020/11/24,85.07,41.153637,45.475437,342.916595,129.404144
2020/11/25,86.709999,41.047398,45.514133,348.151703,132.170441
2020/11/27,87.190002,41.240559,45.901073,351.89679,132.435089
2020/11/30,92.660004,41.549622,46.77169,349.691467,133.835693
2020/12/1,92.629997,42.051853,47.942204,354.459717,133.720856
2020/12/2,93.739998,42.389881,48.271095,353.138519,135.263779
2020/12/3,92.309998,42.602371,49.325523,361.294189,133.820313
2020/12/4,94.040001,42.863136,50.292877,366.161804,135.441116
2020/12/7,94.07,42.83416,48.56131,369.728058,135.925613
2020/12/8,92.919998,42.853474,49.035309,370.125397,133.360779
2020/12/9,89.830002,43.16254,48.435547,361.771027,129.172653
2020/12/10,91.660004,42.805191,48.619347,360.102173,129.587234
2020/12/11,91.650002,42.805191,48.10664,361.910126,129.996796
2020/12/14,94.779999,42.727924,48.822495,363.092224,132.948685
2020/12/15,97.120003,43.191521,49.015961,358.045807,133.465668
2020/12/16,96.849998,43.191521,49.451275,366.817444,132.286896
2020/12/17,96.839996,43.288097,48.996616,377.804291,133.273361
2020/12/18,95.919998,43.886909,45.910748,377.595673,132.581604
2020/12/21,93.230003,43.34605,44.846661,373.443268,133.183472
2020/12/22,93.160004,43.16254,44.662857,377.456573,132.644028
2020/12/23,91.550003,42.863136,45.049801,374.426819,129.956833
2020/12/24,91.809998,43.01767,45.533478,378.638763,129.802002
2020/12/28,91.599998,43.384674,45.533478,378.598938,128.865479
2020/12/29,90.620003,43.11425,47.777748,375.827393,129.297501
2020/12/30,92.290001,42.959717,47.158634,373.065826,131.320419
2020/12/31,91.709999,43.220493,48.19371,377.337372,130.413864
2021/1/4,92.300003,42.801823,48.048603,369.241302,130.99826
2021/1/5,92.769997,42.821293,48.957924,366.429993,133.907715
2021/1/6,90.330002,43.230232,49.431927,358.612091,126.013451
2021/1/7,95.160004,43.775475,50.486347,366.19162,133.300858
2021/1/8,94.580002,43.872845,49.963974,372.579315,132.629044
2021/1/11,97.25,44.16494,49.857563,370.470001,136.072952
2021/1/12,95.360001,44.583607,51.502071,363.833496,134.706894
2021/1/13,91.779999,44.16494,55.090965,363.127045,135.176392
2021/1/14,90.790001,43.960472,57.315884,363.674286,131.864868
2021/1/15,88.209999,44.233093,55.700401,369.146698,128.460907
2021/1/19,89.449997,43.999413,56.097019,383.016693,130.116684
2021/1/20,88.75,44.145466,56.754814,387.504028,133.518127
2021/1/21,91.529999,43.921524,60.421101,379.832733,138.53038
2021/1/22,92.790001,43.590481,54.810429,372.967407,136.98201
2021/1/25,94.129997,43.843632,53.630249,372.549469,136.390121
2021/1/26,94.709999,44.06757,53.407764,372.917603,134.212387
2021/1/27,88.839996,44.495979,51.840645,361.286346,129.042786
2021/1/28,87.519997,44.145466,54.239693,368.092041,130.373901
2021/1/29,85.639999,43.405491,53.697968,359.415802,129.762039
2021/2/1,87.660004,44.203884,54.839447,371.703766,132.231964
2021/2/2,88.860001,44.622555,56.106689,382.180878,135.426132
2021/2/3,87.889999,44.564137,55.797134,378.240784,135.163895
2021/2/4,87.839996,46.005142,57.216099,390.757599,136.5
2021/2/5,87.900002,46.813278,56.622429,387.424438,135.76828
2021/2/8,91.470001,47.65062,57.576199,387.782623,144.236923
2021/2/9,90.910004,47.222214,57.206367,389.583527,142.483765
2021/2/10,92.349998,45.995407,57.284225,395.294708,147.488525
2021/2/11,92.660004,46.32645,59.036037,406.766815,152.34848
2021/2/12,93.769997,46.044094,60.155254,411.910797,149.456467
2021/2/16,91.459999,45.284637,60.797581,420.139282,153.142654
2021/2/17,89.940002,45.03149,60.19418,413.72168,148.904556
2021/2/18,88.639999,45.119122,59.960606,413.303802,148.135361
2021/2/19,89.580002,44.476509,61.323128,409.284119,149.109344
2021/2/22,85.370003,44.233093,59.084698,399.533295,143.407791
2021/2/23,84.739998,44.310982,59.483727,397.085632,141.272507
2021/2/24,86.940002,44.534927,61.498306,411.104858,144.838806
2021/2/25,82.419998,44.320721,58.783001,386.031464,132.936218
2021/2/26,84.510002,43.687847,59.152824,388.180603,137.001968
2021/3/1,86.389999,44.710178,61.196609,404.368896,138.273148
2021/3/2,84.129997,44.320721,59.600513,399.7323,133.922699
2021/3/3,80.860001,43.940998,58.296383,386.757782,127.913971
2021/3/4,77.75,43.386017,56.768417,374.439911,123.573486
2021/3/5,78.519997,45.03149,59.113899,380.290436,124.485046
2021/3/8,73.959999,46.258289,58.247719,368.559662,115.811607
2021/3/9,78.529999,46.628281,60.992226,382.648499,125.115112
2021/3/10,77.519997,47.017746,60.583469,380.8974,124.595474
2021/3/11,81.230003,47.514305,61.615097,397.165253,129.844315
2021/3/12,81.050003,47.533783,61.216076,393.961456,128.470261
2021/3/15,82.5,48.108234,62.082245,394.846954,131.820435
2021/3/16,82.75,48.361382,63.045738,393.434113,132.819717
2021/3/17,82.629997,48.117973,64.018967,389.752686,133.319382
2021/3/18,78.120003,47.514305,62.023846,372.091797,127.136192
2021/3/19,79.059998,47.689564,62.053043,379.365112,128.367844
2021/3/22,80.300003,48.974792,63.872978,381.096344,131.770447
2021/3/23,78.379997,48.692429,61.78054,381.275482,130.616272
2021/3/24,76.480003,48.341915,60.379093,375.395142,126.341751
2021/3/25,76.220001,49.179253,60.359627,370.519745,125.264999
2021/3/26,77.410004,51.184982,63.133331,374.688721,128.302872
2021/3/29,77.139999,51.136299,62.773239,372.738525,129.39212
2021/3/30,76,50.406059,62.062778,371.783386,128.627655
2021/3/31,78.5,50.347637,62.286621,381.136139,133.389328
2021/4/1,81.089996,50.610523,62.821903,393.245056,138.021072
2021/4/5,81.43,51.395035,64.758621,400.120331,139.777374
2021/4/6,81.440002,51.022392,63.804852,399.185059,138.51825
2021/4/7,82.199997,50.767426,64.476379,399.035828,141.336273
2021/4/8,83.349998,50.904713,65.254974,409.254272,143.070068
2021/4/9,82.760002,51.081234,66.432579,416.109497,143.89949
2021/4/12,78.580002,50.571301,63.658878,414.435516,151.983826
2021/4/13,80.190002,50.659554,63.473961,417.434723,156.685547
2021/4/14,78.550003,50.375172,62.471535,409.812195,152.663376
2021/4/15,83.010002,50.639942,63.279316,416.059662,161.259857
2021/4/16,82.150002,51.777481,63.016541,414.325958,159.013931
2021/4/19,81.110001,51.826511,61.926529,400.844543,153.510254
2021/4/20,79.269997,50.787041,61.021423,403.913483,151.606598
2021/4/21,81.610001,50.924328,61.994652,407.480652,153.497772
2021/4/22,79.059998,50.502655,60.894905,405.31839,148.398834
2021/4/23,82.760002,50.904713,57.654053,413.429169,152.545944
2021/4/26,85.410004,50.639942,57.186905,416.787079,154.671967
2021/4/27,85.209999,50.375172,56.418053,414.624817,153.710129
2021/4/28,84.019997,50.120205,56.077423,414.306,152.660873
2021/4/29,83.910004,50.463428,56.719753,414.654724,153.140518
2021/4/30,81.620003,49.92408,55.98983,410.679077,149.990234
2021/5/3,78.550003,50.179043,55.727062,409.86203,148.263931
2021/5/4,78.610001,49.727951,55.376698,396.191315,143.412323
2021/5/5,77.830002,50.139824,55.328037,390.631378,144.48407
2021/5/6,77.889999,51.42445,56.001743,392.654083,145.128616
2021/5/7,78.809998,52.395279,56.471767,399.59903,148.019104
2021/5/10,75.989998,52.130508,54.807095,391.129578,142.557938
2021/5/11,76.830002,51.8069,53.89642,393.57077,142.962646
2021/5/12,74.639999,50.600716,52.505917,398.453186,137.488953
2021/5/13,73.089996,51.473488,52.887817,402.070129,136.557114
2021/5/14,74.589996,51.875542,54.19997,415.760773,142.330566
2021/5/17,74.650002,51.914764,54.180393,417.913025,141.556122
2021/5/18,74.440002,51.904964,53.700569,415.930115,140.059677
2021/5/19,76.230003,51.453873,54.20977,419.686615,140.559326
2021/5/20,78.059998,51.826511,54.78751,433.706055,146.02301
2021/5/21,77.169998,51.414646,54.91481,431.872681,149.812866
2021/5/24,77.440002,52.356052,55.776524,438.827576,156.011017
2021/5/25,77.860001,52.277603,55.688393,437.412659,156.368256
2021/5/26,78.339996,51.885345,55.737354,441.218933,156.890427
2021/5/27,78.419998,51.895153,56.530521,430.557404,154.771881
2021/5/28,80.080002,51.875542,55.933201,437.512299,162.331619
2021/6/1,80.809998,51.600964,55.707977,437.083862,162.531479
2021/6/2,81.970001,51.934383,56.285717,443.839508,167.665375
2021/6/3,80.279999,52.297218,55.071487,448.941132,169.579041
2021/6/4,81.580002,53.022884,56.178005,460.270264,175.659805
2021/6/7,81.349998,52.87579,55.903824,455.5672,176.067017
2021/6/8,80.889999,53.081726,55.815693,463.588318,174.448151
2021/6/9,79.959999,52.973854,55.815693,466.647247,173.501083
2021/6/10,81.559998,53.964294,56.187798,469.636444,174.168274
2021/6/11,81.309998,53.709328,56.648029,470.463501,178.168884
2021/6/14,81.550003,53.120945,56.980965,475.256195,180.102997
2021/6/15,80.470001,52.748306,56.785126,469.018707,177.801559
2021/6/16,80.110001,52.434505,56.031124,467.653625,178.018967
2021/6/17,84.559998,52.101089,55.991955,473.024261,186.484985
2021/6/18,84.650002,51.061615,54.513329,471.699066,186.300079
2021/6/21,82.589996,52.15012,54.709171,476.182861,184.186081
2021/6/22,83.580002,52.228569,54.709171,475.844116,188.778915
2021/6/23,83.82,51.738255,54.111847,476.870422,190.483109
2021/6/24,86.099998,51.757862,54.905014,480.885895,191.96492
2021/6/25,85.620003,52.032444,54.748337,484.343445,190.220749
2021/6/28,87.080002,51.934383,56.285717,485.240204,199.756271
2021/6/29,89.519997,51.885345,55.570885,489.634369,200.173584
2021/6/30,93.93,51.973606,54.973564,488.408783,199.931183
2021/7/1,93.309998,52.405083,54.846256,489.285614,202.025208
2021/7/2,94.699997,52.869198,55.580673,495.85199,204.773911
2021/7/6,94.470001,52.316212,54.924599,499.169983,206.887924
2021/7/7,90.540001,52.592705,54.797302,504.271606,203.621948
2021/7/8,89.739998,52.592705,54.239147,504.271606,198.934143
2021/7/9,90.900002,53.066692,54.826679,502.705414,200.408463
2021/7/12,90.809998,52.56308,55.5513,503.872559,205.028793
2021/7/13,90.260002,52.651955,55.688393,505.45871,202.405029
2021/7/14,89.050003,53.412308,55.345669,504.331451,198.32193
2021/7/15,86.93,52.977821,54.650417,501.947266,189.573563
2021/7/16,85.889999,53.027191,53.827869,500.29129,181.524826
2021/7/19,86.580002,52.395214,53.504726,497.567902,187.709427
2021/7/20,87.110001,52.908699,54.092262,507.324158,186.0327
2021/7/21,89.410004,53.204941,55.061687,513.199829,194.008957
2021/7/22,91.209999,53.856667,54.797302,520.043213,195.848099
2021/7/23,92.150002,54.538025,51.8988,527.145813,195.488266
2021/7/26,91.82,54.775017,53.181583,528.023743,192.849503
2021/7/27,91.029999,54.587395,52.075062,521.639221,191.989914
2021/7/28,97.93,54.083786,51.96735,521.828796,194.938522
2021/7/29,102.949997,54.380032,52.584259,524.232971,196.527771
2021/7/30,106.190002,54.67627,52.60384,528.682068,194.89856
2021/8/2,108.629997,54.755268,52.564671,526.228149,197.407364
2021/8/3,112.559998,55.545242,52.936775,528.891602,198.057053
2021/8/4,118.769997,54.992256,52.780102,534.757324,202.644913
2021/8/5,112.349998,55.061382,53.113228,536.702576,206.273193
2021/8/6,110.110001,54.893513,53.142796,532.991577,203.564499
2021/8/9,107.580002,54.775017,53.270924,533.929321,202.854813
2021/8/10,106.480003,54.913261,53.162506,528.841736,199.266495
2021/8/11,107.68,55.16013,53.359627,530.936584,196.897614
2021/8/12,106.5,55.683487,52.768276,535.615234,198.956635
2021/8/13,110.550003,55.762489,52.718994,539.425903,201.785324
2021/8/16,107.480003,55.574867,52.699284,541.620605,199.406433
2021/8/17,107.559998,55.30825,51.930527,534.5578,194.488739
2021/8/18,103.440002,54.45903,51.437733,531.684814,190.310699
2021/8/19,103.699997,56.552464,51.684128,542.119385,197.887131
2021/8/20,104.650002,57.490562,51.260326,543.974854,208.062363
2021/8/23,108.769997,57.806557,52.462742,551.1474,219.47702
2021/8/24,107.650002,58.576782,53.034382,552.673706,217.827774
2021/8/25,108.300003,58.606403,53.034382,554.259827,222.025818
2021/8/26,107.269997,58.458282,52.364185,551.296997,220.576492
2021/8/27,111.400002,58.28054,53.113228,564.564758,226.253815
2021/8/30,111.32,58.389164,53.162506,564.195618,226.77359
2021/8/31,110.720001,58.28054,53.280777,564.734253,223.78447
2021/9/1,109.989998,58.300289,52.896397,561.761536,224.344315
2021/9/2,109.199997,58.784145,52.955536,558.429688,223.89444
2021/9/3,109.919998,58.675526,52.738705,561.881287,228.363129
2021/9/7,109.150002,58.142296,52.87669,559.107971,226.55365
2021/9/8,106.169998,57.944801,52.797844,566.210693,223.3246
2021/9/9,106.150002,57.865803,52.630291,566.3703,221.705078
2021/9/10,105.199997,57.164696,53.06395,566.001221,224.714203
2021/9/13,104.800003,57.372063,54.197376,556.06543,221.455154
2021/9/14,105.730003,57.144947,53.73415,566.889038,222.354889
2021/9/15,105.599998,56.838833,54.325497,570.719666,223.344604
2021/9/16,106.220001,56.611713,54.03968,571.487854,222.354889
2021/9/17,103.879997,56.137726,53.477894,560.484619,218.935883
2021/9/20,101.550003,55.189754,52.216347,553.052795,211.068192
2021/9/21,102.82,54.567646,52.107929,553.900696,212.397812
2021/9/22,104.379997,54.82439,52.728848,561.432312,219.345764
2021/9/23,106.150002,55.979733,53.251209,575.96698,224.754181
2021/9/24,105.800003,56.01923,53.438473,576.515564,220.745361
2021/9/27,108.160004,55.515625,53.872128,565.63208,216.536591
2021/9/28,101.519997,54.82439,53.221642,543.685547,206.929413
2021/9/29,100.349998,54.784893,52.718994,545.600891,205.109924
2021/9/30,102.900002,53.748047,52.51202,538.198975,207.09935
2021/10/1,102.449997,54.44915,53.083664,542.648071,207.359268
2021/10/4,100.339996,53.912315,52.699284,524.073303,197.262238
2021/10/5,101.809998,54.369617,53.172367,532.053894,204.450119
2021/10/6,103.639999,53.624012,53.201931,533.310852,206.939392
2021/10/7,106.449997,54.697685,53.399048,537.106445,210.688293
2021/10/8,105.059998,54.757336,53.034382,530.504089,208.249008
2021/10/11,104.68,54.608215,52.669716,524.80072,206.88942
2021/10/12,105.040001,53.962021,51.418018,526.438843,206.64949
2021/10/13,109.160004,54.30003,51.506721,534.319702,209.32869
2021/10/14,111.989998,55.323997,53.123085,543.149475,217.396347
2021/10/15,112.120003,54.926338,53.675011,551.519653,218.555984
2021/10/18,116.43,54.866688,53.684868,563.905334,222.154938
2021/10/19,116.330002,55.413471,54.4142,572.135742,222.834747
2021/10/20,116.389999,55.870773,54.571896,569.868408,220.965286
2021/10/21,119.330002,55.363758,55.192814,577.679321,226.853577
2021/10/22,119.82,54.787159,48.747082,590.114868,227.193466
2021/10/25,122.360001,54.816982,48.697803,601.861267,231.592194
2021/10/26,122.93,55.483059,47.584091,607.904236,247.097641
2021/10/27,122.279999,55.850891,47.199715,612.419006,244.438416
2021/10/28,121.160004,55.910542,47.386978,614.69635,249.33699
2021/10/29,120.230003,55.64212,48.293713,625.264099,255.595154
2021/11/1,125.230003,55.771358,48.835785,608.104004,258.194366
2021/11/2,127.629997,57.282455,49.141315,617.672913,263.932709
2021/11/3,130.529999,57.312283,49.663677,622.147705,265.90213
2021/11/4,137.5,56.785381,49.929653,624.954468,297.92276
2021/11/5,136.339996,56.735676,50.535038,614.276855,297.432892
2021/11/8,150.160004,56.666088,51.160278,614.53656,307.949829
2021/11/9,148.919998,57.103508,50.812923,612.069458,306.480255
2021/11/10,139.869995,57.431576,50.376247,603.279602,294.503754
2021/11/11,146.009995,56.42749,50.147987,606.16626,303.811035
2021/11/12,147.889999,56.487141,49.929653,626.262939,303.811035
2021/11/15,146.490005,56.934505,49.939575,625.41394,300.162109
2021/11/16,152.449997,56.666088,50.227386,645.011169,301.941589
2021/11/17,151.339996,56.42749,49.850258,634.323547,292.524323
2021/11/18,155.020004,53.31583,49.304417,628.210693,316.657288
2021/11/19,155.410004,52.938053,49.145626,691.53717,329.753448
2021/11/22,152.520004,54.280144,49.453285,660.862793,319.466431
2021/11/23,149.919998,54.976044,48.728798,669.852356,317.367065
2021/11/24,157.800003,55.214642,49.383808,683.206848,326.644318
2021/11/26,154.809998,54.349735,48.411217,666.136597,314.937744
2021/11/29,161.910004,55.43335,49.621998,693.854431,333.662292
2021/11/30,158.369995,54.518742,48.828045,651.543579,326.664337
2021/12/1,149.110001,54.707626,48.232578,663.120178,314.296448
2021/12/2,150.679993,55.821068,49.125778,671.340576,321.205292
2021/12/3,144.009995,55.900597,48.877666,647.208618,306.877716
2021/12/6,139.059998,56.62632,50.604515,644.591675,300.318817
2021/12/7,144.850006,57.739761,52.172565,672.519226,324.214752
2021/12/8,145.240005,56.68597,51.358765,672.279541,318.20578
2021/12/9,138.100006,57.212864,50.098366,664.738281,304.848053
2021/12/10,138.550003,58.902905,50.207535,677.163879,301.928558
2021/12/13,133.800003,58.266655,49.621998,667.964539,281.562012
2021/12/14,135.600006,57.431576,49.324265,638.738464,283.321716
2021/12/15,146.5,59.578922,50.28693,646.739136,304.538116
2021/12/16,138.639999,59.956699,50.445724,633.224854,283.821625
2021/12/17,137.75,60.105816,50.237309,619.55072,277.962646
2021/12/20,135.800003,60.006405,49.225018,603.928894,277.142792
2021/12/21,144.25,60.672478,50.386177,620.349792,290.70047
2021/12/22,143.880005,61.169548,50.584663,630.92749,293.949921
2021/12/23,146.139999,61.915154,50.922092,634.972839,296.349487
2021/12/27,154.360001,63.048477,51.547329,652.013062,309.397308
2021/12/28,153.149994,63.157833,51.36869,649.02655,303.168335
2021/12/29,148.259995,63.585312,51.438164,647.278564,299.958893
2021/12/30,145.149994,63.247307,51.348843,642.613953,295.809601
