Start:,31/01/1963,,,,,,,,,,,,,,,,
Divide by 100:,1,1,1,1,1,1,1,1,1,1,0,0,0,0,1,1,0
Differences:,0,0,0,0,0,0,0,0,D,D,R,ER,D,R,D,D,R
,14,17,18,19,20,22,23,24,NA,27,NA,6,10,NA,NA,NA,NA
,US_1M,US_1Y,US_2Y,US_3Y,US_5Y,US_10Y,US_20Y,US_30Y,US_10Y_1Y,vol_10Y,INDPRO,SPY,vol_SPY,PAYEMS,BAA10YM,BAA,CPI_Core
31/01/1963,0,3.03,0,3.41,3.65,3.87,3.96,0,0.84,0.198066216,26.7,66.199997,0.094534039,56115,1.08,4.91,31.5
28/02/1963,0,3.02,0,3.42,3.68,3.94,3.97,0,0.92,0.19736971,27,64.290001,0.08118154,56230,0.97,4.89,31.6
31/03/1963,0,3.09,0,3.44,3.71,3.95,4,0,0.86,0.147363841,27.17,66.57,0.075570514,56320,0.95,4.88,31.7
30/04/1963,0,3.11,0,3.54,3.73,3.95,4.04,0,0.84,0.132447623,27.42,69.800003,0.065924553,56580,0.9,4.87,31.7
31/05/1963,0,3.2,0,3.59,3.78,3.96,4.03,0,0.76,0.142218103,27.75,70.800003,0.055358342,56616,0.92,4.85,31.7
30/06/1963,0,3.19,0,3.61,3.82,4,4.03,0,0.81,0.140494486,27.83,69.370003,0.059317235,56659,0.85,4.84,31.8
31/07/1963,0,3.5,0,3.77,3.88,4,4.03,0,0.5,0.135999128,27.72,69.129997,0.067348549,56794,0.82,4.84,31.8
31/08/1963,0,3.59,0,3.81,3.93,4.02,4.04,0,0.43,0.119910513,27.78,72.5,0.067545636,56910,0.83,4.83,31.9
30/09/1963,0,3.59,0,3.82,3.94,4.07,4.08,0,0.48,0.143872001,28.05,71.699997,0.063679714,57078,0.76,4.84,31.9
31/10/1963,0,3.68,0,3.92,4.01,4.15,4.15,0,0.47,0.130486919,28.25,74.010002,0.068492806,57283,0.72,4.83,32
30/11/1963,0,3.74,0,3.94,3.99,4.08,4.15,0,0.34,0.126892454,28.39,73.230003,0.127695042,57255,0.72,4.84,32
31/12/1963,0,3.83,0,4.05,4.06,4.14,4.19,0,0.31,0.141720661,28.33,75.019997,0.127992605,57361,0.72,4.85,32.1
31/01/1964,0,3.76,0,4,4.03,4.15,4.18,0,0.39,0.149835126,28.58,77.040001,0.122197822,57487,0.66,4.83,32.2
29/02/1964,0,3.91,0,4.07,4.1,4.18,4.19,0,0.27,0.132447623,28.77,77.800003,0.043307075,57753,0.68,4.83,32.2
31/03/1964,0,3.94,0,4.16,4.16,4.23,4.24,0,0.29,0.129618083,28.77,78.980003,0.035475553,57897,0.61,4.83,32.2
30/04/1964,0,3.84,0,4.1,4.13,4.22,4.24,0,0.38,0.133694778,29.24,79.459999,0.041715379,57922,0.62,4.85,32.2
31/05/1964,0,3.84,0,4.03,4.03,4.19,4.18,0,0.35,0.130188911,29.41,80.370003,0.050413945,58089,0.65,4.85,32.2
30/06/1964,0,3.78,0,3.95,4.01,4.15,4.15,0,0.37,0.109570296,29.49,81.690002,0.060000959,58219,0.68,4.85,32.3
31/07/1964,0,3.69,0,3.92,4.04,4.19,4.17,0,0.5,0.117980895,29.69,83.18,0.055311968,58412,0.64,4.83,32.3
31/08/1964,0,3.81,0,3.96,4.07,4.21,4.2,0,0.4,0.110564806,29.88,81.830002,0.059652301,58619,0.63,4.82,32.3
30/09/1964,0,3.84,0,4.01,4.05,4.18,4.19,0,0.34,0.114332996,29.99,84.18,0.05458604,58903,0.62,4.82,32.3
31/10/1964,0,3.86,0,4.01,4.05,4.16,4.17,0,0.3,0.104827003,29.58,84.860001,0.050417061,58793,0.62,4.81,32.4
30/11/1964,0,4.1,0,4.16,4.13,4.2,4.2,0,0.1,0.152451715,30.49,84.419998,0.043917037,59218,0.66,4.81,32.5
31/12/1964,0,3.99,0,4.06,4.12,4.21,4.21,0,0.22,0.152636898,30.85,84.75,0.054854419,59421,0.63,4.81,32.5
31/01/1965,0,3.96,0,4.04,4.11,4.19,4.19,0,0.23,0.150891887,31.18,87.559998,0.054975893,59582,0.61,4.8,32.6
28/02/1965,0,4.09,0,4.12,4.16,4.22,4.21,0,0.13,0.106663577,31.38,87.43,0.06124679,59800,0.57,4.78,32.6
31/03/1965,0,4.03,0,4.11,4.14,4.2,4.2,0,0.17,0.112746904,31.79,86.160004,0.052746565,60003,0.57,4.78,32.6
30/04/1965,0,4.04,0,4.12,4.16,4.21,4.21,0,0.17,0.108923858,31.93,89.110001,0.05415167,60259,0.6,4.8,32.7
31/05/1965,0,4.04,0,4.1,4.15,4.23,4.22,0,0.19,0.082338697,32.18,88.419998,0.049872086,60491,0.6,4.81,32.7
30/06/1965,0,3.96,0,4.06,4.14,4.2,4.2,0,0.24,0.082338697,32.43,84.120003,0.093944276,60690,0.64,4.85,32.7
31/07/1965,0,4.02,0,4.11,4.18,4.22,4.22,0,0.2,0.079679797,32.73,85.25,0.109199176,60965,0.68,4.88,32.7
31/08/1965,0,4.13,0,4.21,4.22,4.27,4.28,0,0.14,0.095963741,32.87,87.169998,0.09943952,61228,0.63,4.88,32.7
30/09/1965,0,4.36,0,4.33,4.33,4.35,4.34,0,-0.01,0.115071827,32.95,89.959999,0.057675976,61490,0.62,4.91,32.8
31/10/1965,0,4.33,0,4.38,4.4,4.41,4.36,0,0.08,0.154293542,33.29,92.419998,0.045250585,61719,0.58,4.93,32.8
30/11/1965,0,4.4,0,4.49,4.47,4.48,4.41,0,0.08,0.170968494,33.43,91.610001,0.049550441,61996,0.5,4.95,32.9
31/12/1965,0,4.96,0,5,4.88,4.65,4.52,0,-0.31,0.294679755,33.84,92.43,0.050891499,62322,0.4,5.02,33
31/01/1966,0,4.89,0,4.98,4.98,4.69,4.59,0,-0.2,0.325428878,34.17,92.879997,0.048986996,62529,0.45,5.06,33
28/02/1966,0,5.01,0,5.06,5.03,5.02,4.81,0,0.01,0.368948345,34.39,91.220001,0.057576642,62796,0.29,5.12,33.1
31/03/1966,0,4.9,0,4.89,4.84,4.71,4.61,0,-0.19,0.43965671,34.87,89.230003,0.075825927,63192,0.45,5.32,33.1
30/04/1966,0,4.91,0,4.97,4.85,4.79,4.7,0,-0.12,0.44480682,34.92,91.059998,0.081077884,63437,0.66,5.41,33.3
31/05/1966,0,5.04,0,5.1,5,4.8,4.73,0,-0.24,0.387981521,35.25,86.129997,0.107820438,63712,0.7,5.48,33.4
30/06/1966,0,5.05,0,5.22,5.09,4.97,4.82,0,-0.08,0.282980006,35.42,84.739998,0.104296514,64111,0.77,5.58,33.5
31/07/1966,0,5.24,0,5.32,5.26,5.05,4.86,0,-0.19,0.371627965,35.61,83.599998,0.117022421,64301,0.66,5.68,33.6
31/08/1966,0,5.84,0,5.87,5.68,5.36,5.02,0,-0.48,0.435784571,35.64,77.099998,0.132245963,64507,0.61,5.83,33.7
30/09/1966,0,5.62,0,5.54,5.34,5.02,4.89,0,-0.6,0.636373908,35.97,76.559998,0.147977818,64643,0.91,6.09,33.8
31/10/1966,0,5.5,0,5.38,5.22,4.97,4.76,0,-0.53,0.654299125,36.22,80.199997,0.170430443,64854,1.09,6.1,34
30/11/1966,0,5.45,0,5.48,5.28,5.12,4.87,0,-0.33,0.544515542,35.97,80.449997,0.14313673,65019,0.97,6.13,34
31/12/1966,0,5,0,4.94,4.8,4.64,4.58,0,-0.36,0.565304528,36.06,80.330002,0.119866617,65199,1.34,6.18,34.1
31/01/1967,0,4.62,0,4.63,4.67,4.52,4.48,0,-0.1,0.681738182,36.23,86.610001,0.091891991,65407,1.39,5.97,34.2
28/02/1967,0,4.76,0,4.79,4.78,4.72,4.7,0,-0.04,0.682943943,35.82,86.779999,0.084299291,65429,1.19,5.82,34.2
31/03/1967,0,4.13,0,4.3,4.42,4.5,4.56,0,0.37,0.588802049,35.61,90.199997,0.076369231,65530,1.31,5.85,34.3
30/04/1967,0,4.14,0,4.57,4.72,4.78,4.81,0,0.64,0.383965335,35.95,94.010002,0.083465044,65466,1.24,5.83,34.4
31/05/1967,0,4.18,0,4.58,4.72,4.81,4.85,0,0.63,0.396168086,35.64,89.080002,0.088183495,65620,1.11,5.96,34.5
30/06/1967,0,4.97,0,5.1,5.35,5.22,5.08,0,0.25,0.411169958,35.63,90.639999,0.105722114,65750,1.13,6.15,34.6
31/07/1967,0,5.05,0,5.02,5.12,5.16,5.06,0,0.11,0.492736794,35.55,94.75,0.097705005,65888,1.1,6.26,34.7
31/08/1967,0,5.2,0,5.36,5.34,5.27,5.14,0,0.07,0.458319209,36.23,93.639999,0.057954026,66143,1.05,6.33,34.9
30/09/1967,0,5.27,0,5.39,5.38,5.31,5.19,0,0.04,0.384323825,36.17,96.709999,0.06092859,66164,1.1,6.4,35
31/10/1967,0,5.47,0,5.63,5.72,5.64,5.52,0,0.17,0.311502646,36.47,93.300003,0.063247699,66225,1.04,6.52,35.1
30/11/1967,0,5.65,0,5.69,5.77,5.74,5.65,0,0.09,0.610703725,36.99,94,0.086641931,66703,0.97,6.72,35.2
31/12/1967,0,5.76,0,5.8,5.78,5.7,5.56,0,-0.06,0.655760007,37.39,96.470001,0.08379932,66900,1.23,6.93,35.4
31/01/1968,0,5.36,0,5.52,5.55,5.54,5.37,0,0.18,0.744584971,37.35,92.239998,0.079744028,66804,1.31,6.84,35.5
29/02/1968,0,5.43,0,5.65,5.57,5.56,5.4,0,0.13,0.523028988,37.48,89.360001,0.080626587,67215,1.24,6.8,35.7
31/03/1968,0,5.59,0,5.79,5.76,5.76,5.62,0,0.17,0.575948003,37.6,90.199997,0.105137557,67295,1.11,6.85,35.8
30/04/1968,0,6,0,6,5.96,5.74,5.5,0,-0.26,0.68153097,37.65,97.459999,0.13019748,67556,1.33,6.97,35.9
31/05/1968,0,6.06,0,5.94,5.97,5.86,5.5,0,-0.2,0.701370732,38.07,98.68,0.114787773,67652,1.16,7.03,36
30/06/1968,0,5.91,0,5.78,5.79,5.64,5.36,0,-0.27,0.515925749,38.21,99.580002,0.108193574,67905,1.35,7.07,36.2
31/07/1968,0,5.5,0,5.48,5.5,5.39,5.19,0,-0.11,0.475650016,38.16,97.739998,0.093619147,68126,1.48,6.98,36.4
31/08/1968,0,5.43,0,5.36,5.48,5.42,5.22,0,-0.01,0.384737052,38.26,98.860001,0.092336077,68330,1.4,6.82,36.5
30/09/1968,0,5.44,0,5.43,5.48,5.49,5.32,0,0.05,0.369569913,38.41,102.669998,0.086426704,68484,1.33,6.79,36.7
31/10/1968,0,5.66,0,5.55,5.57,5.61,5.46,0,-0.05,0.290273103,38.48,103.410004,0.074394733,68721,1.26,6.84,36.9
30/11/1968,0,5.78,0,5.62,5.72,5.78,5.66,0,0,0.264414928,38.98,108.370003,0.05386996,68984,1.31,7.01,37.1
31/12/1968,0,6.46,0,6.37,6.33,6.16,5.98,0,-0.3,0.485117494,39.1,103.860001,0.062578193,69248,1.2,7.23,37.2
31/01/1969,0,6.41,0,6.26,6.3,6.19,6.14,0,-0.22,0.639666889,39.34,103.010002,0.072085967,69439,1.28,7.32,37.3
28/02/1969,0,6.47,0,6.5,6.44,6.26,6.17,0,-0.21,0.624612874,39.59,98.129997,0.080397124,69699,1.11,7.3,37.6
31/03/1969,0,6.27,0,6.28,6.36,6.3,6.22,0,0.03,0.453322636,39.9,101.510002,0.085056642,69905,1.21,7.51,37.8
30/04/1969,0,6.26,0,6.32,6.37,6.2,5.98,0,-0.06,0.425352961,39.76,103.690002,0.083133568,70072,1.37,7.54,38.1
31/05/1969,0,6.64,0,6.7,6.69,6.56,6.43,0,-0.08,0.494460843,39.61,103.459999,0.078880176,70328,1.2,7.52,38.1
30/06/1969,0,7.58,0,7.21,6.98,6.73,6.28,0,-0.85,0.512278614,39.99,97.709999,0.083898668,70636,1.13,7.7,38.3
31/07/1969,0,7.57,0,7.3,6.98,6.66,6.23,0,-0.91,0.551705112,40.2,91.830002,0.106927667,70729,1.12,7.84,38.5
31/08/1969,0,7.64,0,7.37,7.13,6.83,6.32,0,-0.81,0.528422394,40.3,95.510002,0.127422425,71008,1.17,7.86,38.7
30/09/1969,0,8.01,0,8.13,8.02,7.51,6.82,0,-0.5,0.599311045,40.29,93.120003,0.130250218,70914,0.89,8.05,38.9
31/10/1969,0,7.58,0,7.41,7.33,6.94,6.58,0,-0.64,0.788382274,40.3,97.120003,0.095670872,71121,1.12,8.22,39.1
30/11/1969,0,8.04,0,7.67,7.61,7.29,6.8,0,-0.75,0.838868622,39.92,93.809998,0.094206953,71086,1.11,8.25,39.2
31/12/1969,0,8.32,0,8.41,8.22,7.88,6.94,0,-0.44,0.914432305,39.81,92.059998,0.097642569,71241,1,8.65,39.4
31/01/1970,0,8.15,0,8.27,8.27,7.75,6.96,0,-0.4,0.826913122,39.07,85.019997,0.101499464,71176,1.07,8.86,39.6
28/02/1970,0,7.11,0,7.27,7.31,6.9,6.55,0,-0.21,0.989132331,39.05,89.5,0.11607496,71305,1.54,8.78,39.8
31/03/1970,0,6.9,0,7.13,7.24,7.08,6.68,0,0.18,0.979922025,39,89.629997,0.115155024,71451,1.56,8.63,40.1
30/04/1970,0,7.72,0,7.89,7.95,7.82,7.07,0,0.1,0.965272714,38.9,81.519997,0.122067146,71348,1.31,8.7,40.4
31/05/1970,0,7.65,0,7.84,7.83,7.95,7.46,0,0.3,0.987921404,38.85,76.550003,0.200130354,71124,1.07,8.98,40.5
30/06/1970,0,7.4,0,7.77,7.77,7.68,7.11,0,0.28,0.911550954,38.73,72.720001,0.222774377,71029,1.41,9.25,40.8
31/07/1970,0,7,0,7.51,7.58,7.38,6.91,0,0.38,0.887228911,38.82,78.050003,0.226087937,71053,1.94,9.4,40.9
31/08/1970,0,6.84,0,7.36,7.45,7.49,7,0,0.65,0.669445128,38.75,81.519997,0.158931638,70937,1.91,9.44,41.1
30/09/1970,0,6.58,0,6.97,7.18,7.29,6.81,0,0.71,0.56887241,38.49,84.300003,0.135195747,70944,2,9.39,41.3
31/10/1970,0,6.29,0,6.85,7.04,7.33,6.9,0,1.04,0.547567812,37.72,83.25,0.124388119,70521,2,9.33,41.5
30/11/1970,0,5.06,0,5.72,5.99,6.49,6.39,0,1.43,0.847641294,37.49,87.199997,0.106616932,70409,2.54,9.38,41.8
31/12/1970,0,4.94,0,5.84,5.98,6.5,6.45,0,1.56,0.967611072,38.35,92.150002,0.093907354,70792,2.73,9.12,42
31/01/1971,0,4.23,0,5.34,5.78,6.09,6.07,0,1.86,0.937209465,38.64,95.879997,0.083378195,70865,2.5,8.74,42.1
28/02/1971,0,3.69,0,4.84,5.36,6.14,6.24,0,2.45,0.578328001,38.57,96.75,0.075242484,70807,2.28,8.39,42.2
31/03/1971,0,3.92,0,4.56,5.06,5.53,5.83,0,1.61,0.583742794,38.53,100.309998,0.071815965,70860,2.76,8.46,42.2
30/04/1971,0,4.77,0,5.76,6.08,6.08,6.1,0,1.31,0.713326535,38.74,103.949997,0.067604554,71036,2.62,8.45,42.4
31/05/1971,0,5.13,0,5.91,6.24,6.38,6.27,0,1.25,0.89409156,38.94,99.629997,0.074971997,71247,2.23,8.62,42.6
30/06/1971,0,6.24,0,6.77,6.86,6.7,6.44,0,0.46,0.899666448,39.1,98.699997,0.084596621,71254,2.23,8.75,42.8
31/07/1971,0,6.18,0,6.83,6.96,6.85,6.43,0,0.67,0.880100148,38.99,95.580002,0.087944577,71315,2.03,8.76,42.9
31/08/1971,0,5.28,0,5.81,6.07,6.28,6.09,0,1,0.992329338,38.76,99.029999,0.126819972,71373,2.18,8.76,43
30/09/1971,0,5.27,0,5.77,6.06,6,5.97,0,0.73,0.909910904,39.39,98.339996,0.121093601,71614,2.45,8.59,43
31/10/1971,0,4.64,0,5.3,5.78,5.87,5.87,0,1.23,0.844824724,39.69,94.230003,0.119028525,71642,2.55,8.48,43.1
30/11/1971,0,4.76,0,5.39,5.84,5.93,5.95,0,1.17,0.541569961,39.86,93.989998,0.111784103,71847,2.57,8.38,43.2
31/12/1971,0,4.46,0,5.15,5.5,5.89,5.99,0,1.43,0.508480344,40.32,102.089996,0.123790019,72109,2.45,8.38,43.3
31/01/1972,0,4.36,0,5.32,5.75,6.09,6.09,0,1.73,0.443598536,41.29,103.940002,0.108242032,72441,2.28,8.23,43.5
29/02/1972,0,4.34,0,5.27,5.68,6.04,6.03,0,1.7,0.372652729,41.69,106.57,0.07923414,72648,2.15,8.23,43.6
31/03/1972,0,5.11,0,5.86,6.1,6.12,6.11,0,1.01,0.28369037,41.97,107.199997,0.071553151,72944,2.17,8.24,43.6
30/04/1972,0,4.61,0,5.58,5.89,6.14,6.12,0,1.53,0.305909314,42.42,107.669998,0.070452948,73162,2.05,8.24,43.8
31/05/1972,0,4.64,0,5.46,5.79,6.05,5.96,0,1.41,0.329901115,42.4,109.529999,0.081134206,73469,2.1,8.23,43.9
30/06/1972,0,5.15,0,5.8,6,6.15,6.05,0,1,0.296686027,42.52,107.139999,0.077023226,73758,2.09,8.2,44
31/07/1972,0,4.82,0,5.75,5.98,6.12,5.98,0,1.3,0.235227381,42.5,107.389999,0.082606871,73709,2.12,8.23,44.1
31/08/1972,0,5.4,0,6,6.21,6.42,5.99,0,1.02,0.272309644,43.06,111.089996,0.077650264,74141,1.98,8.19,44.3
30/09/1972,0,5.61,0,6.04,6.18,6.54,6.09,0,0.93,0.310946705,43.39,110.550003,0.082716594,74264,1.54,8.09,44.3
31/10/1972,0,5.44,0,6.05,6.2,6.41,5.93,0,0.97,0.324646701,43.97,111.580002,0.083050744,74674,1.58,8.06,44.4
30/11/1972,0,5.35,0,5.96,6.12,6.28,5.82,0,0.93,0.303882597,44.49,116.669998,0.086731564,74973,1.71,7.99,44.4
31/12/1972,0,5.68,0,6.14,6.26,6.41,6.03,0,0.73,0.269651376,45,118.050003,0.085321224,75268,1.57,7.93,44.6
31/01/1973,0,6.09,0,6.44,6.45,6.54,6.86,0,0.45,0.229759762,45.29,116.029999,0.081340042,75617,1.44,7.9,44.6
28/02/1973,0,6.43,0,6.74,6.73,6.64,6.9,0,0.21,0.273745211,45.97,111.68,0.096803452,76014,1.33,7.97,44.8
31/03/1973,0,7.09,0,6.89,6.81,6.73,6.89,0,-0.36,0.3114573,45.99,111.519997,0.114598501,76284,1.32,8.03,45
30/04/1973,0,6.8,0,6.81,6.73,6.7,6.91,0,-0.1,0.371998345,45.92,106.970001,0.133970715,76455,1.42,8.09,45.1
31/05/1973,0,7.16,0,6.85,6.78,6.93,7.05,0,-0.23,0.36292713,46.22,104.949997,0.157378275,76648,1.21,8.06,45.3
30/06/1973,0,7.74,0,7.07,6.9,6.94,7.13,0,-0.8,0.347143306,46.25,104.260002,0.165957792,76887,1.23,8.13,45.4
31/07/1973,0,8.87,0,8.02,7.87,7.43,7.63,0,-1.44,0.368076386,46.44,108.220001,0.167135955,76913,1.11,8.24,45.5
31/08/1973,0,8.47,0,7.46,7.28,7.25,7.35,0,-1.22,0.633258991,46.36,104.25,0.140676857,77168,1.13,8.53,45.7
30/09/1973,0,7.5,0,6.79,6.72,6.9,7.05,0,-0.6,0.719045782,46.78,108.43,0.121963716,77276,1.54,8.63,46
31/10/1973,0,7.21,0,6.82,6.8,6.71,7.3,0,-0.5,0.598986904,47.1,108.290001,0.11458499,77607,1.62,8.41,46.3
30/11/1973,0,7.28,0,6.79,6.77,6.69,7.22,0,-0.59,0.40824829,47.34,95.959999,0.164272711,77920,1.69,8.42,46.5
31/12/1973,0,7.3,0,6.83,6.83,6.9,7.38,0,-0.4,0.363937584,47.23,97.550003,0.214528402,78031,1.74,8.48,46.7
31/01/1974,0,7.12,0,6.88,6.91,7,7.48,0,-0.12,0.309854622,46.9,96.57,0.233872479,78100,1.49,8.48,46.9
28/02/1974,0,7.16,0,6.94,6.98,7.01,7.57,0,-0.15,0.300376412,46.75,96.220001,0.212338609,78254,1.57,8.53,47.2
31/03/1974,0,8.36,0,7.81,7.65,7.41,7.89,0,-0.95,0.334841222,46.77,93.980003,0.170857388,78296,1.41,8.62,47.6
30/04/1974,0,8.99,0,8.31,8.21,7.66,8.19,0,-1.33,0.397120639,46.61,90.309998,0.14861396,78382,1.36,8.87,47.9
31/05/1974,0,8.71,0,8.12,8.06,7.52,8.13,0,-1.19,0.50809131,46.97,87.279999,0.144587903,78549,1.47,9.05,48.5
30/06/1974,0,8.87,0,8.34,8.33,7.64,8.17,0,-1.23,0.456675224,46.92,86,0.158903097,78604,1.73,9.27,49
31/07/1974,0,9,0,8.57,8.46,7.89,8.33,0,-1.11,0.491624771,46.95,79.309998,0.187842084,78636,1.67,9.48,49.5
31/08/1974,0,9.73,0,8.67,8.63,8.11,8.64,0,-1.62,0.450321605,46.49,72.150002,0.200031465,78619,1.73,9.77,50.2
30/09/1974,0,8.21,0,8.07,8.05,7.94,8.49,0,-0.27,0.564554472,46.51,63.540001,0.257076975,78610,2.14,10.18,50.7
31/10/1974,0,7.93,0,7.96,7.94,7.79,8.12,0,-0.14,0.525507557,46.34,73.900002,0.306728901,78630,2.58,10.48,51.2
30/11/1974,0,7.66,0,7.49,7.56,7.64,7.96,0,-0.02,0.537071995,44.82,69.970001,0.292659759,78265,2.92,10.6,51.6
31/12/1974,0,7.35,0,7.34,7.36,7.4,7.93,0,0.05,0.693777834,43.23,68.559998,0.26485554,77652,3.2,10.63,52
31/01/1975,0,6.36,0,6.98,7.34,7.53,7.82,0,1.17,0.762837403,42.64,76.980003,0.216760044,77293,3.31,10.81,52.3
28/02/1975,0,6.01,0,6.64,7.13,7.46,7.72,0,1.45,0.895417556,41.66,81.589996,0.191893062,76918,3.26,10.65,52.8
31/03/1975,0,6.36,0,7.09,7.5,8.01,8.24,0,1.65,0.980440781,41.21,83.360001,0.180985892,76648,2.75,10.48,53
30/04/1975,0,6.88,0,7.88,8.12,8.31,8.44,0,1.43,1.062625865,41.25,87.300003,0.161932283,76460,2.35,10.58,53.3
31/05/1975,0,6.08,0,7.22,7.61,8.04,8.2,0,1.96,1.054379487,41.15,91.150002,0.155166306,76624,2.63,10.69,53.5
30/06/1975,0,6.85,0,7.49,7.82,7.96,8.09,0,1.11,0.988778851,41.42,95.190002,0.143482235,76521,2.76,10.62,53.8
31/07/1975,0,7.38,0,7.94,8.07,8.2,8.31,0,0.82,0.821751437,41.82,88.75,0.131214066,76770,2.49,10.55,54
31/08/1975,0,7.56,0,8.01,8.16,8.22,8.42,0,0.66,0.820030832,42.26,86.879997,0.139128296,77153,2.19,10.59,54.2
30/09/1975,0,7.83,0,8.36,8.42,8.48,8.61,0,0.65,0.684369478,42.78,83.870003,0.152225506,77228,2.18,10.61,54.5
31/10/1975,0,6.27,0,7.34,7.66,7.91,8.15,0,1.64,0.728282555,42.97,89.040001,0.16586987,77540,2.48,10.62,54.8
30/11/1975,0,6.68,0,7.58,7.9,8.14,8.34,0,1.46,0.73609521,43.06,91.239998,0.144150407,77685,2.51,10.56,55.2
31/12/1975,0,6.16,0,7.1,7.5,7.76,8.04,0,1.6,0.663835798,43.6,90.190002,0.119242289,78017,2.56,10.56,55.5
31/01/1976,0,5.65,0,6.94,7.43,7.8,8,0,2.15,0.688156466,44.23,100.860001,0.124714211,78503,2.67,10.41,55.9
29/02/1976,0,6.21,0,7.15,7.46,7.77,8.02,0,1.56,0.625104511,44.67,99.709999,0.134986777,78816,2.45,10.24,56.2
31/03/1976,0,6.11,0,7.02,7.39,7.66,7.9,0,1.55,0.588370103,44.71,102.769997,0.127612323,79048,2.39,10.12,56.5
30/04/1976,0,6.14,0,6.96,7.34,7.67,7.99,0,1.53,0.51500096,44.96,101.639999,0.121082017,79292,2.38,9.94,56.7
31/05/1976,0,6.75,0,7.54,7.78,7.96,8.19,0,1.21,0.523082995,45.17,100.18,0.114093767,79312,1.96,9.86,57
30/06/1976,0,6.46,7.02,7.28,7.58,7.86,8.02,0,1.4,0.484002556,45.18,104.279999,0.11022665,79376,2.03,9.89,57.2
31/07/1976,0,6.12,6.74,7.05,7.47,7.86,8.04,0,1.74,0.408689168,45.45,103.440002,0.098458966,79547,1.99,9.82,57.6
31/08/1976,0,5.9,6.5,6.73,7.16,7.66,7.81,0,1.76,0.338355528,45.77,102.910004,0.092041848,79704,1.87,9.64,57.9
30/09/1976,0,5.78,6.33,6.59,7.05,7.55,7.75,0,1.77,0.412173514,45.9,105.239998,0.092360123,79892,1.81,9.4,58.2
31/10/1976,0,5.5,6.03,6.32,6.78,7.42,7.72,0,1.92,0.48667992,45.92,102.900002,0.105593028,79911,1.88,9.29,58.5
30/11/1976,0,4.95,5.42,5.69,6.05,7.01,7.44,0,2.06,0.642047176,46.6,102.099998,0.115281638,80240,1.94,9.23,58.7
31/12/1976,0,4.86,5.34,5.7,6.13,6.81,7.17,0,1.95,0.660267665,47.09,107.459999,0.109235408,80448,2.25,9.12,58.9
31/01/1977,0,5.56,6.18,6.5,6.83,7.4,7.61,0,1.84,0.841956794,46.83,102.029999,0.097728942,80690,1.87,9.08,59.3
28/02/1977,0,5.56,6.08,6.5,6.98,7.45,7.73,7.8,1.89,0.876223922,47.54,99.82,0.081464951,80988,1.73,9.12,59.7
31/03/1977,0,5.4,6.01,6.42,6.94,7.42,7.72,7.79,2.02,0.848161854,48.13,98.419998,0.078340838,81391,1.66,9.12,60
30/04/1977,0,5.6,6.14,6.46,6.9,7.45,7.72,7.8,1.85,0.706327336,48.58,98.440002,0.090303741,81728,1.7,9.07,60.3
31/05/1977,0,5.86,6.18,6.49,6.87,7.38,7.68,7.74,1.52,0.482577824,48.99,96.120003,0.095366066,82088,1.55,9.01,60.6
30/06/1977,0,5.72,6.08,6.33,6.7,7.2,7.57,7.58,1.48,0.502894166,49.34,100.480003,0.092096067,82488,1.63,8.91,61
31/07/1977,0,6.22,6.5,6.71,7.03,7.42,7.68,7.72,1.2,0.538909759,49.41,98.849998,0.086570535,82834,1.54,8.87,61.2
31/08/1977,0,6.36,6.59,6.73,6.94,7.28,7.53,7.6,0.92,0.524666965,49.43,96.769997,0.081071276,83075,1.42,8.82,61.5
30/09/1977,0,6.66,6.82,6.94,7.11,7.41,7.61,7.68,0.75,0.426024853,49.66,96.529999,0.080927096,83532,1.46,8.8,61.8
31/10/1977,0,7.05,7.23,7.34,7.44,7.62,7.76,7.83,0.57,0.388790679,49.76,92.339996,0.083180875,83800,1.37,8.89,62
30/11/1977,0,6.92,7.11,7.22,7.36,7.55,7.75,7.83,0.63,0.375625655,49.81,94.830002,0.103160093,84173,1.37,8.95,62.3
31/12/1977,0,6.98,7.22,7.36,7.54,7.78,7.98,8.03,0.8,0.328022667,49.89,95.099998,0.106483284,84410,1.3,8.99,62.7
31/01/1978,0,7.26,7.47,7.57,7.72,7.94,8.16,8.18,0.68,0.430181935,49.21,89.25,0.108025104,84594,1.21,9.17,63.1
28/02/1978,0,7.32,7.57,7.7,7.86,8.04,8.21,8.25,0.72,0.435014124,49.45,87.040001,0.09311046,84948,1.17,9.2,63.4
31/03/1978,0,7.48,7.7,7.83,7.97,8.15,8.31,8.33,0.67,0.460739702,50.39,89.209999,0.091540516,85460,1.18,9.22,63.8
30/04/1978,0,7.7,7.97,7.98,8.09,8.24,8.37,8.39,0.54,0.362975774,51.44,96.830002,0.10975592,86162,1.17,9.32,64.3
31/05/1978,0,7.94,8.12,8.2,8.28,8.42,8.5,8.5,0.48,0.372605349,51.63,97.239998,0.117284614,86509,1.14,9.49,64.7
30/06/1978,0,8.38,8.48,8.53,8.5,8.62,8.67,8.62,0.24,0.316885889,51.98,95.529999,0.12372955,86950,1.14,9.6,65.2
31/07/1978,0,8.33,8.47,8.47,8.46,8.56,8.59,8.56,0.23,0.345460881,51.96,100.68,0.106818506,87204,0.96,9.6,65.6
31/08/1978,0,8.48,8.46,8.38,8.42,8.39,8.43,8.46,-0.09,0.577319688,52.15,103.290001,0.101651059,87483,1.07,9.48,66.1
30/09/1978,0,8.81,8.7,8.49,8.5,8.56,8.63,8.61,-0.25,0.600470625,52.29,102.540001,0.104310263,87621,1,9.42,66.7
31/10/1978,0,9.92,9.49,9.32,9.16,8.96,8.9,8.87,-0.96,0.598349897,52.71,93.150002,0.11213836,87956,0.95,9.59,67.2
30/11/1978,0,10.09,9.55,9.16,8.94,8.86,8.8,8.8,-1.23,0.865450309,53.1,94.699997,0.157652458,88391,1.02,9.83,67.6
31/12/1978,0,10.57,9.98,9.59,9.32,9.15,8.99,8.96,-1.42,0.9051953,53.39,96.110001,0.170420207,88671,0.93,9.94,68
31/01/1979,0,10.13,9.64,9.16,8.95,8.95,8.9,8.85,-1.18,0.561600819,53.05,99.93,0.129017332,88808,1.03,10.13,68.5
28/02/1979,0,10.33,9.89,9.45,9.29,9.17,9.12,9.08,-1.16,0.551858698,53.33,96.279999,0.121322615,89055,0.98,10.08,69.2
31/03/1979,0,10.17,9.72,9.34,9.19,9.11,9.07,9.02,-1.06,0.454069795,53.5,101.589996,0.100880241,89479,1.14,10.26,69.8
30/04/1979,0,10.29,9.91,9.53,9.35,9.35,9.26,9.22,-0.94,0.409724656,52.89,101.760002,0.097751045,89417,1.15,10.33,70.3
31/05/1979,0,9.91,9.56,9.2,9.04,9.06,9.08,9.08,-0.85,0.445148042,53.32,99.080002,0.096544834,89789,1.22,10.47,70.8
30/06/1979,0,9.4,8.97,8.78,8.74,8.81,8.82,8.83,-0.59,0.670457092,53.32,102.910004,0.089075901,90108,1.47,10.38,71.3
31/07/1979,0,9.75,9.31,9.05,8.99,9.01,8.98,8.99,-0.74,0.713192869,53.24,103.809998,0.095585484,90217,1.34,10.29,71.9
31/08/1979,0,10.4,9.84,9.54,9.36,9.24,9.1,9.09,-1.16,0.677399481,52.89,109.32,0.078819492,90300,1.32,10.35,72.7
30/09/1979,0,10.8,10.1,9.76,9.48,9.44,9.31,9.25,-1.36,0.646939776,52.95,109.32,0.09656307,90327,1.21,10.54,73.3
31/10/1979,0,12.89,12.06,11.63,11.2,10.72,10.4,10.19,-2.17,1.552981459,53.24,101.82,0.134008542,90481,1.1,11.4,74
30/11/1979,0,11.88,11.33,10.68,10.44,10.38,10.1,10.09,-1.5,1.904460643,53.19,106.160004,0.144878696,90573,1.34,11.99,74.8
31/12/1979,0,11.7,11.23,10.62,10.38,10.33,10.16,10.11,-1.37,2.00715352,53.26,107.940002,0.137700751,90672,1.67,12.06,75.7
31/01/1980,0,12.4,11.75,11.19,11.11,11.13,11.16,11.09,-1.27,1.569806926,53.5,114.160004,0.122887137,90800,1.62,12.42,76.7
29/02/1980,0,15.45,14.73,14,13.48,12.72,12.12,12.25,-2.73,2.639309264,53.51,113.660004,0.131231046,90883,1.16,13.57,77.5
31/03/1980,0,15.8,14.63,13.69,13.31,12.64,12.44,12.31,-3.16,3.084456201,53.33,102.089996,0.181435929,90994,1.7,14.45,78.6
30/04/1980,0,11.12,10.81,10.67,10.82,10.76,10.92,10.89,-0.36,3.546467169,52.23,106.290001,0.196075063,90849,2.72,14.19,79.5
31/05/1980,0,8.83,9.25,9.28,9.87,10.25,10.46,10.37,1.42,3.012613549,50.96,111.239998,0.191823526,90420,2.99,13.17,80.1
30/06/1980,0,8.49,8.97,9.19,9.48,10.09,10.08,9.99,1.6,2.734814261,50.33,114.239998,0.147184134,90101,2.93,12.71,81
31/07/1980,0,9.36,9.72,9.95,10.09,10.76,10.8,10.8,1.4,1.85683004,49.95,121.669998,0.126422992,89840,2.4,12.65,80.8
31/08/1980,0,11.15,11.36,11.48,11.66,11.55,11.42,11.27,0.4,1.828005226,50.13,122.379997,0.129160376,90099,2.05,13.15,81.3
30/09/1980,0,12.29,12.13,12.06,11.88,11.86,11.84,11.7,-0.43,2.16170281,50.94,125.459999,0.147351195,90213,2.19,13.7,82.1
31/10/1980,0,13.78,13.08,12.97,12.74,12.46,12.38,12.23,-1.32,2.513594394,51.58,127.470001,0.164335134,90490,2.48,14.23,83
30/11/1980,0,15.13,14.13,13.69,13.14,12.72,12.38,12.32,-2.41,2.65669791,52.47,140.520004,0.170534078,90747,1.96,14.64,83.9
31/12/1980,0,13.86,13.06,12.85,12.59,12.43,12.09,11.98,-1.43,3.136607257,52.77,135.759995,0.17538846,90943,2.3,15.14,84.9
31/01/1981,0,14,13.26,13.05,12.8,12.68,12.46,12.28,-1.32,3.020158263,52.47,129.550003,0.171355118,91033,2.46,15.03,85.4
28/02/1981,0,14.59,14.08,13.95,13.76,13.43,13.18,12.97,-1.16,2.949126079,52.23,131.270004,0.151289423,91105,2.18,15.37,85.9
31/03/1981,0,13.05,13.17,13.27,13.39,13.13,12.95,12.65,0.08,2.276090103,52.5,136,0.145835871,91210,2.22,15.34,86.4
30/04/1981,0,15.33,14.84,14.68,14.45,14.11,13.87,13.65,-1.22,2.327887612,52.27,132.809998,0.12986151,91283,1.88,15.56,87
31/05/1981,0,14.81,14.4,14.31,13.99,13.5,13.31,13.06,-1.31,2.461756929,52.58,132.589996,0.123958588,91296,1.85,15.95,87.8
30/06/1981,0,14.87,14.66,14.57,14.25,13.86,13.59,13.3,-1.01,2.275086141,52.83,131.210007,0.106663772,91490,2.33,15.8,88.6
31/07/1981,0,16.12,15.84,15.63,15.24,14.67,14.31,13.96,-1.45,2.222947857,53.18,130.919998,0.107432036,91601,1.89,16.17,89.8
31/08/1981,0,16.97,16.73,16.33,16.11,15.41,15.15,14.78,-1.56,2.226095553,53.17,122.790001,0.123167467,91565,1.4,16.34,90.7
30/09/1981,0,16.64,16.69,16.45,16.27,15.84,15.78,15.19,-0.8,2.2850781,52.85,116.18,0.149163331,91477,1.6,16.92,91.8
31/10/1981,0,14.31,14.59,14.65,14.78,14.63,14.75,14.36,0.32,2.465983262,52.49,121.889999,0.156031361,91380,1.96,17.11,92.1
30/11/1981,0,11.82,12.36,12.81,12.79,13.13,13.13,12.91,1.31,2.913802872,51.89,126.349998,0.162339978,91171,3,16.39,92.5
31/12/1981,0,13.35,13.63,13.99,13.97,13.98,14.04,13.65,0.63,3.006550053,51.33,122.550003,0.130717684,90895,2.83,16.55,93
31/01/1982,0,14.04,14.24,14.26,14.24,14.14,14.21,13.91,0.1,2.834288639,50.3,120.400002,0.136378104,90565,2.51,17.1,93.3
28/02/1982,0,14.27,14.44,14.44,14.12,14.03,14.09,13.83,-0.24,2.680021292,51.3,113.110001,0.147778965,90563,2.75,17.18,93.8
31/03/1982,0,14.3,14.52,14.52,14.39,14.18,13.89,13.68,-0.12,2.263432908,50.91,111.959999,0.160797642,90434,2.96,16.82,93.9
30/04/1982,0,13.67,13.99,14,13.9,13.87,13.57,13.39,0.2,1.711251813,50.46,116.440002,0.137640993,90150,2.91,16.78,94.7
31/05/1982,0,12.93,13.62,13.73,13.76,13.71,13.63,13.39,0.78,1.408148201,50.14,111.879997,0.122878949,90107,3.02,16.64,95.4
30/06/1982,0,14.34,14.66,14.78,14.65,14.44,14.18,13.91,0.1,1.523013201,49.97,109.610001,0.115101588,89865,2.62,16.92,96.1
31/07/1982,0,12.56,13.17,13.53,13.73,13.68,13.63,13.42,1.12,1.859353739,49.81,107.089996,0.11472026,89521,2.85,16.8,96.7
31/08/1982,0,11.13,11.99,12.36,12.65,12.81,12.59,12.5,1.68,2.434931466,49.38,119.510002,0.187074308,89363,3.26,16.32,97.1
30/09/1982,0,10.26,11.23,11.52,11.69,11.73,11.65,11.79,1.47,2.398002641,49.23,120.419998,0.194656905,89183,3.29,15.63,97.2
31/10/1982,0,9.21,9.85,10.35,10.58,10.71,10.79,11.01,1.5,2.636139265,48.79,133.720001,0.235277681,88907,3.82,14.73,97.5
30/11/1982,0,9.38,9.96,10.08,10.37,10.79,10.79,10.7,1.41,2.315842942,48.59,138.529999,0.226144214,88786,3.75,14.3,97.3
31/12/1982,0,8.68,9.48,9.74,10.09,10.36,10.62,10.43,1.68,1.770064556,48.24,140.639999,0.239540837,88771,3.6,14.14,97.2
31/01/1983,0,8.91,9.58,9.93,10.31,10.8,11.14,10.99,1.89,1.262259095,49.18,145.300003,0.198488235,88990,3.48,13.94,97.6
28/02/1983,0,8.61,9.31,9.55,9.83,10.27,10.62,10.51,1.66,1.150101322,48.87,148.059998,0.177684961,88917,3.23,13.95,98
31/03/1983,0,9.34,9.87,10.04,10.27,10.62,10.84,10.69,1.28,1.084247767,49.27,152.960007,0.158061807,89090,3.1,13.61,98.2
30/04/1983,0,8.75,9.35,9.58,9.88,10.27,10.52,10.38,1.52,0.99701532,49.87,164.429993,0.134536446,89364,2.89,13.29,98.6
31/05/1983,0,9.48,10.02,10.21,10.55,10.81,11.12,10.97,1.33,0.888004651,50.21,162.389999,0.11882614,89644,2.71,13.09,98.9
30/06/1983,0,9.7,10.23,10.41,10.76,10.96,11.2,11.01,1.26,1.036685832,50.51,167.639999,0.124074273,90021,2.52,13.37,99.2
31/07/1983,0,10.48,11.03,11.22,11.59,11.76,12.01,11.8,1.28,1.228717121,51.27,162.559998,0.135416215,90437,2.01,13.39,99.8
31/08/1983,0,10.59,11.18,11.45,11.79,11.98,12.15,11.96,1.39,1.47194815,51.85,164.399994,0.142931561,90129,1.79,13.64,100.1
30/09/1983,0,9.89,10.53,10.79,11.2,11.44,11.64,11.44,1.55,1.476891204,52.63,166.070007,0.136213414,91247,1.9,13.55,100.5
31/10/1983,0,9.82,10.61,10.98,11.39,11.74,11.93,11.78,1.92,1.462902849,53.07,163.550003,0.117865389,91520,1.92,13.46,101
30/11/1983,0,9.98,10.67,10.96,11.36,11.63,11.83,11.67,1.65,1.229380787,53.25,166.399994,0.110749355,91875,1.92,13.61,101.5
31/12/1983,0,10.08,10.85,11.13,11.57,11.82,11.98,11.87,1.74,1.029563014,53.53,164.929993,0.102285112,92230,1.92,13.75,101.8
31/01/1984,0,9.85,10.58,10.89,11.34,11.67,11.82,11.78,1.82,0.787342487,54.6,163.410004,0.094198021,92673,1.98,13.65,102.5
29/02/1984,0,10.21,10.99,11.22,11.74,12.04,12.21,12.14,1.83,0.778647785,54.84,157.059998,0.117986732,93157,1.75,13.59,102.8
31/03/1984,0,10.8,11.6,11.86,12.28,12.53,12.51,12.52,1.73,0.796638418,55.11,159.179993,0.127321215,93429,1.67,13.99,103.2
30/04/1984,0,11.11,11.89,12.2,12.57,12.82,12.88,12.86,1.71,0.968789069,55.45,160.050003,0.136353759,93792,1.68,14.31,103.7
31/05/1984,0,12.15,13,13.33,13.76,13.91,13.83,13.84,1.76,1.186229249,55.71,150.550003,0.114911989,94098,1.33,14.74,104.1
30/06/1984,0,12.3,13.17,13.48,13.72,13.84,13.77,13.64,1.54,1.647620695,55.91,153.179993,0.122892157,94479,1.49,15.05,104.5
31/07/1984,0,11.86,12.57,12.7,12.85,12.91,12.94,12.87,1.05,1.792514252,56.08,150.660004,0.117547114,94789,1.79,15.15,105
31/08/1984,0,11.96,12.54,12.61,12.77,12.79,12.7,12.51,0.83,1.490411917,56.14,166.679993,0.147099247,95032,1.91,14.63,105.4
30/09/1984,0,11.43,12.07,12.28,12.48,12.47,12.37,12.28,1.04,1.406211001,56.04,166.100006,0.142291545,95344,1.83,14.35,105.8
31/10/1984,0,10.26,11.09,11.36,11.59,11.79,11.71,11.64,1.53,1.293846802,55.95,166.089996,0.120145053,95629,1.78,13.94,106.2
30/11/1984,0,9.71,10.5,10.86,11.25,11.58,11.71,11.58,1.87,1.357805953,56.17,163.580002,0.115071881,95982,1.91,13.48,106.4
31/12/1984,0,9.22,10.02,10.52,11.08,11.55,11.7,11.54,2.33,1.388946986,56.23,167.240005,0.118112739,96107,1.9,13.4,106.8
31/01/1985,0,9.09,9.9,10.36,10.77,11.17,11.3,11.21,2.08,1.320588809,56.14,179.630005,0.125064259,96372,1.88,13.26,107.1
28/02/1985,0,9.72,10.66,11.03,11.55,11.91,12.13,11.9,2.19,1.352365055,56.33,181.179993,0.119882897,96503,1.72,13.23,107.7
31/03/1985,0,9.49,10.43,10.79,11.29,11.65,11.89,11.64,2.16,1.288176897,56.42,180.660004,0.11089879,96842,1.83,13.69,108.1
30/04/1985,0,8.99,9.91,10.39,10.91,11.41,11.7,11.48,2.42,1.304750122,56.27,179.830002,0.091783234,97038,2.08,13.51,108.4
31/05/1985,0,7.98,8.92,9.27,9.68,10.28,10.7,10.58,2.3,1.371715389,56.35,189.550003,0.087815644,97312,2.3,13.15,108.8
30/06/1985,0,7.71,8.67,9.08,9.65,10.25,10.61,10.47,2.54,1.73397424,56.39,191.850006,0.090654338,97459,2.24,12.4,109.1
31/07/1985,0,8.12,9.01,9.47,9.98,10.57,10.89,10.7,2.45,1.828638699,56.02,190.919998,0.094401037,97648,2.12,12.43,109.4
31/08/1985,0,8.03,8.96,9.33,9.74,10.28,10.67,10.48,2.25,1.588115733,56.26,188.630005,0.09366573,97840,2.17,12.5,109.8
30/09/1985,0,7.99,8.88,9.27,9.73,10.31,10.75,10.57,2.32,1.201514463,56.5,182.080002,0.094965134,98045,2.11,12.48,110
31/10/1985,0,7.92,8.7,9.06,9.47,10.01,10.45,10.28,2.09,1.07709853,56.26,189.820007,0.099484816,98233,2.12,12.36,110.5
30/11/1985,0,7.85,8.46,8.7,9.07,9.59,10.07,9.86,1.74,1.064219695,56.45,202.169998,0.105046359,98443,2.21,11.99,111.1
31/12/1985,0,7.6,7.98,8.22,8.49,9,9.5,9.27,1.4,1.056386951,57.05,211.279999,0.102308547,98609,2.32,11.58,111.4
31/01/1986,0,7.57,7.99,8.25,8.53,9.08,9.48,9.34,1.51,1.22295315,57.31,211.779999,0.125712429,98732,2.25,11.44,111.9
28/02/1986,0,7.43,7.71,7.79,7.91,8.13,8.34,8.27,0.7,1.271734769,56.93,226.919998,0.128640915,98847,2.41,11.11,112.2
31/03/1986,0,6.72,6.92,7.02,7.19,7.39,7.46,7.44,0.67,1.355215912,56.54,238.899994,0.132147368,98934,2.72,10.5,112.5
30/04/1986,0,6.54,6.83,7.02,7.17,7.38,7.55,7.47,0.84,1.46048711,56.56,235.520004,0.13359792,99121,2.89,10.19,112.9
31/05/1986,0,6.88,7.36,7.58,7.82,8.05,7.9,7.74,1.17,1.499799892,56.68,247.350006,0.144911588,99248,2.58,10.29,113.1
30/06/1986,0,6.41,6.81,7,7.23,7.35,7.3,7.24,0.94,1.877406177,56.5,250.839996,0.143620913,99155,2.54,10.34,113.4
31/07/1986,0,6.2,6.57,6.81,7.02,7.34,7.42,7.46,1.14,1.769316316,56.81,236.119995,0.148675437,99473,2.86,10.16,113.8
31/08/1986,0,5.52,5.94,6.13,6.4,6.95,7.12,7.21,1.43,1.41124169,56.74,252.929993,0.147240273,99588,3.01,10.18,114.2
30/09/1986,0,5.82,6.38,6.68,6.98,7.45,7.55,7.6,1.63,1.306467506,56.85,231.320007,0.180365155,99934,2.75,10.2,114.6
31/10/1986,0,5.73,6.26,6.51,6.76,7.34,7.54,7.61,1.61,1.246475256,57.12,243.979996,0.164329524,100121,2.81,10.24,115
30/11/1986,0,5.76,6.21,6.38,6.65,7.15,7.3,7.41,1.39,1.104305902,57.38,249.220001,0.167003701,100308,2.82,10.07,115.3
31/12/1986,0,5.95,6.35,6.56,6.81,7.23,7.39,7.49,1.28,0.810048998,57.86,242.169998,0.127386383,100509,2.86,9.97,115.6
31/01/1987,0,5.93,6.33,6.51,6.71,7.18,7.33,7.48,1.25,0.687966585,57.69,274.079987,0.148519376,100678,2.64,9.72,115.9
28/02/1987,0,5.9,6.35,6.51,6.71,7.19,7.34,7.48,1.29,0.662344748,58.44,284.200012,0.143364752,100919,2.4,9.65,116.2
31/03/1987,0,6.15,6.54,6.79,7.02,7.51,7.66,7.81,1.36,0.726826552,58.52,291.700012,0.146040813,101164,2.36,9.61,116.6
30/04/1987,0,6.62,7.38,7.63,7.82,8.21,8.33,8.45,1.59,1.191945663,58.89,288.359985,0.175965965,101499,2.02,10.04,117.3
31/05/1987,0,6.88,7.69,7.94,8.15,8.49,8.57,8.65,1.61,1.523173167,59.27,290.100006,0.190929886,101728,1.9,10.51,117.7
30/06/1987,0,6.77,7.48,7.76,8.02,8.38,8.45,8.51,1.61,1.690368194,59.54,304,0.17857464,101900,2.12,10.52,117.9
31/07/1987,0,6.89,7.63,7.95,8.21,8.66,8.78,8.89,1.77,1.297811609,59.95,318.660004,0.127348192,102247,2.16,10.61,118.3
31/08/1987,0,7.23,7.97,8.27,8.52,9,9.09,9.17,1.77,0.997227796,60.45,329.799988,0.113789723,102420,2.04,10.8,118.7
30/09/1987,0,7.92,8.6,8.93,9.21,9.63,9.71,9.79,1.71,1.123277086,60.61,321.829987,0.14525665,102647,1.89,11.31,119.2
31/10/1987,0,6.75,7.58,8,8.37,8.88,8.96,9.03,2.13,2.172022932,61.49,251.789993,0.558177576,103138,2.1,11.62,119.8
30/11/1987,0,7,7.73,8.05,8.43,8.99,9.05,9.1,1.99,2.114015311,61.81,230.300003,0.571502742,103372,2.37,11.23,120.1
31/12/1987,0,7.1,7.77,8.04,8.33,8.83,8.89,8.95,1.73,2.134150289,62.12,247.080002,0.594309792,103661,2.3,11.29,120.4
31/01/1988,0,6.66,7.22,7.48,7.76,8.26,8.34,8.42,1.6,1.232616412,62.15,257.070007,0.307567353,103753,2.4,11.07,120.9
29/02/1988,0,6.63,7.13,7.33,7.64,8.16,8.28,8.39,1.53,1.229533006,62.42,267.820007,0.270077249,104214,2.41,10.62,121.2
31/03/1988,0,6.76,7.41,7.66,8.04,8.57,8.7,8.82,1.81,1.08623579,62.54,258.890015,0.219566483,104489,2.2,10.57,121.7
30/04/1988,0,7.14,7.73,7.98,8.33,8.87,8.99,9.11,1.73,0.85814476,62.9,261.329987,0.172032295,104732,2.18,10.9,122.3
31/05/1988,0,7.66,8.21,8.44,8.73,9.2,9.25,9.3,1.54,0.730896052,62.82,262.160004,0.165074007,104962,1.95,11.04,122.7
30/06/1988,0,7.5,8.02,8.18,8.41,8.82,8.85,8.87,1.32,1.063024546,62.98,273.5,0.184628901,105326,2.08,11,123.2
31/07/1988,0,7.9,8.39,8.57,8.75,9.12,9.18,9.23,1.22,1.069690277,63.01,272.019989,0.16318291,105550,2.05,11.11,123.6
31/08/1988,0,8.28,8.71,8.83,8.95,9.25,9.28,9.31,0.97,1.050541292,63.27,261.519989,0.149816759,105674,1.95,11.21,124
30/09/1988,0,8.13,8.43,8.52,8.61,8.87,8.93,8.98,0.74,0.891782162,63.1,271.910004,0.130820745,106013,1.92,10.9,124.7
31/10/1988,0,8.06,8.25,8.32,8.37,8.65,8.7,8.74,0.59,0.893048325,63.41,278.970001,0.132986486,106276,1.61,10.41,125.2
30/11/1988,0,8.62,8.84,8.87,8.91,9.06,9.07,9.07,0.44,0.792639159,63.51,273.700012,0.119058478,106617,1.52,10.48,125.6
31/12/1988,0,9.02,9.14,9.18,9.14,9.14,9.07,9,0.12,0.94756229,63.82,277.720001,0.122472383,106898,1.54,10.65,126
31/01/1989,0,9.04,9.12,9.13,9.08,9.01,8.93,8.84,-0.03,0.859061865,64.02,297.470001,0.109214517,107161,1.56,10.65,126.5
28/02/1989,0,9.4,9.55,9.43,9.42,9.32,9.23,9.14,-0.08,0.835692987,63.72,288.859985,0.10716525,107427,1.44,10.61,126.9
31/03/1989,0,9.64,9.73,9.66,9.53,9.3,9.21,9.11,-0.34,0.81775409,63.87,294.869995,0.116857958,107621,1.31,10.67,127.4
30/04/1989,0,9.12,9.22,9.15,9.06,9.02,8.97,8.91,-0.1,0.938846961,63.91,309.640015,0.119837588,107791,1.43,10.61,127.8
31/05/1989,0,8.86,8.82,8.78,8.65,8.6,8.6,8.6,-0.26,1.11688378,63.49,320.519989,0.112695118,107913,1.6,10.46,128.3
30/06/1989,0,8.12,8.08,8.05,8.03,8.1,8.08,8.05,-0.02,1.197737981,63.52,317.980011,0.117875715,108027,1.75,10.03,128.8
31/07/1989,0,7.65,7.53,7.58,7.56,7.82,7.87,7.92,0.17,1.085913919,62.94,346.079987,0.116222279,108069,1.85,9.87,129.2
31/08/1989,0,8.28,8.42,8.37,8.27,8.26,8.24,8.21,-0.02,1.007163607,63.52,351.450012,0.120252004,108120,1.77,9.88,129.5
30/09/1989,0,8.48,8.46,8.46,8.36,8.31,8.28,8.24,-0.17,0.882968158,63.3,349.149994,0.108757052,108369,1.72,9.91,129.9
31/10/1989,0,7.88,7.85,7.91,7.86,7.92,7.92,7.92,0.04,0.859390633,63.25,340.359985,0.175129983,108476,1.8,9.81,130.6
30/11/1989,0,7.72,7.75,7.75,7.74,7.84,7.87,7.9,0.12,0.769928275,63.46,345.98999,0.171061556,108752,1.94,9.81,131.1
31/12/1989,0,7.76,7.87,7.87,7.86,7.93,7.96,7.98,0.17,0.765351365,63.85,353.399994,0.174547701,108836,1.98,9.82,131.6
31/01/1990,0,8.08,8.28,8.36,8.35,8.43,8.45,8.46,0.35,0.649309716,63.42,329.079987,0.133526321,109199,1.73,9.94,132.1
28/02/1990,0,8.12,8.43,8.45,8.44,8.51,8.53,8.54,0.39,0.928134482,64.04,331.890015,0.142233906,109435,1.67,10.14,132.7
31/03/1990,0,8.35,8.64,8.69,8.65,8.65,8.64,8.63,0.3,1.020122403,64.36,339.940002,0.139049999,109644,1.62,10.21,133.5
30/04/1990,0,8.58,8.96,9.05,9.04,9.04,9.02,9,0.46,0.961930733,64.26,330.799988,0.112393029,109686,1.51,10.3,134
31/05/1990,0,8.22,8.5,8.53,8.56,8.6,8.59,8.58,0.38,0.893415967,64.4,361.230011,0.115481236,109839,1.65,10.41,134.4
30/06/1990,0,8.05,8.24,8.32,8.35,8.43,8.42,8.41,0.38,0.904399167,64.6,358.019989,0.120432688,109856,1.74,10.22,135.1
31/07/1990,0,7.72,7.91,8.04,8.13,8.36,8.39,8.42,0.64,0.806799319,64.52,356.149994,0.128111849,109824,1.73,10.2,135.8
31/08/1990,0,7.76,8.07,8.26,8.5,8.86,8.93,8.99,1.1,1.036481445,64.73,322.559998,0.182417668,109616,1.66,10.41,136.6
30/09/1990,0,7.69,8.02,8.19,8.47,8.82,8.89,8.96,1.13,1.031492118,64.81,306.049988,0.187468612,109518,1.75,10.64,137.1
31/10/1990,0,7.43,7.77,7.97,8.24,8.65,8.72,8.78,1.22,0.918485612,64.33,304,0.21361876,109367,2.02,10.74,137.6
30/11/1990,0,7.31,7.53,7.67,7.91,8.26,8.33,8.4,0.95,0.820534482,63.58,322.220001,0.190399996,109214,2.23,10.62,138
31/12/1990,0,6.82,7.15,7.4,7.68,8.08,8.17,8.26,1.26,0.864960565,63.16,330.220001,0.167998848,109166,2.35,10.43,138.6
31/01/1991,0,6.51,7.05,7.3,7.62,8.03,8.12,8.21,1.52,0.918485612,62.89,343.929993,0.157604975,109055,2.36,10.45,139.5
28/02/1991,0,6.41,7.04,7.26,7.66,8.02,8.11,8.19,1.61,0.90493,62.45,367.070007,0.160915944,108734,2.22,10.07,140.2
31/03/1991,0,6.28,7.02,7.3,7.73,8.05,8.15,8.24,1.77,0.860528021,62.12,375.220001,0.168635117,108574,1.98,10.09,140.5
30/04/1991,0,6.06,6.8,7.15,7.63,8.02,8.11,8.2,1.96,0.7068021,62.24,375.339996,0.155900432,108364,1.9,9.94,140.9
31/05/1991,0,6.16,6.68,7.1,7.69,8.06,8.16,8.26,1.9,0.721516568,62.86,389.829987,0.137614274,108249,1.79,9.86,141.3
30/06/1991,0,6.32,6.9,7.33,7.9,8.24,8.33,8.42,1.92,0.651898574,63.44,371.160004,0.132818925,108334,1.68,9.96,141.8
31/07/1991,0,6.19,6.81,7.21,7.77,8.2,8.28,8.36,2.01,0.581220953,63.51,387.809998,0.124931996,108292,1.62,9.89,142.3
31/08/1991,0,5.72,6.36,6.68,7.34,7.82,7.94,8.06,2.1,0.653213482,63.57,395.429993,0.133906509,108310,1.75,9.65,142.9
30/09/1991,0,5.42,5.99,6.28,6.92,7.47,7.65,7.82,2.05,0.625917406,64.13,387.859985,0.114950147,108336,1.86,9.51,143.4
31/10/1991,0,5.1,5.7,6.06,6.74,7.47,7.69,7.91,2.37,0.755558498,64.02,392.450012,0.11991411,108357,1.96,9.49,143.7
30/11/1991,0,4.69,5.38,5.76,6.48,7.38,7.66,7.94,2.69,0.705001302,63.95,375.220001,0.122102122,108296,2.03,9.45,144.2
31/12/1991,0,4.12,4.77,5.11,5.93,6.71,7.06,7.41,2.59,0.805103776,63.69,417.089996,0.145322945,108328,2.17,9.26,144.7
31/01/1992,0,4.23,5.11,5.65,6.44,7.31,7.54,7.77,3.08,0.839087479,63.34,408.779999,0.143445118,108369,2.1,9.13,145.1
29/02/1992,0,4.35,5.27,5.75,6.58,7.27,7.54,7.8,2.92,0.882199998,63.79,412.700012,0.120752061,108311,1.89,9.23,145.4
31/03/1992,0,4.54,5.6,6.17,6.94,7.54,7.75,7.96,3,0.915404884,64.32,403.690002,0.096631719,108365,1.71,9.25,145.9
30/04/1992,0,4.4,5.46,6.05,6.91,7.61,7.84,8.06,3.21,0.849638507,64.81,414.950012,0.112528019,108519,1.73,9.21,146.3
31/05/1992,0,4.24,5.19,5.75,6.61,7.33,7.59,7.84,3.09,0.881363062,65.02,415.350006,0.109010211,108649,1.74,9.13,146.8
30/06/1992,0,4.05,4.83,5.39,6.29,7.14,7.47,7.79,3.09,0.773771123,65.03,408.140015,0.112802137,108715,1.79,9.05,147.1
31/07/1992,0,3.62,4.42,4.97,5.84,6.72,7.09,7.46,3.1,0.795467386,65.62,424.209991,0.096293419,108793,2,8.84,147.6
31/08/1992,0,3.47,4.15,4.69,5.6,6.62,7.02,7.42,3.15,0.785712818,65.29,414.029999,0.089576603,108925,2.06,8.65,147.9
30/09/1992,0,3.06,3.8,4.34,5.33,6.37,6.88,7.38,3.31,0.843301958,65.45,417.799988,0.091250301,108959,2.2,8.62,148.1
31/10/1992,0,3.54,4.4,4.98,5.9,6.8,7.22,7.63,3.26,1.032398885,65.94,418.679993,0.094896556,109139,2.25,8.84,148.8
30/11/1992,0,3.83,4.79,5.36,6.23,6.95,7.27,7.59,3.12,1.014760415,66.22,431.350006,0.097785199,109272,2.09,8.96,149.2
31/12/1992,0,3.61,4.56,5.12,6.04,6.7,7.05,7.4,3.09,0.875256218,66.28,435.709991,0.080311193,109495,2.04,8.81,149.6
31/01/1993,0,3.39,4.2,4.72,5.57,6.39,6.8,7.21,3,0.751321811,66.56,438.779999,0.071616254,109794,2.07,8.67,150.1
28/02/1993,0,3.32,3.92,4.37,5.21,6.03,6.47,6.9,2.71,0.774851909,66.86,443.380005,0.090919488,110044,2.13,8.39,150.6
31/03/1993,0,3.32,3.96,4.42,5.24,6.03,6.48,6.93,2.71,0.943529107,66.77,451.670013,0.102408364,109994,2.17,8.15,150.8
30/04/1993,0,3.26,3.83,4.3,5.14,6.05,6.5,6.95,2.79,0.930949336,67,440.190002,0.114141765,110296,2.17,8.14,151.4
31/05/1993,0,3.62,4.24,4.63,5.37,6.16,6.57,6.98,2.54,0.832276166,66.77,450.190002,0.105067685,110568,2.17,8.21,151.8
30/06/1993,0,3.45,4.03,4.39,5.05,5.8,6.24,6.68,2.35,0.681779617,66.88,450.529999,0.091761125,110749,2.11,8.07,152.1
31/07/1993,0,3.53,4.13,4.5,5.16,5.83,6.2,6.57,2.3,0.658366408,67.08,448.130005,0.090555513,111055,2.12,7.93,152.3
31/08/1993,0,3.38,3.88,4.2,4.8,5.45,5.77,6.09,2.07,0.589359511,67.01,463.559998,0.075259901,111206,1.92,7.6,152.8
30/09/1993,0,3.39,3.89,4.24,4.79,5.4,5.72,6.04,2.01,0.765586626,67.33,458.929993,0.070296367,111448,1.98,7.34,152.9
31/10/1993,0,3.47,3.99,4.3,4.83,5.43,6.12,5.96,1.96,0.783638299,67.85,467.829987,0.065401201,111733,1.98,7.31,153.4
30/11/1993,0,3.65,4.22,4.55,5.15,5.83,6.46,6.29,2.18,0.870235211,68.13,461.790009,0.075469662,111984,1.94,7.66,153.9
31/12/1993,0,3.63,4.25,4.58,5.21,5.83,6.48,6.35,2.2,0.793240333,68.51,466.450012,0.06849807,112314,1.92,7.69,154.3
31/01/1994,0,3.53,4.12,4.44,5.02,5.7,6.29,6.23,2.17,0.814118878,68.76,481.609985,0.0673422,112595,1.9,7.65,154.5
28/02/1994,0,4.03,4.67,5.04,5.6,6.15,6.75,6.67,2.12,0.854941601,68.78,467.140015,0.085184821,112781,1.79,7.76,154.8
31/03/1994,0,4.5,5.21,5.66,6.23,6.77,7.23,7.11,2.27,0.970526096,69.48,445.769989,0.098561056,113242,1.65,8.13,155.3
30/04/1994,0,5.07,5.73,6.16,6.64,7.06,7.44,7.31,1.99,1.374533819,69.87,450.910004,0.116411646,113586,1.55,8.52,155.5
31/05/1994,0,5.38,6.01,6.36,6.77,7.17,7.58,7.44,1.79,1.558374497,70.23,456.5,0.112283688,113921,1.44,8.62,155.9
30/06/1994,0,5.51,6.19,6.52,6.97,7.34,7.75,7.63,1.83,1.298790724,70.68,444.269989,0.105398624,114238,1.55,8.65,156.4
31/07/1994,0,5.37,5.99,6.33,6.73,7.12,7.46,7.39,1.75,1.241684203,70.78,458.26001,0.086726423,114610,1.5,8.8,156.7
31/08/1994,0,5.56,6.17,6.44,6.81,7.19,7.6,7.46,1.63,1.042443213,71.21,475.48999,0.082752215,114896,1.5,8.74,157.1
30/09/1994,0,5.96,6.62,6.92,7.28,7.62,7.98,7.82,1.66,1.035540744,71.48,462.709991,0.083548749,115247,1.52,8.98,157.5
31/10/1994,0,6.18,6.84,7.1,7.48,7.81,8.09,7.97,1.63,0.85504485,72.08,472.350006,0.100998154,115458,1.46,9.2,157.8
30/11/1994,0,6.91,7.4,7.62,7.79,7.91,8.1,7.99,1,0.893226235,72.53,453.690002,0.107426002,115869,1.36,9.32,158.2
31/12/1994,0,7.2,7.69,7.8,7.83,7.84,8.02,7.89,0.64,0.848161854,73.29,459.269989,0.101560815,116165,1.29,9.1,158.3
31/01/1995,0,6.84,7.26,7.39,7.54,7.6,7.81,7.71,0.76,0.827834968,73.42,470.420013,0.085562015,116501,1.3,9.08,159
28/02/1995,0,6.44,6.79,6.9,7.06,7.22,7.58,7.46,0.78,0.830811155,73.3,487.390015,0.0752084,116697,1.38,8.85,159.4
31/03/1995,0,6.49,6.8,6.92,7.08,7.2,7.54,7.44,0.71,0.909538282,73.41,500.709991,0.068020674,116907,1.5,8.7,159.9
30/04/1995,0,6.32,6.6,6.72,6.88,7.07,7.42,7.34,0.75,0.82383285,73.36,514.710022,0.067380219,117069,1.54,8.6,160.4
31/05/1995,0,5.8,5.89,5.95,6.08,6.3,6.72,6.67,0.5,0.826315079,73.61,533.400024,0.073917453,117049,1.57,8.2,160.7
30/06/1995,0,5.65,5.79,5.88,5.98,6.21,6.64,6.63,0.56,1.089170498,73.86,544.75,0.087789951,117286,1.73,7.9,161.1
31/07/1995,0,5.67,5.88,6.02,6.16,6.45,6.88,6.86,0.78,1.182380057,73.57,562.059998,0.097689787,117380,1.76,8.04,161.4
31/08/1995,0,5.65,5.85,5.95,6.07,6.28,6.72,6.65,0.63,1.118447648,74.5,561.880005,0.082331765,117634,1.7,8.19,161.8
30/09/1995,0,5.65,5.83,5.91,6.01,6.17,6.6,6.49,0.52,0.860179163,74.79,584.409973,0.073000595,117875,1.73,7.93,162.2
31/10/1995,0,5.55,5.61,5.7,5.81,6.03,6.4,6.34,0.48,0.728864142,74.7,581.5,0.065564196,118031,1.71,7.75,162.7
30/11/1995,0,5.36,5.36,5.41,5.53,5.76,6.2,6.14,0.4,0.663495282,74.89,605.369995,0.072093196,118175,1.75,7.68,163
31/12/1995,0,5.18,5.18,5.25,5.38,5.58,6.01,5.96,0.4,0.603725487,75.18,615.929993,0.086704754,118320,1.78,7.49,163.1
31/01/1996,0,4.9,4.93,5.06,5.25,5.6,6.07,6.03,0.7,0.707825508,74.68,636.02002,0.102456898,118316,1.82,7.47,163.7
29/02/1996,0,5.23,5.44,5.56,5.73,6.13,6.57,6.48,0.9,0.869378634,75.83,640.429993,0.119257669,118739,1.82,7.63,164
31/03/1996,0,5.41,5.79,5.91,6.1,6.34,6.83,6.67,0.93,1.193863784,75.76,645.5,0.134501388,118993,1.76,8.03,164.4
30/04/1996,0,5.62,6.03,6.19,6.4,6.66,7.06,6.89,1.04,1.313712448,76.46,654.169983,0.129623914,119158,1.68,8.19,164.6
31/05/1996,0,5.77,6.27,6.44,6.64,6.85,7.17,7,1.08,1.250590256,77.02,669.119995,0.123965486,119486,1.56,8.3,165
30/06/1996,0,5.7,6.11,6.3,6.47,6.73,7.03,6.9,1.03,1.046854314,77.67,670.630005,0.099078321,119769,1.49,8.4,165.4
31/07/1996,0,5.85,6.22,6.39,6.57,6.8,7.07,6.98,0.95,1.021782535,77.57,639.950012,0.122111881,120015,1.48,8.35,165.7
31/08/1996,0,5.91,6.34,6.54,6.73,6.96,7.28,7.13,1.05,1.088525152,78.02,651.98999,0.124441167,120199,1.54,8.18,166
30/09/1996,0,5.71,6.1,6.28,6.46,6.72,7.05,6.93,1.01,0.912700717,78.55,687.330017,0.131425242,120410,1.52,8.35,166.5
31/10/1996,0,5.44,5.77,5.92,6.1,6.37,6.74,6.66,0.93,0.842023894,78.51,705.27002,0.084426125,120665,1.54,8.07,166.8
30/11/1996,0,5.38,5.59,5.7,5.84,6.06,6.45,6.36,0.68,0.745153835,79.2,757.02002,0.083178178,120961,1.59,7.79,167.2
31/12/1996,0,5.51,5.88,6.04,6.21,6.43,6.73,6.65,0.92,0.771838366,79.71,740.73999,0.103592679,121143,1.59,7.89,167.4
31/01/1997,0,5.58,5.94,6.08,6.26,6.53,6.86,6.8,0.95,0.824051415,79.83,786.159973,0.122777394,121363,1.51,8.09,167.8
28/02/1997,0,5.67,6.09,6.23,6.39,6.56,6.91,6.8,0.89,0.868077947,80.79,790.820007,0.137600363,121675,1.52,7.94,168.1
31/03/1997,0,6.02,6.45,6.6,6.77,6.92,7.22,7.1,0.9,0.75125131,81.33,757.119995,0.135458813,121990,1.49,8.18,168.4
30/04/1997,0,5.9,6.29,6.42,6.57,6.72,7.05,6.95,0.82,0.755469697,81.35,801.340027,0.164579902,122286,1.45,8.34,168.9
31/05/1997,0,5.78,6.22,6.37,6.51,6.67,6.99,6.92,0.89,0.704760848,81.83,848.280029,0.170390637,122546,1.49,8.2,169.2
30/06/1997,0,5.67,6.08,6.25,6.4,6.51,6.86,6.8,0.84,0.703120567,82.23,885.140015,0.1637399,122814,1.53,8.02,169.4
31/07/1997,0,5.45,5.74,5.81,5.9,6.02,6.35,6.3,0.57,0.656448887,82.86,954.309998,0.143683125,123111,1.53,7.75,169.7
31/08/1997,0,5.59,5.97,6.1,6.22,6.34,6.69,6.61,0.75,0.847961997,83.72,899.469971,0.163190445,123093,1.52,7.82,169.8
30/09/1997,0,5.47,5.8,5.88,6,6.12,6.47,6.41,0.65,0.876767786,84.47,947.280029,0.166868195,123585,1.49,7.7,170.2
31/10/1997,0,5.36,5.63,5.7,5.72,5.84,6.21,6.15,0.48,0.904633396,85.19,914.619995,0.244568787,123929,1.54,7.57,170.6
30/11/1997,0,5.52,5.76,5.8,5.83,5.86,6.12,6.04,0.34,0.802058615,85.94,955.400024,0.240409539,124235,1.54,7.42,170.8
31/12/1997,0,5.51,5.66,5.68,5.71,5.75,6.02,5.93,0.24,0.706727159,86.2,970.429993,0.244820616,124549,1.51,7.32,171.2
31/01/1998,0,5.24,5.32,5.35,5.39,5.53,5.88,5.82,0.29,0.757709901,86.65,980.280029,0.175276422,124812,1.65,7.19,171.6
28/02/1998,0,5.41,5.55,5.55,5.59,5.62,5.99,5.92,0.21,0.86332608,86.76,1049.339966,0.154284697,125016,1.68,7.25,171.9
31/03/1998,0,5.41,5.6,5.61,5.64,5.67,6.02,5.94,0.26,0.789586175,86.82,1101.75,0.135845055,125164,1.67,7.32,172.2
30/04/1998,0,5.4,5.59,5.62,5.65,5.68,6.04,5.95,0.28,0.730799423,87.14,1111.75,0.112046565,125442,1.69,7.33,172.5
31/05/1998,0,5.42,5.53,5.54,5.56,5.56,5.9,5.81,0.14,0.713470075,87.7,1090.819946,0.123828056,125844,1.65,7.3,172.9
30/06/1998,0,5.38,5.49,5.49,5.47,5.44,5.73,5.62,0.06,0.6912692,87.15,1133.839966,0.138094784,126076,1.63,7.13,173.2
31/07/1998,0,5.38,5.49,5.48,5.52,5.5,5.81,5.72,0.12,0.554711459,86.84,1120.670044,0.142455462,126205,1.69,7.15,173.5
31/08/1998,0,4.95,4.91,4.85,4.91,5.05,5.45,5.3,0.1,0.566352937,88.62,957.280029,0.19258062,126544,1.8,7.14,174
30/09/1998,0,4.41,4.3,4.26,4.23,4.44,5.17,4.98,0.03,0.721986236,88.45,1017.01001,0.292641255,126752,2.28,7.09,174.2
31/10/1998,0,4.18,4.12,4.24,4.24,4.64,5.38,5.15,0.46,1.225955179,89.17,1098.670044,0.311440284,126954,2.65,7.18,174.4
30/11/1998,0,4.53,4.54,4.54,4.51,4.74,5.33,5.08,0.21,1.267529627,89.11,1163.630005,0.246809861,127231,2.51,7.34,174.8
31/12/1998,0,4.53,4.54,4.55,4.56,4.65,5.39,5.09,0.12,1.13924286,89.44,1229.22998,0.186157843,127596,2.58,7.23,175.4
31/01/1999,0,4.51,4.58,4.57,4.55,4.66,5.35,5.09,0.15,0.830369021,89.86,1279.640015,0.185048316,127702,2.57,7.29,175.6
28/02/1999,0,4.88,5.13,5.16,5.21,5.29,5.85,5.57,0.41,0.889851762,90.34,1238.329956,0.212090894,128120,2.39,7.39,175.6
31/03/1999,0,4.72,4.99,5.07,5.12,5.25,5.92,5.63,0.53,0.885424186,90.48,1286.369995,0.204256793,128227,2.3,7.53,175.7
30/04/1999,0,4.78,5.08,5.17,5.24,5.36,5.94,5.68,0.58,0.847941176,90.73,1335.180054,0.197589272,128597,2.3,7.48,176.3
31/05/1999,0,4.97,5.42,5.51,5.6,5.64,6.15,5.84,0.67,0.943083655,91.35,1301.839966,0.191490102,128808,2.18,7.72,176.5
30/06/1999,0,5.07,5.53,5.59,5.67,5.81,6.29,5.98,0.74,0.987492401,91.2,1372.709961,0.178042496,129089,2.12,8.02,176.6
31/07/1999,0,5.13,5.63,5.7,5.82,5.92,6.4,6.11,0.79,0.991147255,91.78,1328.719971,0.166326783,129414,2.16,7.95,177.1
31/08/1999,0,5.3,5.73,5.82,5.88,5.98,6.49,6.07,0.68,0.99930767,92.16,1320.410034,0.162399805,129569,2.21,8.15,177.3
30/09/1999,0,5.22,5.63,5.7,5.78,5.9,6.47,6.06,0.68,0.98776055,91.77,1282.709961,0.168446144,129772,2.28,8.2,177.8
31/10/1999,0,5.43,5.79,5.9,5.97,6.02,6.52,6.16,0.59,0.973896594,93,1362.930054,0.204581928,130177,2.27,8.38,178.1
30/11/1999,0,5.7,6.01,6.05,6.11,6.18,6.62,6.29,0.48,0.771014447,93.44,1388.910034,0.190098514,130466,2.12,8.15,178.4
31/12/1999,0,5.98,6.24,6.29,6.36,6.45,6.83,6.48,0.47,0.661512562,94.16,1469.25,0.170084442,130772,1.91,8.19,178.7
31/01/2000,0,6.3,6.61,6.65,6.71,6.68,6.72,6.49,0.38,0.794774601,94.18,1394.459961,0.172307167,131005,1.67,8.33,179.3
29/02/2000,0,6.2,6.53,6.58,6.61,6.42,6.46,6.15,0.22,0.959265697,94.46,1366.420044,0.196502124,131124,1.77,8.29,179.4
31/03/2000,0,6.28,6.5,6.44,6.32,6.03,6.2,5.84,-0.25,0.887686481,94.8,1498.579956,0.236458358,131596,2.11,8.37,180
30/04/2000,0,6.24,6.68,6.64,6.56,6.23,6.31,5.97,-0.01,0.983924461,95.48,1452.430054,0.271509929,131888,2.41,8.4,180.3
31/05/2000,0,6.37,6.69,6.66,6.54,6.29,6.42,6.02,-0.08,0.957792159,95.64,1420.599976,0.286073509,132105,2.46,8.9,180.7
30/06/2000,0,6.08,6.38,6.31,6.18,6.03,6.26,5.9,-0.05,0.940830712,95.74,1454.599976,0.254803199,132061,2.38,8.48,181.1
31/07/2000,0,6.07,6.3,6.24,6.16,6.04,6.13,5.79,-0.03,0.797289724,95.59,1430.829956,0.192473218,132236,2.3,8.35,181.5
31/08/2000,0,6.22,6.18,6.09,5.98,5.73,5.96,5.67,-0.49,0.709778353,95.31,1517.680054,0.137764699,132230,2.43,8.26,181.9
30/09/2000,0,6.07,5.98,5.91,5.85,5.8,6.13,5.88,-0.27,0.687103764,95.68,1436.51001,0.132171151,132353,2.55,8.35,182.3
31/10/2000,0,6.12,5.94,5.87,5.83,5.77,6.02,5.79,-0.35,0.574228788,95.4,1429.400024,0.17858225,132351,2.6,8.34,182.6
30/11/2000,0,5.92,5.61,5.52,5.42,5.48,5.78,5.6,-0.44,0.539217627,95.42,1314.949951,0.20321054,132556,2.56,8.28,183.1
31/12/2000,0,5.32,5.11,5.06,4.99,5.12,5.59,5.46,-0.2,0.643985647,95.16,1320.280029,0.242900155,132709,2.78,8.02,183.3
31/01/2001,0,4.6,4.62,4.67,4.85,5.19,5.65,5.54,0.59,1.009037551,94.54,1366.01001,0.238560429,132698,2.77,7.93,183.9
28/02/2001,0,4.47,4.41,4.48,4.7,4.92,5.51,5.34,0.45,1.078720078,93.94,1239.939941,0.23385872,132789,2.77,7.87,184.4
31/03/2001,0,4.09,4.18,4.33,4.62,4.93,5.6,5.46,0.84,0.933052066,93.72,1160.329956,0.239352209,132747,2.95,7.84,184.7
30/04/2001,0,3.94,4.3,4.55,4.97,5.35,5.92,5.78,1.41,1.020174323,93.45,1249.459961,0.268272456,132463,2.93,8.07,185.1
31/05/2001,0,3.63,4.22,4.49,4.94,5.43,5.95,5.78,1.8,1.048391288,92.88,1255.819946,0.268331671,132410,2.68,8.07,185.3
30/06/2001,0,3.72,4.25,4.52,4.97,5.42,5.91,5.75,1.7,1.037472347,92.32,1224.380005,0.205193955,132299,2.69,7.97,186
31/07/2001,3.67,3.53,3.79,4.06,4.57,5.07,5.61,5.51,1.54,0.847312134,91.79,1211.22998,0.165829282,132177,2.73,7.97,186.4
31/08/2001,3.4,3.41,3.64,3.91,4.46,4.85,5.47,5.39,1.44,0.831936683,91.68,1133.579956,0.160430808,132028,2.88,7.85,186.7
30/09/2001,2.28,2.49,2.86,3.22,3.93,4.6,5.45,5.42,2.11,0.986075369,91.33,1040.939941,0.220764234,131771,3.3,8.03,187.1
31/10/2001,2.15,2.07,2.44,2.87,3.66,4.3,5.05,4.89,2.23,0.996122426,90.93,1059.780029,0.228932816,131454,3.34,7.91,187.4
30/11/2001,1.87,2.06,2.84,3.3,4.08,4.78,5.54,5.27,2.72,1.22165894,90.49,1139.449951,0.233902572,131142,3.16,7.81,188.1
31/12/2001,1.68,2.17,3.07,3.59,4.38,5.07,5.74,5.48,2.9,1.339878884,90.51,1148.079956,0.16525349,130982,2.96,8.05,188.4
31/01/2002,1.69,2.29,3.16,3.7,4.42,5.07,5.68,5.44,2.78,1.329478892,91.08,1130.199951,0.151364039,130852,2.83,7.87,188.7
28/02/2002,1.76,2.25,3.06,3.64,4.27,4.88,5.61,5.54,2.63,1.005690026,91.06,1106.72998,0.16637558,130736,2.98,7.89,189.1
31/03/2002,1.76,2.7,3.72,4.31,4.91,5.42,6.03,5.91,2.72,0.891754444,91.8,1147.390015,0.170775793,130717,2.83,8.11,189.2
30/04/2002,1.77,2.35,3.24,3.83,4.53,5.11,5.74,5.72,2.76,0.801212887,92.18,1076.920044,0.168932651,130623,2.82,8.03,189.7
31/05/2002,1.72,2.34,3.22,3.73,4.37,5.08,5.77,5.75,2.74,0.800353029,92.57,1067.140015,0.177223601,130634,2.93,8.09,190
30/06/2002,1.69,2.06,2.9,3.37,4.09,4.86,5.65,5.7,2.8,0.873754157,93.45,989.820007,0.202788335,130684,3.02,7.95,190.2
31/07/2002,1.73,1.8,2.23,2.67,3.53,4.51,5.41,5.51,2.71,1.057205569,93.22,911.619995,0.308367671,130590,3.25,7.9,190.5
31/08/2002,1.7,1.74,2.14,2.5,3.22,4.14,5.06,5.11,2.4,1.235240547,93.24,916.070007,0.341525896,130587,3.32,7.58,191.1
30/09/2002,1.6,1.53,1.72,2.02,2.63,3.63,4.75,4.88,2.1,1.204684243,93.37,815.280029,0.360649519,130501,3.53,7.4,191.3
31/10/2002,1.48,1.46,1.68,2.05,2.81,3.93,5.03,5.28,2.47,1.238232748,93.08,885.76001,0.324277919,130628,3.79,7.73,191.5
30/11/2002,1.25,1.56,2.08,2.51,3.28,4.22,5.18,5.23,2.66,1.261990514,93.57,936.309998,0.300463277,130615,3.57,7.62,191.9
31/12/2002,1.2,1.32,1.61,1.99,2.78,3.83,4.83,5.03,2.51,1.205320128,93.11,879.820007,0.262795543,130472,3.42,7.45,192.1
31/01/2003,1.17,1.31,1.72,2.16,3.02,4,4.93,5.03,2.69,1.069135561,93.82,855.700012,0.222953999,130580,3.3,7.35,192.4
28/02/2003,1.21,1.24,1.53,1.91,2.69,3.71,4.7,4.9,2.47,0.90295732,93.95,841.150024,0.207489372,130444,3.16,7.06,192.5
31/03/2003,1.16,1.19,1.51,1.93,2.78,3.83,4.84,5.07,2.64,0.863620516,93.74,848.179993,0.239616909,130232,3.14,6.95,192.5
30/04/2003,1.13,1.22,1.51,1.95,2.85,3.89,4.79,5,2.67,0.822357092,93.07,916.919983,0.222351456,130177,2.89,6.85,192.5
31/05/2003,1.16,1.13,1.33,1.58,2.3,3.37,4.36,4.59,2.24,0.912913477,93.09,963.590027,0.211400295,130196,2.81,6.38,192.9
30/06/2003,0.81,1.09,1.32,1.66,2.46,3.54,4.52,4.81,2.45,0.931995611,93.25,974.5,0.163007984,130194,2.86,6.19,193
31/07/2003,0.91,1.28,1.8,2.33,3.38,4.49,5.43,5.56,3.21,1.093108872,93.66,990.309998,0.158771491,130191,2.64,6.62,193.4
31/08/2003,0.98,1.35,1.95,2.51,3.46,4.45,5.33,5.3,3.1,1.28181545,93.52,1008.01001,0.141339935,130149,2.56,7.01,193.6
30/09/2003,0.87,1.15,1.5,1.95,2.85,3.96,4.91,5.07,2.81,1.332860969,94.08,995.969971,0.138030004,130254,2.52,6.79,193.7
31/10/2003,0.96,1.31,1.85,2.36,3.27,4.33,5.2,5.28,3.02,1.219439994,94.21,1050.709961,0.125081222,130454,2.44,6.73,194
30/11/2003,0.96,1.39,2.06,2.56,3.38,4.34,5.2,5.23,2.95,1.093286524,94.93,1058.199951,0.129663189,130474,2.36,6.66,194
31/12/2003,0.9,1.26,1.84,2.37,3.25,4.27,5.1,5.23,3.01,0.927894768,94.87,1111.920044,0.103505112,130588,2.33,6.6,194.2
31/01/2004,0.85,1.28,1.84,2.35,3.17,4.16,5,5.11,2.88,0.974719285,95.11,1131.130005,0.106640997,130769,2.29,6.44,194.6
29/02/2004,0.95,1.21,1.66,2.13,3.01,3.99,4.85,5.01,2.78,0.900294208,95.68,1144.939941,0.100352547,130825,2.19,6.27,194.9
31/03/2004,0.96,1.2,1.6,1.99,2.8,3.86,4.77,4.93,2.66,0.88392742,95.21,1126.209961,0.122738063,131142,2.28,6.11,195.5
30/04/2004,0.83,1.55,2.31,2.86,3.63,4.53,5.31,5.39,2.98,0.95726113,95.64,1107.300049,0.126373815,131411,2.11,6.46,195.9
31/05/2004,0.94,1.83,2.54,3.1,3.81,4.66,5.39,5.42,2.83,0.9310214,96.4,1120.680054,0.130983499,131694,2.03,6.75,196.2
30/06/2004,1.17,2.09,2.7,3.16,3.81,4.62,5.33,5.41,2.53,0.869358326,95.6,1140.839966,0.111503927,131793,2.05,6.78,196.6
31/07/2004,1.27,2.13,2.68,3.09,3.71,4.5,5.24,5.31,2.37,0.93038401,96.34,1101.719971,0.101594464,131848,2.12,6.62,196.8
31/08/2004,1.45,1.99,2.41,2.75,3.33,4.13,4.93,5.01,2.14,0.899854822,96.41,1104.23999,0.11083088,131937,2.18,6.46,196.9
30/09/2004,1.47,2.21,2.63,2.89,3.38,4.14,4.89,4.97,1.93,0.846060996,96.49,1114.579956,0.107755119,132093,2.14,6.27,197.5
31/10/2004,1.73,2.28,2.56,2.82,3.3,4.05,4.79,4.87,1.77,0.813220563,97.41,1130.199951,0.118263243,132447,2.11,6.21,197.9
30/11/2004,2.07,2.63,3.02,3.29,3.72,4.36,5.03,5.07,1.73,0.745532836,97.61,1173.819946,0.104981371,132503,2.01,6.2,198.3
31/12/2004,1.89,2.75,3.08,3.25,3.63,4.24,4.85,4.86,1.49,0.753236894,98.33,1211.920044,0.102803728,132624,1.92,6.15,198.6
31/01/2005,2.06,2.96,3.29,3.43,3.71,4.14,4.64,4.62,1.18,0.653732223,98.78,1181.27002,0.09898952,132774,1.8,6.02,199
28/02/2005,2.51,3.2,3.59,3.75,4,4.36,4.79,4.71,1.16,0.607858146,99.46,1203.599976,0.099256568,133032,1.65,5.82,199.4
31/03/2005,2.63,3.35,3.8,3.96,4.18,4.5,4.88,4.76,1.15,0.690998418,99.31,1180.589966,0.103035997,133156,1.56,6.06,200.1
30/04/2005,2.7,3.33,3.66,3.73,3.9,4.21,4.61,4.53,0.88,0.792171264,99.47,1156.849976,0.118332586,133518,1.71,6.05,200.2
31/05/2005,2.8,3.32,3.6,3.65,3.76,4,4.4,4.36,0.68,0.745660705,99.6,1191.5,0.121311319,133690,1.87,6.01,200.5
30/06/2005,2.99,3.45,3.66,3.67,3.72,3.94,4.28,4.19,0.49,0.728723635,99.99,1191.329956,0.114607165,133942,1.86,5.86,200.6
31/07/2005,3.25,3.8,4.02,4.06,4.12,4.28,4.56,4.42,0.48,0.761628311,99.67,1234.180054,0.089473828,134296,1.77,5.95,200.9
31/08/2005,3.41,3.77,3.84,3.83,3.87,4.02,4.3,4.23,0.25,0.731379009,99.94,1220.329956,0.083777689,134498,1.7,5.96,201.1
30/09/2005,3.15,4.01,4.18,4.18,4.18,4.34,4.62,4.53,0.33,0.714973035,98.08,1228.810059,0.088252813,134566,1.83,6.03,201.3
31/10/2005,3.77,4.31,4.4,4.41,4.45,4.57,4.84,4.73,0.26,0.678545303,99.31,1207.01001,0.112793132,134655,1.84,6.3,202
30/11/2005,4,4.34,4.42,4.41,4.42,4.49,4.81,4.66,0.15,0.664362189,100.32,1249.47998,0.111787332,134993,1.85,6.39,202.5
31/12/2005,4.01,4.38,4.41,4.37,4.35,4.39,4.61,4.51,0.01,0.693798193,100.94,1248.290039,0.105880717,135149,1.85,6.32,202.8
31/01/2006,4.37,4.58,4.54,4.49,4.47,4.53,4.74,4.69,-0.05,0.66923411,101.06,1280.079956,0.088410306,135429,1.82,6.24,203.2
28/02/2006,4.47,4.73,4.69,4.67,4.61,4.55,4.7,4.51,-0.18,0.556903262,101.07,1280.660034,0.091467722,135737,1.7,6.27,203.6
31/03/2006,4.65,4.82,4.82,4.83,4.82,4.86,5.07,4.9,0.04,0.566857728,101.28,1294.869995,0.089008206,136047,1.69,6.41,204.3
30/04/2006,4.6,4.9,4.87,4.87,4.92,5.07,5.31,5.17,0.17,0.601175872,101.68,1310.609985,0.086685961,136205,1.69,6.68,204.8
31/05/2006,4.75,5.07,5.04,5.03,5.04,5.12,5.35,5.21,0.05,0.634657032,101.58,1270.089966,0.099576246,136244,1.64,6.75,205.4
30/06/2006,4.54,5.21,5.16,5.13,5.1,5.15,5.31,5.19,-0.06,0.621279889,101.97,1270.199951,0.129935931,136325,1.67,6.78,205.9
31/07/2006,5.02,5.11,4.97,4.93,4.91,4.99,5.17,5.07,-0.12,0.612579984,101.93,1276.660034,0.1429421,136520,1.67,6.76,206.3
31/08/2006,5.12,5.01,4.79,4.71,4.7,4.74,4.95,4.88,-0.27,0.541002418,102.33,1303.819946,0.122138005,136694,1.71,6.59,206.8
30/09/2006,4.6,4.91,4.71,4.62,4.59,4.64,4.84,4.77,-0.27,0.488743344,102.13,1335.849976,0.097980373,136843,1.71,6.43,207.2
31/10/2006,5.18,4.99,4.71,4.62,4.57,4.61,4.81,4.72,-0.38,0.514445288,102.07,1377.939941,0.073864166,136852,1.69,6.42,207.6
30/11/2006,5.22,4.94,4.62,4.52,4.45,4.46,4.66,4.56,-0.48,0.587631461,101.97,1400.630005,0.078549948,137063,1.6,6.2,207.8
31/12/2006,4.75,5,4.82,4.74,4.7,4.71,4.91,4.81,-0.29,0.630996656,103.03,1418.300049,0.073896496,137249,1.66,6.22,208.1
31/01/2007,5,5.09,4.94,4.85,4.82,4.83,5.02,4.93,-0.26,0.535175139,102.49,1438.23999,0.075142182,137477,1.58,6.34,208.6
28/02/2007,5.24,4.96,4.65,4.55,4.52,4.56,4.78,4.68,-0.4,0.626594012,103.53,1406.819946,0.099524582,137558,1.56,6.28,209.135
31/03/2007,5.07,4.9,4.58,4.54,4.54,4.65,4.92,4.84,-0.25,0.604339299,103.75,1420.859985,0.122009061,137793,1.71,6.27,209.418
30/04/2007,4.8,4.89,4.6,4.54,4.51,4.63,4.88,4.81,-0.26,0.590030163,104.48,1482.369995,0.122769207,137842,1.7,6.39,209.747
31/05/2007,4.78,4.95,4.92,4.88,4.86,4.9,5.1,5.01,-0.05,0.480965366,104.53,1530.619995,0.101713291,137993,1.64,6.39,210.058
30/06/2007,4.28,4.91,4.87,4.89,4.92,5.03,5.21,5.12,0.12,0.625629626,104.56,1503.349976,0.105295554,138069,1.6,6.7,210.392
31/07/2007,5.13,4.85,4.56,4.55,4.6,4.78,5,4.92,-0.07,0.805331809,104.52,1455.27002,0.135966659,138038,1.65,6.65,210.773
31/08/2007,4.02,4.19,4.15,4.16,4.25,4.54,4.87,4.83,0.35,0.826981442,104.76,1473.98999,0.192672846,138015,1.98,6.65,211.119
30/09/2007,3.43,4.05,3.97,4.03,4.23,4.59,4.89,4.83,0.54,0.853192741,105.16,1526.75,0.198415377,138095,2.07,6.59,211.554
31/10/2007,4.01,4.04,3.94,3.94,4.16,4.48,4.79,4.74,0.44,0.806799319,104.72,1549.380005,0.173997368,138174,1.95,6.48,212.077
30/11/2007,3.63,3.26,3.04,3.09,3.41,3.97,4.44,4.4,0.71,0.961295471,105.33,1481.140015,0.194040815,138284,2.25,6.4,212.66
31/12/2007,2.76,3.34,3.05,3.07,3.45,4.04,4.5,4.45,0.7,1.099961479,105.35,1468.359985,0.199591364,138392,2.55,6.65,213.168
31/01/2008,1.64,2.11,2.17,2.27,2.82,3.67,4.35,4.35,1.56,1.218802784,105.06,1378.550049,0.222345259,138403,2.8,6.54,213.771
29/02/2008,2.07,1.77,1.65,1.87,2.5,3.53,4.37,4.41,1.76,1.316612135,104.71,1330.630005,0.201451346,138324,3.08,6.82,213.939
31/03/2008,1.22,1.55,1.62,1.79,2.46,3.45,4.3,4.3,1.9,1.429261889,104.46,1322.699951,0.245172888,138275,3.38,6.89,214.42
30/04/2008,1.17,1.85,2.29,2.49,3.03,3.77,4.49,4.49,1.92,1.374156136,103.67,1385.589966,0.228316953,138035,3.29,6.97,214.56
31/05/2008,1.98,2.22,2.66,2.93,3.41,4.06,4.74,4.72,1.84,1.208152626,103.09,1400.380005,0.214038554,137858,3.05,6.93,214.936
30/06/2008,1.6,2.36,2.63,2.91,3.34,3.99,4.59,4.53,1.63,1.024898369,102.84,1280,0.167266668,137687,2.97,7.07,215.424
31/07/2008,1.55,2.27,2.52,2.81,3.25,3.99,4.63,4.59,1.72,1.040968693,102.3,1267.380005,0.194279896,137491,3.15,7.16,215.965
31/08/2008,1.63,2.17,2.36,2.6,3.1,3.83,4.47,4.43,1.66,0.972688481,100.74,1282.829956,0.215522405,137213,3.26,7.15,216.393
30/09/2008,1.02,1.78,2,2.28,2.98,3.85,4.43,4.31,2.07,1.289910872,96.37,1166.359985,0.345702433,136753,3.62,7.31,216.713
31/10/2008,0.12,1.34,1.56,1.8,2.8,4.01,4.74,4.35,2.67,1.538617767,97.28,968.75,0.593178353,136272,5.07,8.88,216.788
30/11/2008,0.02,0.9,1,1.27,1.93,2.93,3.71,3.45,2.03,1.845354145,96.06,896.23999,0.702613137,135545,5.68,9.21,216.947
31/12/2008,0.11,0.37,0.76,1,1.55,2.25,3.05,2.69,1.88,1.629310883,93.25,903.25,0.688931052,134839,6.01,8.43,216.925
31/01/2009,0.15,0.51,0.94,1.32,1.85,2.87,3.86,3.58,2.36,1.624616426,91.04,825.880005,0.535297076,134055,5.62,8.14,217.346
28/02/2009,0.16,0.72,1,1.4,1.99,3.02,3.98,3.71,2.3,1.492379418,90.45,735.090027,0.417189679,133312,5.21,8.08,217.792
31/03/2009,0.17,0.57,0.81,1.15,1.67,2.71,3.61,3.56,2.14,1.745259924,89.02,797.869995,0.421356422,132512,5.6,8.42,218.253
30/04/2009,0.04,0.49,0.91,1.38,2.02,3.16,4.1,4.05,2.67,1.696729573,88.31,872.809998,0.400106871,131817,5.46,8.39,218.706
31/05/2009,0.14,0.47,0.92,1.42,2.34,3.47,4.34,4.34,3,1.539370331,87.42,919.140015,0.360039743,131475,4.77,8.06,218.904
30/06/2009,0.17,0.56,1.11,1.64,2.54,3.53,4.3,4.32,2.97,1.442651357,87.07,919.320007,0.260519414,131008,3.78,7.5,219.112
31/07/2009,0.14,0.48,1.13,1.62,2.53,3.52,4.29,4.31,3.04,1.500555453,88.03,987.47998,0.228167959,130668,3.53,7.09,219.263
31/08/2009,0.11,0.43,0.97,1.49,2.39,3.4,4.14,4.18,2.97,1.309342786,89.02,1020.619995,0.186674573,130485,2.99,6.58,219.496
30/09/2009,0.06,0.4,0.95,1.45,2.31,3.31,4.02,4.03,2.91,1.201294029,89.69,1057.079956,0.165942859,130244,2.91,6.31,219.92
31/10/2009,0.01,0.37,0.9,1.43,2.31,3.41,4.19,4.23,3.04,1.025673267,89.98,1036.189941,0.170714194,130045,2.9,6.29,220.501
30/11/2009,0.08,0.27,0.67,1.12,2.01,3.21,4.07,4.2,2.94,0.886432576,90.34,1095.630005,0.173963541,130057,2.92,6.32,220.666
31/12/2009,0.04,0.47,1.14,1.7,2.69,3.85,4.58,4.63,3.38,0.923098901,90.61,1115.099976,0.155598087,129788,2.78,6.37,220.881
31/01/2010,0.02,0.3,0.82,1.38,2.34,3.63,4.38,4.51,3.33,0.788955363,91.66,1073.869995,0.142487393,129790,2.52,6.25,220.633
28/02/2010,0.09,0.32,0.81,1.36,2.3,3.61,4.4,4.55,3.29,0.836807729,91.99,1104.48999,0.149970838,129698,2.65,6.34,220.731
31/03/2010,0.15,0.41,1.02,1.6,2.55,3.84,4.55,4.72,3.43,0.763850453,92.6,1169.430054,0.144682537,129879,2.54,6.27,220.783
30/04/2010,0.14,0.41,0.97,1.51,2.43,3.69,4.36,4.53,3.28,0.770409679,92.94,1186.689941,0.130373135,130110,2.4,6.25,220.822
31/05/2010,0.15,0.34,0.76,1.26,2.1,3.31,4.05,4.22,2.97,0.954901125,94.3,1089.410034,0.208612481,130650,2.63,6.05,220.962
30/06/2010,0.17,0.32,0.61,1,1.79,2.97,3.74,3.91,2.65,1.029847638,94.44,1030.709961,0.252251879,130511,3.03,6.23,221.194
31/07/2010,0.14,0.29,0.55,0.84,1.6,2.94,3.74,3.98,2.65,0.961534203,94.85,1101.599976,0.262451477,130427,3,6.01,221.363
31/08/2010,0.16,0.25,0.47,0.72,1.33,2.47,3.23,3.52,2.22,0.934020379,95.14,1049.329956,0.20042487,130422,2.96,5.66,221.509
30/09/2010,0.14,0.27,0.42,0.64,1.27,2.53,3.38,3.69,2.26,1.019222036,95.36,1141.199951,0.18540368,130357,3.01,5.66,221.711
31/10/2010,0.14,0.22,0.34,0.51,1.17,2.63,3.64,3.99,2.41,1.002239723,95.11,1183.26001,0.153110021,130625,3.18,5.72,221.83
30/11/2010,0.18,0.27,0.45,0.72,1.47,2.81,3.8,4.12,2.54,1.026265238,95.14,1180.550049,0.130784527,130750,3.16,5.92,222.149
31/12/2010,0.07,0.29,0.61,1.02,2.01,3.3,4.13,4.34,3.01,1.237853414,96.06,1257.640015,0.113103446,130822,2.81,6.1,222.343
31/01/2011,0.15,0.26,0.58,0.98,1.95,3.42,4.33,4.58,3.16,1.280657935,95.94,1286.119995,0.117076678,130841,2.7,6.09,222.803
28/02/2011,0.13,0.25,0.69,1.18,2.13,3.42,4.25,4.49,3.17,1.183153285,95.52,1327.219971,0.103281877,131053,2.57,6.15,223.213
31/03/2011,0.05,0.3,0.8,1.29,2.24,3.47,4.29,4.51,3.17,0.911054985,96.46,1325.829956,0.131967633,131288,2.62,6.03,223.454
30/04/2011,0.02,0.22,0.61,1.01,1.97,3.32,4.15,4.4,3.1,0.818328184,96.12,1363.609985,0.125826655,131602,2.56,6.02,223.727
31/05/2011,0.04,0.18,0.45,0.79,1.68,3.05,3.91,4.22,2.87,0.657980131,96.34,1345.199951,0.117508343,131703,2.61,5.78,224.175
30/06/2011,0.01,0.19,0.45,0.81,1.76,3.18,4.09,4.38,2.99,0.748048308,96.62,1320.640015,0.125773531,131939,2.75,5.75,224.697
31/07/2011,0.16,0.2,0.36,0.55,1.35,2.82,3.77,4.12,2.62,0.827322958,97.13,1292.280029,0.145226971,131999,2.76,5.76,225.218
31/08/2011,0.01,0.1,0.2,0.33,0.96,2.23,3.19,3.6,2.13,1.253796495,97.67,1218.890015,0.309148265,132125,3.06,5.36,225.862
30/09/2011,0.02,0.13,0.25,0.42,0.96,1.92,2.66,2.9,1.79,1.30285432,97.65,1131.420044,0.337329259,132358,3.29,5.27,226.118
31/10/2011,0.02,0.12,0.25,0.41,0.99,2.17,2.89,3.16,2.05,1.349262196,98.32,1253.300049,0.355517134,132562,3.22,5.37,226.506
30/11/2011,0.02,0.12,0.25,0.41,0.96,2.08,2.77,3.06,1.96,1.173133811,98.24,1246.959961,0.28617222,132694,3.13,5.14,226.899
31/12/2011,0.01,0.12,0.25,0.36,0.83,1.89,2.57,2.89,1.77,1.04279882,98.79,1257.599976,0.262411286,132896,3.27,5.25,227.405
31/01/2012,0.04,0.13,0.22,0.3,0.71,1.83,2.59,2.94,1.7,0.780640582,99.39,1312.410034,0.207937803,133250,3.26,5.23,227.877
29/02/2012,0.08,0.18,0.3,0.43,0.87,1.98,2.73,3.08,1.8,0.778071642,99.62,1365.680054,0.127801759,133512,3.17,5.14,228.034
31/03/2012,0.05,0.19,0.33,0.51,1.04,2.23,3,3.35,2.04,0.779975373,99.16,1408.469971,0.092578901,133752,3.06,5.23,228.478
30/04/2012,0.07,0.2,0.27,0.38,0.82,1.95,2.73,3.12,1.75,0.763850453,99.9,1397.910034,0.117398266,133834,3.14,5.19,228.905
31/05/2012,0.03,0.18,0.27,0.35,0.67,1.59,2.27,2.67,1.41,0.752561539,100.09,1310.329956,0.133224328,133934,3.27,5.07,229.224
30/06/2012,0.04,0.21,0.33,0.41,0.72,1.67,2.38,2.76,1.46,0.7068021,100.07,1362.160034,0.156908893,134007,3.4,5.02,229.623
31/07/2012,0.07,0.16,0.23,0.3,0.6,1.51,2.21,2.56,1.35,0.742661841,100.34,1379.319946,0.164298491,134159,3.34,4.87,229.97
31/08/2012,0.09,0.16,0.22,0.3,0.59,1.57,2.29,2.68,1.41,0.698318198,99.86,1406.579956,0.137349375,134331,3.23,4.91,230.233
30/09/2012,0.06,0.17,0.23,0.31,0.62,1.65,2.42,2.82,1.48,0.713588845,99.9,1440.670044,0.116683777,134518,3.12,4.84,230.659
31/10/2012,0.09,0.18,0.3,0.38,0.72,1.72,2.46,2.85,1.54,0.673006577,100.12,1412.160034,0.105226937,134677,2.83,4.58,231.024
30/11/2012,0.11,0.18,0.25,0.34,0.61,1.62,2.37,2.81,1.44,0.639584081,100.6,1416.180054,0.128081867,134833,2.86,4.51,231.33
31/12/2012,0.02,0.16,0.25,0.36,0.72,1.78,2.54,2.95,1.62,0.571176801,100.95,1426.189941,0.122767919,135072,2.91,4.63,231.725
31/01/2013,0.04,0.15,0.27,0.42,0.88,2.02,2.79,3.17,1.87,0.501938333,100.82,1498.109985,0.124754316,135263,2.82,4.73,232.229
28/02/2013,0.07,0.17,0.25,0.36,0.77,1.89,2.71,3.1,1.72,0.541100312,101.4,1514.680054,0.114669803,135541,2.87,4.85,232.569
31/03/2013,0.04,0.14,0.25,0.36,0.77,1.87,2.71,3.1,1.73,0.509479351,101.81,1569.189941,0.107038079,135680,2.89,4.85,232.794
30/04/2013,0.03,0.11,0.22,0.32,0.68,1.7,2.49,2.88,1.59,0.520348645,101.64,1597.569946,0.118904295,135871,2.83,4.59,232.832
31/05/2013,0.03,0.14,0.3,0.52,1.05,2.16,2.95,3.3,2.02,0.675912231,101.75,1630.73999,0.108350111,136093,2.8,4.73,232.996
30/06/2013,0.02,0.15,0.36,0.66,1.41,2.52,3.22,3.52,2.37,0.79750228,101.95,1606.280029,0.141764853,136274,2.89,5.19,233.35
31/07/2013,0.03,0.11,0.31,0.61,1.38,2.6,3.34,3.64,2.49,0.910310526,101.52,1685.72998,0.120824388,136386,2.74,5.32,233.88
31/08/2013,0.02,0.13,0.39,0.79,1.62,2.78,3.46,3.7,2.65,0.982513064,102.19,1632.969971,0.12052333,136628,2.68,5.42,234.336
30/09/2013,0.03,0.1,0.33,0.63,1.39,2.64,3.41,3.69,2.54,0.88577506,102.72,1681.550049,0.091389622,136815,2.66,5.47,234.7
31/10/2013,0.03,0.1,0.31,0.57,1.31,2.57,3.33,3.63,2.47,0.767286657,102.54,1756.540039,0.108443411,137040,2.69,5.31,234.921
30/11/2013,0.05,0.13,0.28,0.56,1.37,2.75,3.54,3.82,2.62,0.745153835,102.84,1805.810059,0.102609176,137304,2.66,5.38,235.359
31/12/2013,0.01,0.13,0.38,0.78,1.75,3.04,3.72,3.96,2.91,0.673572984,103.15,1848.359985,0.103360747,137373,2.48,5.38,235.759
31/01/2014,0.03,0.1,0.34,0.69,1.49,2.67,3.35,3.61,2.57,0.686322181,102.72,1782.589966,0.105702906,137548,2.33,5.19,235.961
28/02/2014,0.04,0.12,0.33,0.69,1.51,2.66,3.31,3.59,2.54,0.619657961,103.59,1859.449951,0.117922063,137714,2.39,5.1,236.185
31/03/2014,0.03,0.13,0.44,0.9,1.73,2.73,3.31,3.56,2.6,0.680519908,104.59,1872.339966,0.119367116,137968,2.34,5.06,236.625
30/04/2014,0.02,0.11,0.42,0.87,1.69,2.67,3.22,3.47,2.56,0.618288827,104.64,1883.949951,0.120515057,138293,2.19,4.9,237.072
31/05/2014,0.05,0.1,0.37,0.79,1.54,2.48,3.05,3.33,2.38,0.567100615,105.02,1923.569946,0.10261616,138511,2.2,4.76,237.529
30/06/2014,0.02,0.11,0.47,0.88,1.62,2.53,3.08,3.34,2.42,0.521297815,105.41,1960.22998,0.094749633,138837,2.2,4.8,237.837
31/07/2014,0.01,0.12,0.53,1.02,1.76,2.58,3.07,3.32,2.46,0.572899011,105.62,1930.670044,0.075555743,139069,2.19,4.73,238.195
31/08/2014,0.02,0.09,0.48,0.94,1.63,2.35,2.83,3.09,2.26,0.532257478,105.5,2003.369995,0.08587708,139257,2.27,4.69,238.405
30/09/2014,0.02,0.13,0.58,1.07,1.78,2.52,2.98,3.21,2.39,0.543132523,105.81,1972.290039,0.095078064,139566,2.27,4.8,238.786
31/10/2014,0.01,0.11,0.5,0.95,1.62,2.35,2.81,3.07,2.24,0.56859302,105.84,2018.050049,0.128440714,139818,2.39,4.69,239.191
30/11/2014,0.04,0.13,0.47,0.88,1.49,2.18,2.62,2.89,2.05,0.56510461,106.66,2067.560059,0.126636862,140109,2.46,4.79,239.458
31/12/2014,0.03,0.25,0.67,1.1,1.65,2.17,2.47,2.75,1.92,0.637704216,106.51,2058.899902,0.139986518,140377,2.53,4.74,239.584
31/01/2015,0.01,0.18,0.47,0.77,1.18,1.68,2.04,2.25,1.5,0.734712365,105.98,1994.98999,0.133415141,140568,2.57,4.45,239.811
28/02/2015,0.02,0.22,0.63,1.01,1.5,2,2.38,2.6,1.78,0.880565432,105.44,2104.5,0.145778428,140839,2.53,4.51,240.172
31/03/2015,0.05,0.26,0.56,0.89,1.37,1.94,2.31,2.54,1.68,0.924005038,105.15,2067.889893,0.140808085,140910,2.5,4.54,240.755
30/04/2015,0,0.24,0.58,0.91,1.43,2.05,2.49,2.75,1.81,0.839840414,104.53,2085.51001,0.109053864,141194,2.54,4.48,241.346
31/05/2015,0.01,0.26,0.61,0.94,1.49,2.12,2.63,2.88,1.86,0.83309036,104.07,2107.389893,0.114290268,141525,2.69,4.89,241.688
30/06/2015,0.02,0.28,0.64,1.01,1.63,2.35,2.83,3.11,2.07,0.922180387,103.72,2063.110107,0.102471119,141699,2.77,5.13,242.064
31/07/2015,0.04,0.33,0.67,1,1.54,2.2,2.61,2.92,1.87,0.962943346,104.32,2103.840088,0.109386716,142001,2.88,5.2,242.565
31/08/2015,0,0.39,0.74,1.07,1.54,2.21,2.64,2.95,1.82,0.919177353,104.16,1972.180054,0.182558198,142126,3.02,5.19,242.817
30/09/2015,0,0.33,0.64,0.92,1.37,2.06,2.51,2.87,1.73,0.811447058,103.78,1920.030029,0.21096711,142281,3.17,5.34,243.316
31/10/2015,0.01,0.34,0.75,1.05,1.52,2.16,2.57,2.93,1.82,0.780518443,103.4,2079.360107,0.220494882,142587,3.27,5.34,243.768
30/11/2015,0.11,0.51,0.94,1.24,1.65,2.21,2.63,2.98,1.7,0.676371801,102.69,2080.409912,0.152271289,142824,3.2,5.46,244.241
31/12/2015,0.14,0.65,1.06,1.31,1.76,2.27,2.67,3.01,1.62,0.710151372,102.1,2043.939941,0.144347634,143097,3.22,5.46,244.547
31/01/2016,0.22,0.47,0.76,0.97,1.33,1.94,2.36,2.75,1.47,0.693411284,102.95,1940.23999,0.17839767,143205,3.36,5.45,244.955
29/02/2016,0.23,0.62,0.78,0.91,1.22,1.74,2.19,2.61,1.12,0.729793717,102.22,1932.22998,0.201830588,143417,3.56,5.34,245.51
31/03/2016,0.18,0.59,0.73,0.87,1.21,1.78,2.2,2.61,1.19,0.712652997,101.42,2059.73999,0.186057065,143654,3.24,5.13,245.913
30/04/2016,0.16,0.56,0.77,0.92,1.28,1.83,2.26,2.66,1.27,0.698924719,101.52,2065.300049,0.133151899,143851,2.98,4.79,246.551
31/05/2016,0.27,0.68,0.87,1.03,1.37,1.84,2.23,2.64,1.16,0.619390077,101.43,2096.949951,0.101704399,143892,2.87,4.68,247.137
30/06/2016,0.2,0.45,0.58,0.71,1.01,1.49,1.86,2.3,1.04,0.715664126,101.87,2098.860107,0.135560624,144150,2.89,4.53,247.54
31/07/2016,0.19,0.5,0.67,0.76,1.03,1.46,1.78,2.18,0.96,0.737724398,102.13,2173.600098,0.132651267,144521,2.72,4.22,247.829
31/08/2016,0.26,0.61,0.8,0.92,1.19,1.58,1.9,2.23,0.97,0.754436034,102.04,2170.949951,0.122747477,144664,2.68,4.24,248.423
30/09/2016,0.2,0.59,0.77,0.88,1.14,1.6,1.99,2.32,1.01,0.611241212,102.05,2168.27002,0.098213228,144953,2.68,4.31,248.842
31/10/2016,0.2,0.66,0.86,1,1.31,1.84,2.25,2.58,1.18,0.518656184,102.25,2126.149902,0.097854669,145071,2.62,4.38,249.142
30/11/2016,0.38,0.8,1.11,1.4,1.83,2.37,2.73,3.02,1.57,0.636212975,102.05,2198.810059,0.111919798,145201,2.57,4.71,249.481
31/12/2016,0.44,0.85,1.2,1.47,1.93,2.45,2.79,3.06,1.6,0.693411284,102.93,2238.830078,0.085934842,145415,2.34,4.83,249.92
31/01/2017,0.5,0.84,1.19,1.46,1.9,2.45,2.78,3.05,1.61,0.77825315,103.04,2278.870117,0.083814488,145612,2.23,4.66,250.462
28/02/2017,0.4,0.88,1.22,1.49,1.89,2.36,2.7,2.97,1.48,0.666654308,102.65,2363.639893,0.064953901,145795,2.22,4.64,250.903
31/03/2017,0.74,1.03,1.27,1.5,1.93,2.4,2.76,3.02,1.37,0.655673846,103.34,2362.719971,0.065709015,145934,2.2,4.68,250.836
30/04/2017,0.68,1.07,1.28,1.45,1.81,2.29,2.67,2.96,1.22,0.621166208,104.27,2384.199951,0.069751391,146154,2.27,4.57,251.252
31/05/2017,0.86,1.17,1.28,1.44,1.75,2.21,2.6,2.87,1.04,0.570824312,104.41,2411.800049,0.072612801,146295,2.25,4.55,251.488
30/06/2017,0.84,1.24,1.38,1.55,1.89,2.31,2.61,2.84,1.07,0.559275914,104.58,2423.409912,0.074927695,146506,2.18,4.37,251.822
31/07/2017,1,1.23,1.34,1.51,1.84,2.3,2.66,2.89,1.07,0.518880803,104.54,2470.300049,0.07078071,146734,2.07,4.39,252.047
31/08/2017,0.95,1.23,1.33,1.44,1.7,2.12,2.47,2.73,0.89,0.481368987,104.05,2471.649902,0.075472554,146924,2.1,4.31,252.597
30/09/2017,0.96,1.31,1.47,1.62,1.92,2.33,2.63,2.86,1.02,0.535755446,104.05,2519.360107,0.072229216,146966,2.1,4.3,253.039
31/10/2017,0.99,1.43,1.6,1.73,2.01,2.38,2.66,2.88,0.95,0.532416673,105.63,2575.26001,0.070962846,147215,1.96,4.32,253.535
30/11/2017,1.14,1.62,1.78,1.9,2.14,2.42,2.65,2.83,0.8,0.467072564,106.19,2647.580078,0.051621242,147411,1.92,4.27,253.744
31/12/2017,1.28,1.76,1.89,1.98,2.2,2.4,2.58,2.74,0.64,0.464381005,106.54,2673.610107,0.05496863,147590,1.82,4.22,254.308
31/01/2018,1.43,1.9,2.14,2.29,2.52,2.72,2.83,2.95,0.82,0.460739702,106.27,2823.810059,0.072301983,147671,1.68,4.26,255.007
28/02/2018,1.5,2.07,2.25,2.42,2.65,2.87,3.02,3.13,0.8,0.509818845,106.64,2713.830078,0.163214995,148049,1.65,4.51,255.472
31/03/2018,1.63,2.09,2.27,2.39,2.56,2.74,2.85,2.97,0.65,0.547309805,107.25,2640.870117,0.197285182,148244,1.8,4.64,256.117
30/04/2018,1.65,2.24,2.49,2.62,2.79,2.95,3.01,3.11,0.71,0.556014876,108.22,2648.050049,0.214530129,148397,1.8,4.67,256.656
31/05/2018,1.76,2.23,2.4,2.54,2.68,2.83,2.91,3,0.6,0.620477991,107.36,2705.27002,0.161554183,148667,1.85,4.83,257.157
30/06/2018,1.77,2.33,2.52,2.63,2.73,2.85,2.91,2.98,0.52,0.610981197,108.17,2718.370117,0.11465631,148881,1.92,4.83,257.534
31/07/2018,1.94,2.44,2.67,2.77,2.85,2.96,3.03,3.08,0.52,0.608154335,108.65,2816.290039,0.093038018,149030,1.9,4.79,257.93
31/08/2018,1.95,2.46,2.62,2.7,2.74,2.86,2.95,3.02,0.4,0.440619428,109.52,2901.52002,0.079760027,149259,1.88,4.77,258.08
30/09/2018,2.12,2.59,2.81,2.88,2.94,3.05,3.13,3.19,0.46,0.447182012,109.67,2913.97998,0.072350591,149364,1.88,4.88,258.534
31/10/2018,2.2,2.69,2.87,2.93,2.98,3.15,3.3,3.39,0.46,0.527519513,109.92,2711.73999,0.146216514,149576,1.92,5.07,258.989
30/11/2018,2.31,2.7,2.8,2.83,2.84,3.01,3.19,3.3,0.31,0.534111808,110.51,2760.169922,0.178580661,149668,2.1,5.22,259.415
31/12/2018,2.44,2.63,2.48,2.46,2.51,2.69,2.87,3.02,0.06,0.512409562,110.55,2506.850098,0.241126247,149908,2.3,5.13,259.873
31/01/2019,2.42,2.55,2.45,2.43,2.43,2.63,2.83,2.99,0.08,0.537150885,110.12,2704.100098,0.230764025,150145,2.41,5.12,260.419
28/02/2019,2.44,2.54,2.52,2.5,2.52,2.73,2.94,3.09,0.19,0.592299932,109.56,2784.48999,0.20984081,150095,2.27,4.95,260.722
31/03/2019,2.43,2.4,2.27,2.21,2.23,2.41,2.63,2.81,0.01,0.572010776,109.68,2834.399902,0.136107135,150263,2.27,4.84,261.339
30/04/2019,2.43,2.39,2.27,2.24,2.28,2.51,2.75,2.93,0.12,0.515432735,108.99,2945.830078,0.089505706,150482,2.17,4.7,262.05
31/05/2019,2.35,2.21,1.95,1.9,1.93,2.14,2.39,2.58,-0.07,0.544852647,109.23,2752.060059,0.114149478,150545,2.23,4.63,262.384
30/06/2019,2.18,1.92,1.75,1.71,1.76,2,2.31,2.52,0.08,0.556294236,109.28,2941.76001,0.114540735,150720,2.39,4.46,263.117
31/07/2019,2.01,2,1.89,1.84,1.84,2.02,2.31,2.53,0.02,0.587168587,109.09,2980.379883,0.116589568,150913,2.22,4.28,263.616
31/08/2019,2.1,1.76,1.5,1.42,1.39,1.5,1.78,1.96,-0.26,0.69316681,109.85,2926.459961,0.151641226,151108,2.24,3.87,264.151
30/09/2019,1.91,1.75,1.63,1.56,1.55,1.68,1.94,2.12,-0.07,0.803220038,109.47,2976.73999,0.150861996,151329,2.21,3.91,264.603
31/10/2019,1.59,1.53,1.52,1.52,1.51,1.69,2,2.17,0.16,0.783349862,109.03,3037.560059,0.148224525,151524,2.21,3.92,265.026
30/11/2019,1.62,1.6,1.61,1.61,1.62,1.78,2.07,2.21,0.18,0.75726239,110.04,3140.97998,0.095544937,151758,2.13,3.94,265.427
31/12/2019,1.48,1.59,1.58,1.62,1.69,1.92,2.25,2.39,0.33,0.719796738,109.65,3230.780029,0.082379918,151919,2.02,3.88,265.651
31/01/2020,1.56,1.45,1.33,1.3,1.32,1.51,1.83,1.99,0.06,0.638650369,109.18,3225.52002,0.078152384,152234,2.01,3.77,266.306
29/02/2020,1.45,0.97,0.86,0.85,0.89,1.13,1.46,1.65,0.16,0.641876662,109.3,2954.219971,0.163240654,152523,2.11,3.61,266.876
31/03/2020,0.05,0.17,0.23,0.29,0.37,0.7,1.15,1.35,0.53,1.402728878,104.52,2584.590088,0.575669071,150840,3.42,4.29,266.82
30/04/2020,0.1,0.16,0.2,0.24,0.36,0.64,1.05,1.28,0.48,1.426769394,91.27,2912.429932,0.62454051,130161,3.47,4.13,265.836
31/05/2020,0.13,0.17,0.16,0.19,0.3,0.65,1.18,1.41,0.48,1.396717297,92.06,3044.310059,0.61254724,132994,3.28,3.95,265.637
30/06/2020,0.13,0.16,0.16,0.18,0.29,0.66,1.18,1.41,0.5,0.721594867,97.8,3100.290039,0.306763961,137840,2.91,3.64,266.282
31/07/2020,0.09,0.11,0.11,0.11,0.21,0.55,0.98,1.2,0.44,0.584014937,101.91,3271.120117,0.22227827,139566,2.69,3.31,267.722
31/08/2020,0.08,0.12,0.14,0.15,0.28,0.72,1.26,1.49,0.6,0.472185387,102.66,3500.310059,0.195479753,141149,2.62,3.27,268.654
30/09/2020,0.08,0.12,0.13,0.16,0.28,0.69,1.23,1.46,0.57,0.401788023,102.6,3363,0.170352909,141865,2.68,3.36,269.155
31/10/2020,0.08,0.13,0.14,0.19,0.38,0.88,1.43,1.65,0.75,0.458904369,103.61,3269.959961,0.195913178,142545,2.65,3.44,269.35
30/11/2020,0.08,0.11,0.16,0.19,0.36,0.84,1.37,1.58,0.73,0.578425683,104.09,3621.629883,0.213311595,142809,2.43,3.3,269.819
31/12/2020,0.08,0.1,0.13,0.17,0.36,0.93,1.45,1.65,0.83,0.588592115,105.72,3756.070068,0.162079336,142503,2.23,3.16,269.94
