,Start,End,Comment,AR_IC,LR_IC,DT_IC,RF_IC,XB_IC,AR_HR,LR_HR,DT_HR,RF_HR,XB_HR,AR_RMSFE,LR_RMSFE,DT_RMSFE,RF_RMSFE,XB_RMSFE
1,29/02/1968,31/12/2019,Total2019,0.02,0.09,0.06,0.08,0.05,0.51,0.52,0.52,0.53,0.58,0.044333014,0.04809915,0.050822687,0.045595029,0.045670528
2,29/02/1968,31/12/2020,Total2020,0.02,0.07,0.05,0.07,0.04,0.51,0.51,0.52,0.53,0.57,0.045086823,0.085128321,0.05165657,0.046412957,0.046443888
3,31/01/1973,31/12/1982,High Inflation,-0.07,0.14,0.13,0.1,0.01,0.59,0.6,0.59,0.58,0.51,0.048784761,0.053846204,0.053767009,0.049406941,0.050215997
4,29/02/1968,31/12/2007,Pre-GFC,-0.05,0.08,0.05,0.08,0.02,0.49,0.51,0.51,0.53,0.56,0.044528585,0.048045286,0.0514786,0.045225677,0.045814521
5,31/01/2008,31/12/2009,GFC,0.27,0.16,-0.02,-0.12,-0.12,0.5,0.62,0.54,0.54,0.46,0.067160292,0.077981549,0.077145379,0.079340745,0.074771102
6,31/01/2010,31/12/2019,Post-GFC2019,0,-0.03,0.05,0.05,0.13,0.58,0.51,0.55,0.54,0.66,0.037242829,0.039757786,0.040514302,0.037008064,0.036499727
7,31/01/2010,31/12/2020,Post-GFC2020,-0.01,0.08,0.01,0,0.03,0.58,0.51,0.54,0.52,0.64,0.041998456,0.159309386,0.046239557,0.042380494,0.041754424
8,31/01/2020,31/12/2020,Covid,-0.08,0.14,-0.1,-0.13,-0.24,0.5,0.5,0.42,0.33,0.5,0.074379362,0.513193403,0.084291022,0.077853712,0.076520913
9,31/12/1969,30/11/1970,Recession,-0.29,-0.36,0.45,-0.15,0.01,0.5,0.42,0.75,0.42,0.33,0.055375244,0.057748079,0.049345575,0.056619284,0.057645714
10,31/12/1970,31/10/1973,Expansion,-0.1,0.16,0.06,0.25,0.27,0.37,0.51,0.51,0.63,0.57,0.031374787,0.033711039,0.038825889,0.030965706,0.030056711
11,30/11/1973,31/03/1975,Recession,-0.2,0.43,0,0.14,0.11,0.65,0.71,0.59,0.76,0.53,0.077626252,0.065947791,0.081653838,0.073180815,0.076101049
12,30/04/1975,31/12/1979,Expansion,0.06,0.13,0.11,0.01,-0.09,0.65,0.58,0.54,0.51,0.53,0.039157818,0.049451453,0.048889227,0.042481095,0.042156974
13,31/01/1980,31/07/1980,Recession,-0.16,-0.08,-0.17,0.03,-0.52,0.29,0.57,0.57,0.43,0.71,0.058427227,0.070437138,0.059354833,0.060539531,0.060048391
14,31/08/1980,30/06/1981,Expansion,0.13,-0.21,-0.01,0,-0.17,0.55,0.45,0.55,0.55,0.36,0.037328585,0.057045151,0.045645587,0.042485979,0.041811231
15,31/07/1981,30/11/1982,Recession,-0.19,0.07,0.51,0.23,0.17,0.59,0.59,0.71,0.59,0.41,0.052461085,0.055848233,0.047163026,0.050492814,0.052789714
16,31/12/1982,30/06/1990,Expansion,-0.26,0.1,-0.04,-0.04,-0.17,0.43,0.52,0.48,0.49,0.56,0.050012321,0.049346127,0.056922589,0.049691948,0.05087499
17,31/07/1990,31/03/1991,Recession,-0.31,-0.52,-0.58,-0.4,-0.55,0.56,0.33,0.22,0.22,0.56,0.051277053,0.06726217,0.077791371,0.063779623,0.058936456
18,30/04/1991,28/02/2001,Expansion,-0.01,0.05,0.08,0.14,0.1,0.49,0.55,0.55,0.55,0.62,0.040302823,0.042456716,0.044151905,0.039579218,0.041039495
19,31/03/2001,30/11/2001,Recession,-0.31,-0.48,-0.59,-0.34,-0.16,0.22,0.44,0.33,0.44,0.56,0.062195036,0.075378087,0.087476775,0.067512735,0.062566633
20,31/12/2001,30/11/2007,Expansion,-0.19,0.01,-0.08,-0.03,-0.13,0.46,0.49,0.44,0.49,0.61,0.03579405,0.039934187,0.048096362,0.037795775,0.038253212
21,31/12/2007,30/06/2009,Recession,0.26,-0.04,-0.29,-0.21,-0.31,0.47,0.58,0.53,0.58,0.32,0.071434349,0.082275519,0.082482751,0.083051647,0.081510849
22,31/07/2009,31/12/2019,Expansion,-0.02,0.01,0.03,-0.03,0.09,0.58,0.52,0.55,0.53,0.67,0.037572813,0.040548807,0.040951325,0.03830609,0.036561092
23,29/02/1968,31/01/1973,Rolling_Start,-0.12,-0.16,0.11,0.06,0.09,0.42,0.35,0.5,0.57,0.5,0.039382581,0.043798456,0.042193912,0.039783774,0.039948442
24,31/03/1968,28/02/1973,Rolling 2,-0.08,-0.12,0.12,0.05,0.09,0.43,0.37,0.52,0.57,0.5,0.03935161,0.043139496,0.041962414,0.039933004,0.040089574
25,30/04/1968,31/03/1973,Rolling 3,-0.08,-0.11,0.13,0.06,0.09,0.43,0.38,0.53,0.58,0.48,0.039350604,0.043015525,0.041912537,0.03986198,0.040085786
26,31/05/1968,30/04/1973,Rolling 4,-0.07,-0.05,0.14,0.06,0.14,0.45,0.4,0.53,0.6,0.48,0.038601636,0.041534236,0.04112545,0.038938629,0.039547602
27,30/06/1968,31/05/1973,Rolling 5,-0.04,-0.05,0.15,0.07,0.14,0.47,0.4,0.53,0.62,0.47,0.038628025,0.041571626,0.0411458,0.038922421,0.039773357
28,31/07/1968,30/06/1973,Rolling 6,-0.04,-0.05,0.15,0.07,0.14,0.47,0.42,0.53,0.62,0.47,0.038633988,0.041528654,0.041237595,0.03888092,0.039745935
29,31/08/1968,31/07/1973,Rolling 7,-0.04,-0.07,0.17,0.05,0.14,0.47,0.4,0.55,0.6,0.48,0.038762513,0.042013068,0.041113723,0.039363627,0.039663345
30,30/09/1968,31/08/1973,Rolling 8,-0.06,-0.05,0.16,0.06,0.15,0.45,0.42,0.53,0.6,0.48,0.03920487,0.042132165,0.041562792,0.03957667,0.040072101
31,31/10/1968,30/09/1973,Rolling 9,-0.13,-0.08,0.15,0.03,0.16,0.43,0.42,0.53,0.6,0.48,0.039390804,0.042647152,0.041853617,0.039897382,0.040033912
32,30/11/1968,31/10/1973,Rolling 10,-0.13,-0.08,0.15,0.02,0.16,0.42,0.42,0.55,0.58,0.47,0.03940342,0.042824121,0.041798873,0.039957776,0.040048483
33,31/12/1968,30/11/1973,Rolling 11,-0.09,-0.09,0.13,0,0.14,0.42,0.42,0.55,0.58,0.45,0.042048949,0.045634952,0.044287027,0.042649105,0.043445642
34,31/01/1969,31/12/1973,Rolling 12,-0.08,-0.11,0.12,0.01,0.13,0.42,0.4,0.53,0.58,0.47,0.04174912,0.045476446,0.04428576,0.042262003,0.042890123
35,28/02/1969,31/01/1974,Rolling 13,-0.08,-0.1,0.11,0.01,0.13,0.43,0.42,0.53,0.58,0.47,0.041733331,0.045358503,0.044537585,0.042293865,0.042970546
36,31/03/1969,28/02/1974,Rolling 14,-0.06,-0.09,0.1,0.01,0.12,0.45,0.43,0.52,0.57,0.47,0.041133156,0.044782717,0.044379949,0.041926079,0.042436875
37,30/04/1969,31/03/1974,Rolling 15,-0.07,-0.08,0.12,0.03,0.13,0.45,0.45,0.52,0.58,0.47,0.041097077,0.044510399,0.044310387,0.041674881,0.042462068
38,31/05/1969,30/04/1974,Rolling 16,-0.05,-0.02,0.14,0.09,0.16,0.47,0.47,0.53,0.6,0.47,0.041323081,0.044080374,0.044128131,0.041309766,0.04286799
39,30/06/1969,31/05/1974,Rolling 17,-0.02,-0.01,0.17,0.11,0.17,0.47,0.48,0.55,0.6,0.48,0.041502138,0.044150844,0.043959482,0.041378236,0.043153564
40,31/07/1969,30/06/1974,Rolling 18,0.01,0.03,0.18,0.15,0.16,0.48,0.5,0.57,0.62,0.5,0.040738293,0.043188904,0.043137665,0.040432276,0.042271532
41,31/08/1969,31/07/1974,Rolling 19,0.06,0.1,0.21,0.2,0.21,0.5,0.52,0.57,0.62,0.52,0.041120483,0.042676977,0.043105964,0.040399056,0.042405661
42,30/09/1969,31/08/1974,Rolling 20,0.16,0.16,0.22,0.25,0.26,0.5,0.53,0.57,0.62,0.52,0.042341529,0.043125983,0.044008771,0.041149299,0.043837788
43,31/10/1969,30/09/1974,Rolling 21,0.29,0.31,0.27,0.37,0.34,0.5,0.53,0.58,0.63,0.53,0.044681264,0.043469874,0.04531872,0.042195496,0.046133127
44,30/11/1969,31/10/1974,Rolling 22,-0.04,0.29,0.19,0.19,0.34,0.5,0.53,0.58,0.63,0.53,0.049933507,0.047363261,0.05073158,0.04852044,0.049167329
45,31/12/1969,30/11/1974,Rolling 23,-0.1,0.32,0.23,0.22,0.35,0.48,0.55,0.6,0.63,0.53,0.051021757,0.047073375,0.050279097,0.04841373,0.049338655
46,31/01/1970,31/12/1974,Rolling 24,-0.08,0.32,0.21,0.22,0.32,0.48,0.57,0.58,0.63,0.53,0.050931741,0.046986074,0.051125704,0.048435164,0.049757334
47,28/02/1970,31/01/1975,Rolling 25,-0.09,0.31,0.13,0.17,0.17,0.47,0.57,0.57,0.62,0.53,0.052100849,0.048543524,0.054638899,0.050693061,0.051421925
48,31/03/1970,28/02/1975,Rolling 26,-0.1,0.33,0.14,0.2,0.22,0.47,0.57,0.57,0.63,0.55,0.052258704,0.048271669,0.054599528,0.05039958,0.051132332
49,30/04/1970,31/03/1975,Rolling 27,-0.09,0.32,0.11,0.19,0.2,0.45,0.57,0.55,0.63,0.55,0.052316835,0.048756213,0.056042606,0.050622766,0.051287313
50,31/05/1970,30/04/1975,Rolling 28,-0.09,0.35,0.12,0.22,0.19,0.43,0.57,0.53,0.63,0.57,0.051145668,0.04730438,0.055162911,0.049282793,0.049790588
51,30/06/1970,31/05/1975,Rolling 29,-0.07,0.35,0.11,0.26,0.2,0.45,0.57,0.52,0.65,0.58,0.050578244,0.047193808,0.055358264,0.04856963,0.048994187
52,31/07/1970,30/06/1975,Rolling 30,-0.05,0.37,0.15,0.3,0.23,0.45,0.57,0.53,0.67,0.6,0.050275821,0.04673218,0.054541414,0.047868673,0.048124369
53,31/08/1970,31/07/1975,Rolling 31,-0.06,0.4,0.09,0.26,0.18,0.47,0.58,0.52,0.67,0.58,0.050431376,0.045945847,0.055673432,0.048300252,0.049264819
54,30/09/1970,31/08/1975,Rolling 32,-0.06,0.39,0.09,0.25,0.18,0.48,0.58,0.53,0.67,0.57,0.050165937,0.045763933,0.055458683,0.04811478,0.049233746
55,31/10/1970,30/09/1975,Rolling 33,-0.05,0.39,0.08,0.25,0.19,0.5,0.58,0.52,0.68,0.55,0.050179204,0.045704445,0.055702471,0.048037214,0.049454556
56,30/11/1970,31/10/1975,Rolling 34,-0.06,0.39,0.09,0.23,0.17,0.48,0.58,0.53,0.67,0.55,0.050762495,0.046476128,0.055985524,0.049017963,0.049905447
57,31/12/1970,30/11/1975,Rolling 35,-0.05,0.39,0.08,0.24,0.16,0.48,0.58,0.53,0.68,0.55,0.050459462,0.046185316,0.055907569,0.048694386,0.04976391
58,31/01/1971,31/12/1975,Rolling 36,-0.05,0.39,0.11,0.23,0.16,0.5,0.6,0.55,0.7,0.55,0.049975017,0.045739086,0.054241471,0.048240931,0.049448216
59,28/02/1971,31/01/1976,Rolling 37,-0.07,0.37,0.15,0.25,0.17,0.5,0.6,0.57,0.7,0.57,0.051856056,0.047826301,0.054537848,0.049772968,0.050933916
60,31/03/1971,29/02/1976,Rolling 38,-0.07,0.37,0.15,0.24,0.16,0.52,0.62,0.55,0.7,0.55,0.05188066,0.047952729,0.054779063,0.049783517,0.051018702
61,30/04/1971,31/03/1976,Rolling 39,-0.07,0.33,0.13,0.23,0.16,0.52,0.6,0.53,0.68,0.53,0.051836058,0.04940604,0.055171027,0.049959335,0.051025749
62,31/05/1971,30/04/1976,Rolling 40,-0.08,0.31,0.11,0.21,0.14,0.53,0.6,0.52,0.67,0.52,0.05167477,0.049412239,0.055283196,0.050022589,0.051108164
63,30/06/1971,31/05/1976,Rolling 41,-0.07,0.31,0.1,0.19,0.14,0.55,0.6,0.5,0.65,0.52,0.051324913,0.049357493,0.055421826,0.050126504,0.050760044
64,31/07/1971,30/06/1976,Rolling 42,-0.07,0.31,0.09,0.19,0.14,0.53,0.58,0.5,0.63,0.53,0.051568624,0.049568607,0.055773896,0.050488376,0.050848704
65,31/08/1971,31/07/1976,Rolling 43,-0.07,0.3,0.1,0.19,0.13,0.53,0.57,0.5,0.62,0.52,0.051393536,0.049612316,0.055476833,0.05038377,0.050758825
66,30/09/1971,31/08/1976,Rolling 44,-0.07,0.3,0.11,0.18,0.13,0.55,0.57,0.52,0.63,0.52,0.051226386,0.0494662,0.055190322,0.050159648,0.050695013
67,31/10/1971,30/09/1976,Rolling 45,-0.07,0.3,0.12,0.19,0.13,0.55,0.57,0.52,0.65,0.53,0.051278541,0.049489813,0.055121633,0.050105828,0.050656222
68,30/11/1971,31/10/1976,Rolling 46,-0.07,0.34,0.11,0.2,0.13,0.55,0.58,0.52,0.65,0.53,0.0510604,0.048448048,0.055490052,0.049897802,0.05049893
69,31/12/1971,30/11/1976,Rolling 47,-0.07,0.34,0.11,0.2,0.12,0.55,0.58,0.52,0.63,0.53,0.051071646,0.048494012,0.05595966,0.049930667,0.050740618
70,31/01/1972,31/12/1976,Rolling 48,-0.08,0.34,0.11,0.22,0.12,0.55,0.58,0.52,0.65,0.53,0.05046797,0.047656794,0.055379378,0.048914133,0.050120233
71,29/02/1972,31/01/1977,Rolling 49,-0.09,0.32,0.12,0.21,0.12,0.55,0.58,0.53,0.67,0.52,0.050851859,0.048282374,0.055487283,0.049151576,0.050703862
72,31/03/1972,28/02/1977,Rolling 50,-0.09,0.33,0.1,0.2,0.1,0.57,0.6,0.52,0.65,0.5,0.050841883,0.048090152,0.056233223,0.049388248,0.051051412
73,30/04/1972,31/03/1977,Rolling 51,-0.09,0.32,0.1,0.19,0.11,0.58,0.6,0.53,0.65,0.5,0.050864491,0.048147528,0.056436216,0.049435692,0.05105004
74,31/05/1972,30/04/1977,Rolling 52,-0.09,0.32,0.1,0.19,0.11,0.6,0.62,0.52,0.63,0.48,0.050863766,0.048148139,0.056434311,0.04947136,0.051017877
75,30/06/1972,31/05/1977,Rolling 53,-0.1,0.32,0.1,0.18,0.11,0.62,0.63,0.52,0.65,0.47,0.050902655,0.048149626,0.05643021,0.049550752,0.051147399
76,31/07/1972,30/06/1977,Rolling 54,-0.09,0.29,0.11,0.18,0.11,0.6,0.62,0.52,0.63,0.48,0.051142762,0.049701261,0.056550566,0.049975367,0.05112978
77,31/08/1972,31/07/1977,Rolling 55,-0.09,0.29,0.11,0.18,0.12,0.6,0.62,0.53,0.63,0.5,0.051167815,0.049780635,0.056618709,0.049997492,0.051123263
78,30/09/1972,31/08/1977,Rolling 56,-0.1,0.28,0.11,0.18,0.1,0.62,0.62,0.55,0.63,0.48,0.051055323,0.049725535,0.056452857,0.049930172,0.051239145
79,31/10/1972,30/09/1977,Rolling 57,-0.1,0.28,0.11,0.18,0.1,0.63,0.62,0.57,0.63,0.48,0.051040405,0.049770646,0.056427501,0.049915534,0.051218222
80,30/11/1972,31/10/1977,Rolling 58,-0.09,0.29,0.11,0.18,0.11,0.65,0.63,0.58,0.65,0.5,0.051314832,0.049722241,0.056444774,0.050064031,0.051613302
81,31/12/1972,30/11/1977,Rolling 59,-0.11,0.29,0.11,0.17,0.11,0.65,0.63,0.57,0.65,0.48,0.051178395,0.049495435,0.056342006,0.049885072,0.051463037
82,31/01/1973,31/12/1977,Rolling 60,-0.12,0.29,0.11,0.17,0.1,0.65,0.63,0.58,0.67,0.48,0.051186028,0.049656671,0.056331454,0.049849658,0.051459667
83,28/02/1973,31/01/1978,Rolling 61,-0.11,0.28,0.13,0.18,0.12,0.67,0.63,0.58,0.67,0.5,0.051683515,0.050103336,0.056316348,0.050249232,0.051868572
84,31/03/1973,28/02/1978,Rolling 62,-0.1,0.29,0.12,0.19,0.13,0.67,0.63,0.57,0.67,0.52,0.051517805,0.04994411,0.05675327,0.05007365,0.051518056
85,30/04/1973,31/03/1978,Rolling 63,-0.1,0.29,0.12,0.18,0.13,0.65,0.62,0.55,0.65,0.53,0.051637721,0.049979776,0.057041646,0.050254774,0.051547094
86,31/05/1973,30/04/1978,Rolling 64,-0.11,0.26,0.07,0.18,0.08,0.63,0.6,0.53,0.63,0.52,0.052512956,0.051862796,0.059486095,0.051311079,0.052579751
87,30/06/1973,31/05/1978,Rolling 65,-0.11,0.25,0.06,0.17,0.08,0.63,0.6,0.53,0.63,0.53,0.052489543,0.053166588,0.059847818,0.051426868,0.052433752
88,31/07/1973,30/06/1978,Rolling 66,-0.11,0.25,0.05,0.18,0.08,0.63,0.6,0.52,0.63,0.52,0.052531208,0.053161514,0.060099356,0.051429116,0.052540368
89,31/08/1973,31/07/1978,Rolling 67,-0.12,0.23,0.02,0.16,0.06,0.63,0.6,0.5,0.63,0.5,0.052781594,0.054178614,0.061286561,0.051895286,0.052917574
90,30/09/1973,31/08/1978,Rolling 68,-0.11,0.23,0.03,0.16,0.06,0.63,0.58,0.52,0.62,0.5,0.052554955,0.054312278,0.060975192,0.051894075,0.052651412
91,31/10/1973,30/09/1978,Rolling 69,-0.1,0.23,0.04,0.17,0.06,0.65,0.6,0.52,0.62,0.48,0.052264064,0.053741595,0.060657826,0.051500135,0.052674142
92,30/11/1973,31/10/1978,Rolling 70,-0.1,0.25,0.07,0.19,0.07,0.67,0.62,0.52,0.63,0.5,0.053729725,0.054266504,0.061112103,0.052373908,0.054178859
93,31/12/1973,30/11/1978,Rolling 71,-0.1,0.3,0.07,0.21,0.09,0.65,0.62,0.5,0.62,0.52,0.05144725,0.051922982,0.059331889,0.050153692,0.051357317
94,31/01/1974,31/12/1978,Rolling 72,-0.09,0.29,0.07,0.2,0.09,0.65,0.62,0.52,0.6,0.52,0.05132838,0.052110236,0.059366801,0.050226638,0.051356444
95,28/02/1974,31/01/1979,Rolling 73,-0.09,0.29,0.08,0.21,0.1,0.63,0.6,0.52,0.58,0.53,0.051514318,0.052464669,0.059383083,0.050388891,0.051332616
96,31/03/1974,28/02/1979,Rolling 74,-0.09,0.3,0.07,0.18,0.08,0.63,0.6,0.52,0.58,0.53,0.051772636,0.052487041,0.059593701,0.05116033,0.051884787
97,30/04/1974,31/03/1979,Rolling 75,-0.08,0.29,0.05,0.14,0.02,0.62,0.58,0.5,0.57,0.52,0.052091795,0.053329171,0.060648786,0.052464055,0.052938955
98,31/05/1974,30/04/1979,Rolling 76,-0.09,0.29,0.04,0.13,0.03,0.62,0.58,0.5,0.57,0.53,0.051867234,0.053468863,0.061256655,0.052557146,0.052526959
99,30/06/1974,31/05/1979,Rolling 77,-0.1,0.28,0.04,0.12,0.02,0.62,0.58,0.5,0.57,0.52,0.051886966,0.053468703,0.061364773,0.052543841,0.052504786
100,31/07/1974,30/06/1979,Rolling 78,-0.1,0.29,0.04,0.12,0.02,0.6,0.58,0.5,0.55,0.52,0.052018915,0.053425245,0.061381764,0.052633542,0.052527562
101,31/08/1974,31/07/1979,Rolling 79,-0.1,0.29,0.01,0.1,-0.01,0.58,0.58,0.5,0.53,0.52,0.050929919,0.052860442,0.061268264,0.052089203,0.051590181
102,30/09/1974,31/08/1979,Rolling 80,-0.14,0.27,0,0.05,-0.05,0.58,0.57,0.5,0.52,0.52,0.050045753,0.052965215,0.060837693,0.051995066,0.050537072
103,31/10/1974,30/09/1979,Rolling 81,-0.27,0.19,-0.04,-0.07,-0.12,0.58,0.57,0.5,0.52,0.5,0.047834659,0.05266626,0.059727302,0.050948321,0.04817575
104,30/11/1974,31/10/1979,Rolling 82,-0.1,0.15,0.05,0.06,-0.17,0.6,0.57,0.52,0.53,0.48,0.043248982,0.050087682,0.054570712,0.045283219,0.046318679
105,31/12/1974,30/11/1979,Rolling 83,0.08,0.15,0.01,-0.01,-0.16,0.62,0.57,0.52,0.52,0.5,0.04180338,0.051167434,0.054573427,0.045689062,0.04567535
106,31/01/1975,31/12/1979,Rolling 84,0.03,0.15,0.03,-0.01,-0.14,0.62,0.57,0.53,0.5,0.52,0.041812148,0.051598608,0.053956934,0.04565262,0.045023493
107,28/02/1975,31/01/1980,Rolling 85,0.11,0.18,0.11,0.05,-0.03,0.62,0.57,0.55,0.5,0.53,0.039398474,0.049173432,0.049887091,0.042495243,0.041663847
108,31/03/1975,29/02/1980,Rolling 86,0.09,0.13,0.09,0.01,-0.08,0.63,0.57,0.55,0.5,0.53,0.038773858,0.049132182,0.049688709,0.04232483,0.041598393
109,30/04/1975,31/03/1980,Rolling 87,0,0.06,0.09,0.01,-0.13,0.63,0.57,0.55,0.52,0.53,0.04169799,0.052189803,0.050729716,0.044382593,0.045075702
110,31/05/1975,30/04/1980,Rolling 88,0.03,0.07,0.09,0,-0.12,0.65,0.58,0.57,0.52,0.53,0.041389537,0.051747056,0.050418183,0.044325106,0.044863013
111,30/06/1975,31/05/1980,Rolling 89,-0.01,0.12,0.11,-0.02,-0.13,0.63,0.6,0.58,0.5,0.53,0.041538991,0.051643025,0.049838234,0.044569028,0.044941844
112,31/07/1975,30/06/1980,Rolling 90,-0.05,0.11,0.1,-0.06,-0.13,0.62,0.6,0.57,0.48,0.53,0.041445624,0.051647495,0.049873064,0.045052232,0.044801567
113,31/08/1975,31/07/1980,Rolling 91,-0.01,0.08,0.12,-0.01,-0.11,0.6,0.58,0.57,0.48,0.53,0.041030151,0.052410056,0.048982802,0.044410441,0.043726154
114,30/09/1975,31/08/1980,Rolling 92,-0.02,0.08,0.12,-0.02,-0.11,0.6,0.58,0.57,0.48,0.53,0.040978456,0.053877964,0.048981076,0.044541325,0.043532065
115,31/10/1975,30/09/1980,Rolling 93,-0.02,0.06,0.12,-0.02,-0.11,0.6,0.57,0.57,0.47,0.53,0.040784852,0.054586937,0.049139812,0.044583315,0.043206693
116,30/11/1975,31/10/1980,Rolling 94,-0.01,0.07,0.11,0.01,-0.09,0.6,0.57,0.57,0.48,0.55,0.040053243,0.05388202,0.048807306,0.043494833,0.042557355
117,31/12/1975,30/11/1980,Rolling 95,0.01,0.06,0.14,0.06,-0.06,0.6,0.55,0.57,0.48,0.55,0.041563932,0.05519319,0.049395982,0.044330081,0.043523991
118,31/01/1976,31/12/1980,Rolling 96,0.04,0.06,0.12,0.03,-0.08,0.6,0.55,0.55,0.47,0.53,0.041799185,0.055159869,0.050242985,0.044904834,0.044125599
119,29/02/1976,31/01/1981,Rolling 97,0.03,0.04,0.08,-0.05,-0.13,0.6,0.55,0.53,0.47,0.52,0.039864792,0.053893525,0.049827282,0.044226974,0.043540534
120,31/03/1976,28/02/1981,Rolling 98,0.03,0.04,0.08,-0.05,-0.13,0.6,0.55,0.53,0.45,0.52,0.039819382,0.053719923,0.049829183,0.044233455,0.043441519
121,30/04/1976,31/03/1981,Rolling 99,0.04,0.05,0.09,-0.04,-0.13,0.6,0.55,0.55,0.45,0.53,0.039767659,0.052866928,0.049350616,0.044033648,0.043367125
122,31/05/1976,30/04/1981,Rolling 100,0.04,0.04,0.09,-0.03,-0.13,0.6,0.53,0.55,0.47,0.53,0.039931309,0.053136597,0.049438029,0.043972932,0.043650765
123,30/06/1976,31/05/1981,Rolling 101,0.03,0.04,0.1,-0.01,-0.12,0.58,0.53,0.57,0.48,0.55,0.039931163,0.05309418,0.049355393,0.04375322,0.043485403
124,31/07/1976,30/06/1981,Rolling 102,0.03,0.04,0.11,-0.01,-0.12,0.6,0.55,0.58,0.5,0.53,0.039682764,0.052807546,0.048893503,0.043318609,0.043488717
125,31/08/1976,31/07/1981,Rolling 103,0.03,0.04,0.11,0,-0.12,0.6,0.55,0.6,0.52,0.53,0.039696756,0.053118388,0.048858076,0.043281861,0.04345495
126,30/09/1976,31/08/1981,Rolling 104,0.01,0.04,0.13,0,-0.13,0.6,0.57,0.6,0.52,0.52,0.040850401,0.053698521,0.048760095,0.044036171,0.044840285
127,31/10/1976,30/09/1981,Rolling 105,-0.02,0.04,0.13,0.02,-0.13,0.6,0.58,0.6,0.52,0.5,0.041748284,0.054160384,0.048956702,0.044383825,0.045778396
128,30/11/1976,31/10/1981,Rolling 106,0,0.04,0.15,0.03,-0.1,0.58,0.57,0.6,0.52,0.52,0.041865249,0.054426632,0.04838379,0.044512156,0.045373461
129,31/12/1976,30/11/1981,Rolling 107,-0.01,0.04,0.17,0.03,-0.1,0.57,0.57,0.62,0.52,0.53,0.042058818,0.054294632,0.047821021,0.044625636,0.045118114
130,31/01/1977,31/12/1981,Rolling 108,0.01,-0.01,0.15,-0.04,-0.15,0.58,0.55,0.62,0.5,0.52,0.041693906,0.055629061,0.047846184,0.044988839,0.045395732
131,28/02/1977,31/01/1982,Rolling 109,0,-0.01,0.14,-0.04,-0.15,0.58,0.57,0.62,0.5,0.52,0.041318155,0.055108695,0.047666059,0.044633409,0.044977006
132,31/03/1977,28/02/1982,Rolling 110,0,0,0.19,-0.04,-0.15,0.58,0.57,0.63,0.52,0.52,0.042195817,0.055490329,0.046932524,0.045345193,0.045788491
133,30/04/1977,31/03/1982,Rolling 111,0,0,0.19,-0.05,-0.16,0.58,0.57,0.63,0.5,0.5,0.042231436,0.055772544,0.04665232,0.045477459,0.045909704
134,31/05/1977,30/04/1982,Rolling 112,-0.01,0,0.18,-0.05,-0.15,0.57,0.57,0.63,0.5,0.52,0.04245475,0.055819802,0.047045669,0.045741443,0.045963962
135,30/06/1977,31/05/1982,Rolling 113,-0.01,0,0.18,-0.05,-0.15,0.57,0.57,0.63,0.5,0.52,0.04277632,0.0560025,0.047170652,0.046031316,0.046334376
136,31/07/1977,30/06/1982,Rolling 114,0.01,0.02,0.18,-0.06,-0.16,0.58,0.58,0.65,0.52,0.5,0.042461603,0.054710691,0.046852258,0.045666003,0.046405986
137,31/08/1977,31/07/1982,Rolling 115,0.01,0.02,0.19,-0.05,-0.15,0.58,0.58,0.65,0.52,0.5,0.042577166,0.054632019,0.046674566,0.045642633,0.046474953
138,30/09/1977,31/08/1982,Rolling 116,-0.02,0.01,0.18,-0.05,-0.15,0.57,0.57,0.63,0.5,0.52,0.044679858,0.056901991,0.048739719,0.047752593,0.047948693
139,31/10/1977,30/09/1982,Rolling 117,-0.02,0.01,0.18,-0.05,-0.15,0.57,0.55,0.63,0.48,0.52,0.044682408,0.056854177,0.048748299,0.047749413,0.04793783
140,30/11/1977,31/10/1982,Rolling 118,-0.03,0.01,0.16,-0.03,-0.15,0.55,0.55,0.62,0.47,0.52,0.046215757,0.057950764,0.050810213,0.049204034,0.048978772
141,31/12/1977,30/11/1982,Rolling 119,-0.03,0.02,0.16,-0.01,-0.13,0.55,0.57,0.62,0.48,0.53,0.04625027,0.057867734,0.05083806,0.048986243,0.048939331
142,31/01/1978,31/12/1982,Rolling 120,-0.03,0.02,0.16,-0.01,-0.13,0.53,0.57,0.6,0.48,0.53,0.046259014,0.057732508,0.051073963,0.048960221,0.048940733
143,28/02/1978,31/01/1983,Rolling 121,-0.05,0.02,0.15,-0.01,-0.15,0.52,0.57,0.6,0.48,0.53,0.045728182,0.057404189,0.051045577,0.048532231,0.048283998
144,31/03/1978,28/02/1983,Rolling 122,-0.05,0.01,0.17,-0.01,-0.15,0.5,0.57,0.62,0.47,0.53,0.045633317,0.057393338,0.050299893,0.048548212,0.048133037
145,30/04/1978,31/03/1983,Rolling 123,-0.03,0.01,0.18,0,-0.14,0.5,0.57,0.62,0.47,0.53,0.045628096,0.057538672,0.05014571,0.048528545,0.048108709
146,31/05/1978,30/04/1983,Rolling 124,0.01,0.05,0.25,0.04,-0.08,0.5,0.58,0.63,0.48,0.55,0.045130385,0.056200905,0.047659966,0.0476178,0.047200455
147,30/06/1978,31/05/1983,Rolling 125,0.01,0.05,0.24,0.02,-0.09,0.5,0.57,0.62,0.47,0.53,0.045185352,0.055026112,0.047337466,0.047751381,0.047312026
148,31/07/1978,30/06/1983,Rolling 126,0.01,0.05,0.27,0.03,-0.08,0.48,0.57,0.63,0.47,0.55,0.045242409,0.05502612,0.046954468,0.047747824,0.047196226
149,31/08/1978,31/07/1983,Rolling 127,0.02,0.07,0.27,0.05,-0.07,0.5,0.58,0.63,0.47,0.55,0.044979247,0.053851759,0.046483913,0.047107231,0.047241766
150,30/09/1978,31/08/1983,Rolling 128,0.02,0.07,0.26,0.05,-0.06,0.5,0.58,0.62,0.47,0.55,0.044861977,0.053601532,0.046923864,0.047047814,0.047188494
151,31/10/1978,30/09/1983,Rolling 129,0.02,0.07,0.27,0.06,-0.06,0.48,0.57,0.62,0.48,0.57,0.044855392,0.053540488,0.04661894,0.046952634,0.047036906
152,30/11/1978,31/10/1983,Rolling 130,-0.03,0.02,0.21,-0.01,-0.12,0.47,0.55,0.6,0.47,0.55,0.043198479,0.053337266,0.046723541,0.04624822,0.045586848
153,31/12/1978,30/11/1983,Rolling 131,-0.02,0.03,0.21,0,-0.11,0.47,0.57,0.62,0.48,0.55,0.043194669,0.052920771,0.046626202,0.046049324,0.045590492
154,31/01/1979,31/12/1983,Rolling 132,-0.03,0.03,0.21,0,-0.11,0.48,0.58,0.62,0.5,0.53,0.043214262,0.052742222,0.046530492,0.046002574,0.045701572
155,28/02/1979,31/01/1984,Rolling 133,-0.02,0.04,0.22,0,-0.11,0.5,0.6,0.63,0.52,0.52,0.043012028,0.052435007,0.046195238,0.045800498,0.045651577
156,31/03/1979,29/02/1984,Rolling 134,-0.04,0.02,0.19,0.03,-0.1,0.5,0.58,0.63,0.52,0.52,0.04313585,0.053048248,0.047093779,0.045348672,0.045620563
157,30/04/1979,31/03/1984,Rolling 135,-0.03,0.03,0.22,0.08,-0.01,0.5,0.58,0.63,0.52,0.53,0.042670099,0.052175872,0.045774506,0.043849346,0.04432259
158,31/05/1979,30/04/1984,Rolling 136,-0.03,0.03,0.22,0.08,-0.02,0.5,0.58,0.63,0.52,0.52,0.042668781,0.05203947,0.045004854,0.043725068,0.044343388
159,30/06/1979,31/05/1984,Rolling 137,-0.04,0.03,0.2,0.06,-0.03,0.5,0.58,0.63,0.5,0.52,0.043389233,0.052585614,0.045710507,0.044618394,0.045204836
160,31/07/1979,30/06/1984,Rolling 138,-0.05,0.03,0.18,0.05,-0.04,0.5,0.57,0.62,0.5,0.52,0.04323989,0.052638686,0.046118196,0.0445777,0.045162413
161,31/08/1979,31/07/1984,Rolling 139,-0.05,0.03,0.19,0.05,-0.05,0.52,0.57,0.62,0.52,0.5,0.043347806,0.052685242,0.046004315,0.044628051,0.045411588
162,30/09/1979,31/08/1984,Rolling 140,-0.11,0.05,0.2,0.06,-0.04,0.5,0.58,0.62,0.52,0.5,0.044819357,0.052993585,0.046735876,0.045672231,0.046434584
163,31/10/1979,30/09/1984,Rolling 141,-0.11,0.05,0.2,0.06,-0.05,0.48,0.57,0.6,0.5,0.5,0.04485556,0.052884598,0.046660748,0.045771396,0.046655315
164,30/11/1979,31/10/1984,Rolling 142,-0.1,0.05,0.15,0.05,-0.05,0.48,0.57,0.58,0.48,0.5,0.043683331,0.051713163,0.046860329,0.044881747,0.045311148
165,31/12/1979,30/11/1984,Rolling 143,-0.12,0.01,0.12,0.05,-0.07,0.48,0.55,0.57,0.48,0.48,0.043623963,0.05077504,0.047406254,0.044659984,0.045539319
166,31/01/1980,31/12/1984,Rolling 144,-0.13,0,0.11,0.06,-0.06,0.47,0.55,0.55,0.5,0.48,0.043675248,0.050273026,0.047499588,0.044650073,0.045536508
167,29/02/1980,31/01/1985,Rolling 145,-0.14,0,0.15,0.05,-0.1,0.47,0.55,0.55,0.5,0.48,0.04409703,0.050614567,0.04735463,0.045103105,0.046053221
168,31/03/1980,28/02/1985,Rolling 146,-0.14,0,0.14,0.05,-0.11,0.47,0.53,0.55,0.5,0.48,0.044085159,0.050629081,0.047609593,0.045105591,0.046039333
169,30/04/1980,31/03/1985,Rolling 147,-0.11,0.05,0.17,0.02,-0.05,0.47,0.55,0.55,0.48,0.48,0.04129004,0.046960579,0.045079987,0.042815087,0.042498706
170,31/05/1980,30/04/1985,Rolling 148,-0.18,0.05,0.17,0.02,-0.05,0.47,0.55,0.55,0.47,0.47,0.041254129,0.046889418,0.045109252,0.042726208,0.042547467
171,30/06/1980,31/05/1985,Rolling 149,-0.15,0,0.18,0.06,-0.02,0.47,0.55,0.55,0.48,0.47,0.041297678,0.046326389,0.044923393,0.042383234,0.042513139
172,31/07/1980,30/06/1985,Rolling 150,-0.13,0,0.18,0.09,-0.02,0.48,0.55,0.57,0.5,0.47,0.041118527,0.046309973,0.044881643,0.04170511,0.042470145
173,31/08/1980,31/07/1985,Rolling 151,-0.12,0.02,0.19,0.09,0.01,0.5,0.55,0.57,0.5,0.47,0.040380127,0.045391217,0.044460651,0.041373865,0.042028072
174,30/09/1980,31/08/1985,Rolling 152,-0.13,0.02,0.17,0.08,0,0.5,0.53,0.55,0.48,0.47,0.040422856,0.043710412,0.045092743,0.041387846,0.042340926
175,31/10/1980,30/09/1985,Rolling 153,-0.13,0.05,0.19,0.1,0.02,0.5,0.53,0.57,0.5,0.47,0.04067815,0.043198581,0.044789649,0.041403162,0.042687973
176,30/11/1980,31/10/1985,Rolling 154,-0.14,0.05,0.19,0.1,0.03,0.5,0.55,0.57,0.5,0.47,0.040984027,0.043334682,0.044778097,0.041546429,0.042760408
177,31/12/1980,30/11/1985,Rolling 155,-0.16,0.04,0.19,0.07,0,0.5,0.55,0.57,0.5,0.47,0.040150223,0.04271583,0.044243398,0.041124865,0.042186861
178,31/01/1981,31/12/1985,Rolling 156,-0.19,-0.01,0.21,0.08,0,0.5,0.53,0.57,0.52,0.48,0.040125447,0.043219762,0.043512154,0.040760752,0.041752588
179,28/02/1981,31/01/1986,Rolling 157,-0.16,0.02,0.23,0.14,0.06,0.5,0.53,0.57,0.52,0.48,0.039392027,0.042015836,0.042189282,0.039199209,0.04033415
180,31/03/1981,28/02/1986,Rolling 158,-0.15,0.02,0.24,0.14,0.06,0.48,0.53,0.58,0.53,0.5,0.040248237,0.042709129,0.04253141,0.03997201,0.040899405
181,30/04/1981,31/03/1986,Rolling 159,-0.09,0.05,0.26,0.18,0.08,0.5,0.55,0.58,0.55,0.5,0.040433116,0.042310966,0.042464815,0.039813394,0.041038104
182,31/05/1981,30/04/1986,Rolling 160,-0.12,0.05,0.26,0.15,0.07,0.48,0.55,0.58,0.53,0.5,0.040388585,0.042215722,0.042388079,0.040031895,0.040902633
183,30/06/1981,31/05/1986,Rolling 161,-0.1,0.06,0.26,0.17,0.06,0.48,0.55,0.58,0.53,0.5,0.040742225,0.042355178,0.042460284,0.040136717,0.041095373
184,31/07/1981,30/06/1986,Rolling 162,-0.09,0.05,0.26,0.15,0.06,0.48,0.55,0.58,0.53,0.52,0.040664153,0.042307374,0.042442934,0.040132548,0.040909129
185,31/08/1981,31/07/1986,Rolling 163,-0.13,0.05,0.24,0.14,0.06,0.47,0.55,0.57,0.52,0.52,0.041596872,0.042991139,0.043508673,0.041236125,0.041898376
186,30/09/1981,31/08/1986,Rolling 164,-0.12,0.04,0.21,0.11,0.08,0.45,0.55,0.55,0.52,0.53,0.041302026,0.042633779,0.043905239,0.04093401,0.040878758
187,31/10/1981,30/09/1986,Rolling 165,-0.19,0.05,0.17,0.06,0.03,0.45,0.55,0.53,0.5,0.53,0.042336223,0.043296027,0.045372066,0.042313307,0.042082087
188,30/11/1981,31/10/1986,Rolling 166,-0.19,0.07,0.17,0.07,0.03,0.45,0.57,0.55,0.5,0.53,0.042595521,0.04309136,0.045361261,0.042408334,0.042253753
189,31/12/1981,30/11/1986,Rolling 167,-0.17,0.07,0.16,0.06,0.03,0.47,0.57,0.53,0.5,0.52,0.042433519,0.043191806,0.04548214,0.042452372,0.042245895
190,31/01/1982,31/12/1986,Rolling 168,-0.23,0.13,0.12,0.05,0,0.45,0.57,0.52,0.5,0.52,0.042493045,0.041777057,0.046636241,0.042554382,0.042320868
191,28/02/1982,31/01/1987,Rolling 169,-0.08,0.18,0.09,0.02,-0.08,0.45,0.57,0.5,0.48,0.52,0.044672627,0.043538508,0.049123473,0.045197852,0.044855721
192,31/03/1982,28/02/1987,Rolling 170,-0.12,0.1,0.04,0.01,-0.08,0.43,0.55,0.5,0.48,0.53,0.044060241,0.043792193,0.049025812,0.044248291,0.043635021
193,30/04/1982,31/03/1987,Rolling 171,-0.12,0.12,0.04,0.02,-0.08,0.43,0.55,0.5,0.5,0.55,0.044055827,0.043477264,0.049152515,0.044063859,0.043496587
194,31/05/1982,30/04/1987,Rolling 172,-0.13,0.12,0.04,0.03,-0.08,0.43,0.55,0.5,0.5,0.53,0.043921897,0.043443562,0.049030946,0.043816544,0.043548365
195,30/06/1982,31/05/1987,Rolling 173,-0.15,0.1,0.01,0.02,-0.11,0.43,0.53,0.48,0.48,0.55,0.043559538,0.043341174,0.048963849,0.043397272,0.042996138
196,31/07/1982,30/06/1987,Rolling 174,-0.14,0.08,-0.02,-0.01,-0.14,0.43,0.52,0.47,0.47,0.57,0.043630856,0.043908017,0.049529584,0.04383874,0.043022927
197,31/08/1982,31/07/1987,Rolling 175,-0.16,0.01,-0.05,-0.06,-0.21,0.43,0.5,0.47,0.47,0.57,0.04374642,0.044375494,0.049619184,0.043971139,0.043026399
198,30/09/1982,31/08/1987,Rolling 176,-0.1,0.07,-0.04,-0.03,-0.18,0.45,0.5,0.47,0.47,0.57,0.041663106,0.041954418,0.048226232,0.04200172,0.041336694
199,31/10/1982,30/09/1987,Rolling 177,-0.13,0.08,-0.02,-0.01,-0.17,0.43,0.52,0.47,0.48,0.57,0.041932337,0.042087566,0.048215677,0.042091401,0.041590845
200,30/11/1982,31/10/1987,Rolling 178,-0.3,0.06,-0.08,-0.11,-0.31,0.43,0.52,0.47,0.48,0.55,0.052486526,0.051855104,0.059090092,0.053536963,0.053812499
201,31/12/1982,30/11/1987,Rolling 179,-0.36,0.09,-0.11,-0.12,-0.37,0.43,0.52,0.47,0.47,0.53,0.055553937,0.052857302,0.061434952,0.05521381,0.056157
202,31/01/1983,31/12/1987,Rolling 180,-0.27,0.14,-0.07,-0.06,-0.29,0.45,0.52,0.48,0.47,0.53,0.055753511,0.052884106,0.0612535,0.05528655,0.056316209
203,28/02/1983,31/01/1988,Rolling 181,-0.27,0.13,-0.1,-0.06,-0.29,0.45,0.5,0.47,0.47,0.53,0.055851453,0.053199161,0.062048451,0.055383622,0.05634491
204,31/03/1983,29/02/1988,Rolling 182,-0.27,0.15,-0.09,-0.05,-0.27,0.47,0.5,0.47,0.48,0.53,0.055963543,0.05409157,0.06207478,0.055412552,0.056371168
205,30/04/1983,31/03/1988,Rolling 183,-0.27,0.13,-0.09,-0.06,-0.27,0.47,0.5,0.47,0.48,0.52,0.056142254,0.054783356,0.062297707,0.055746994,0.056732829
206,31/05/1983,30/04/1988,Rolling 184,-0.26,0.12,-0.09,-0.07,-0.26,0.47,0.5,0.47,0.48,0.52,0.055463003,0.054360459,0.062280168,0.055482513,0.056339771
207,30/06/1983,31/05/1988,Rolling 185,-0.26,0.12,-0.09,-0.06,-0.26,0.45,0.52,0.48,0.48,0.52,0.055408939,0.054259917,0.062320144,0.055244704,0.056287569
208,31/07/1983,30/06/1988,Rolling 186,-0.26,0.11,-0.11,-0.08,-0.26,0.45,0.5,0.47,0.47,0.52,0.055513334,0.054531343,0.06299958,0.05552674,0.056326481
209,31/08/1983,31/07/1988,Rolling 187,-0.27,0.11,-0.1,-0.08,-0.25,0.43,0.5,0.47,0.47,0.52,0.055342782,0.054313027,0.062364698,0.055282726,0.055956265
210,30/09/1983,31/08/1988,Rolling 188,-0.26,0.11,-0.1,-0.08,-0.27,0.43,0.5,0.47,0.47,0.5,0.055663905,0.054724494,0.06233573,0.055555087,0.056662468
211,31/10/1983,30/09/1988,Rolling 189,-0.27,0.12,-0.08,-0.07,-0.25,0.43,0.52,0.48,0.47,0.5,0.055844635,0.054734857,0.062354357,0.055566805,0.056639049
212,30/11/1983,31/10/1988,Rolling 190,-0.27,0.13,-0.08,-0.07,-0.24,0.45,0.52,0.48,0.47,0.52,0.055780689,0.054304193,0.062069337,0.05535633,0.056396764
213,31/12/1983,30/11/1988,Rolling 191,-0.27,0.12,-0.06,-0.06,-0.24,0.45,0.5,0.48,0.47,0.5,0.055891635,0.054626008,0.062089637,0.055448721,0.056654252
214,31/01/1984,31/12/1988,Rolling 192,-0.27,0.12,-0.07,-0.07,-0.24,0.45,0.5,0.48,0.47,0.52,0.055858582,0.054603464,0.062298297,0.05541275,0.05660709
215,29/02/1984,31/01/1989,Rolling 193,-0.27,0.12,-0.1,-0.08,-0.25,0.45,0.5,0.47,0.47,0.53,0.056324118,0.055085291,0.063664355,0.05590356,0.056871983
216,31/03/1984,28/02/1989,Rolling 194,-0.28,0.13,-0.09,-0.08,-0.26,0.43,0.52,0.47,0.47,0.53,0.056299103,0.054634186,0.062944809,0.055762353,0.056864694
217,30/04/1984,31/03/1989,Rolling 195,-0.29,0.13,-0.08,-0.08,-0.26,0.45,0.52,0.48,0.48,0.53,0.056306231,0.0546504,0.06312181,0.05575162,0.05687698
218,31/05/1984,30/04/1989,Rolling 196,-0.28,0.12,-0.08,-0.07,-0.24,0.45,0.5,0.48,0.48,0.55,0.056500839,0.05495303,0.063124852,0.055829733,0.056900292
219,30/06/1984,31/05/1989,Rolling 197,-0.29,0.11,-0.09,-0.08,-0.26,0.45,0.48,0.48,0.5,0.57,0.055841098,0.054571915,0.062499103,0.055102165,0.055989952
220,31/07/1984,30/06/1989,Rolling 198,-0.3,0.11,-0.09,-0.07,-0.27,0.45,0.5,0.48,0.52,0.55,0.055883865,0.05450181,0.062231209,0.054996552,0.056168945
221,31/08/1984,31/07/1989,Rolling 199,-0.3,0.12,-0.09,-0.09,-0.24,0.45,0.5,0.48,0.52,0.57,0.05657173,0.055116018,0.062599031,0.055723891,0.056358435
222,30/09/1984,31/08/1989,Rolling 200,-0.27,0.11,-0.1,-0.06,-0.22,0.47,0.48,0.47,0.52,0.57,0.055146785,0.054240328,0.061914443,0.054349323,0.055354986
223,31/10/1984,30/09/1989,Rolling 201,-0.28,0.1,-0.1,-0.06,-0.22,0.47,0.48,0.47,0.52,0.57,0.055177723,0.054381822,0.062059681,0.05435952,0.05534174
224,30/11/1984,31/10/1989,Rolling 202,-0.28,0.1,-0.09,-0.05,-0.23,0.45,0.48,0.47,0.52,0.57,0.055381137,0.054527554,0.061977223,0.054482935,0.055755518
225,31/12/1984,30/11/1989,Rolling 203,-0.29,0.1,-0.08,-0.05,-0.22,0.45,0.48,0.48,0.52,0.58,0.055322804,0.054448908,0.061726381,0.054352742,0.055574836
226,31/01/1985,31/12/1989,Rolling 204,-0.29,0.1,-0.08,-0.06,-0.22,0.47,0.48,0.5,0.5,0.58,0.055286955,0.054451387,0.061508524,0.054399529,0.055588549
227,28/02/1985,31/01/1990,Rolling 205,-0.27,0.11,-0.1,-0.03,-0.19,0.47,0.5,0.48,0.5,0.57,0.055618901,0.054675507,0.062620529,0.054704531,0.056362027
228,31/03/1985,28/02/1990,Rolling 206,-0.27,0.11,-0.1,-0.03,-0.19,0.45,0.52,0.48,0.5,0.57,0.055620873,0.054661575,0.062579917,0.054751724,0.056380898
229,30/04/1985,31/03/1990,Rolling 207,-0.27,0.1,-0.1,-0.03,-0.19,0.47,0.5,0.48,0.52,0.58,0.05562149,0.054815247,0.062812535,0.054728415,0.056311263
230,31/05/1985,30/04/1990,Rolling 208,-0.28,0.11,-0.09,-0.02,-0.21,0.45,0.5,0.48,0.53,0.58,0.05584149,0.054864357,0.062750319,0.054788605,0.056724656
231,30/06/1985,31/05/1990,Rolling 209,-0.28,0.09,-0.08,-0.06,-0.19,0.45,0.48,0.48,0.52,0.58,0.056471224,0.055966721,0.063030519,0.055860237,0.05713045
232,31/07/1985,30/06/1990,Rolling 210,-0.28,0.09,-0.08,-0.05,-0.2,0.43,0.48,0.47,0.52,0.57,0.056563504,0.055956963,0.063127183,0.055877719,0.057306897
233,31/08/1985,31/07/1990,Rolling 211,-0.29,0.1,-0.08,-0.05,-0.2,0.42,0.48,0.47,0.52,0.57,0.056587577,0.055864052,0.063134701,0.055726423,0.057393525
234,30/09/1985,31/08/1990,Rolling 212,-0.29,0.11,-0.1,-0.04,-0.23,0.4,0.5,0.47,0.52,0.57,0.058297333,0.05719538,0.065237127,0.057431528,0.059663586
235,31/10/1985,30/09/1990,Rolling 213,-0.29,0.13,-0.07,0.01,-0.26,0.38,0.52,0.47,0.52,0.57,0.058606472,0.057057674,0.065094371,0.057302234,0.060188499
236,30/11/1985,31/10/1990,Rolling 214,-0.28,0.13,-0.06,0.01,-0.25,0.4,0.52,0.47,0.52,0.55,0.058399794,0.05697051,0.065182252,0.057167455,0.06034274
237,31/12/1985,30/11/1990,Rolling 215,-0.27,0.1,-0.09,0,-0.22,0.4,0.52,0.45,0.5,0.55,0.058260965,0.057716658,0.066142616,0.057303948,0.060113335
238,31/01/1986,31/12/1990,Rolling 216,-0.27,0.11,-0.1,0,-0.21,0.4,0.52,0.45,0.48,0.55,0.058121401,0.057572549,0.066371276,0.057194698,0.059989464
239,28/02/1986,31/01/1991,Rolling 217,-0.28,0.11,-0.11,-0.03,-0.23,0.42,0.52,0.45,0.48,0.57,0.058267178,0.057752439,0.067041546,0.058023383,0.060091501
240,31/03/1986,28/02/1991,Rolling 218,-0.27,0.06,-0.14,-0.08,-0.24,0.43,0.5,0.43,0.47,0.57,0.058157704,0.059093895,0.06802651,0.059055462,0.06013777
241,30/04/1986,31/03/1991,Rolling 219,-0.27,0.05,-0.16,-0.11,-0.23,0.43,0.48,0.42,0.45,0.57,0.05794629,0.059161907,0.068416757,0.059169136,0.060008543
242,31/05/1986,30/04/1991,Rolling 220,-0.27,0.06,-0.15,-0.11,-0.23,0.43,0.5,0.43,0.45,0.57,0.057859654,0.058976656,0.068384575,0.058974663,0.059874903
243,30/06/1986,31/05/1991,Rolling 221,-0.27,0.05,-0.17,-0.12,-0.22,0.43,0.5,0.42,0.45,0.57,0.057736524,0.058895533,0.068806725,0.058984756,0.059753873
244,31/07/1986,30/06/1991,Rolling 222,-0.27,0.04,-0.17,-0.12,-0.23,0.42,0.48,0.4,0.43,0.55,0.058220422,0.059508681,0.069167868,0.059517237,0.060588865
245,31/08/1986,31/07/1991,Rolling 223,-0.28,0.06,-0.15,-0.1,-0.24,0.42,0.5,0.42,0.45,0.57,0.057770897,0.058789422,0.068477665,0.058777055,0.059849942
246,30/09/1986,31/08/1991,Rolling 224,-0.27,0.05,-0.15,-0.11,-0.24,0.43,0.5,0.42,0.45,0.57,0.057187296,0.058514341,0.06829528,0.058446212,0.059533492
247,31/10/1986,30/09/1991,Rolling 225,-0.27,0.03,-0.16,-0.12,-0.28,0.43,0.48,0.42,0.45,0.57,0.055829513,0.057744903,0.067384337,0.057251156,0.058243863
248,30/11/1986,31/10/1991,Rolling 226,-0.26,0.02,-0.16,-0.13,-0.27,0.43,0.48,0.42,0.45,0.57,0.055470621,0.057614826,0.067178568,0.057088278,0.058086417
249,31/12/1986,30/11/1991,Rolling 227,-0.25,0,-0.16,-0.13,-0.26,0.42,0.48,0.42,0.45,0.57,0.055831092,0.05834878,0.067661356,0.057340367,0.05862007
250,31/01/1987,31/12/1991,Rolling 228,-0.29,0.03,-0.11,-0.12,-0.22,0.42,0.5,0.43,0.45,0.58,0.057341779,0.059132971,0.067266207,0.058460955,0.059048757
251,28/02/1987,31/01/1992,Rolling 229,-0.33,-0.01,-0.11,-0.12,-0.12,0.4,0.48,0.43,0.45,0.58,0.055805641,0.057918905,0.065648916,0.056515583,0.05715065
252,31/03/1987,29/02/1992,Rolling 230,-0.32,0.01,-0.11,-0.12,-0.13,0.4,0.5,0.43,0.45,0.58,0.055589744,0.05740018,0.065616012,0.056466181,0.057151227
253,30/04/1987,31/03/1992,Rolling 231,-0.31,0.01,-0.11,-0.12,-0.13,0.38,0.52,0.43,0.45,0.57,0.05564613,0.05740204,0.065522012,0.056520799,0.057442884
254,31/05/1987,30/04/1992,Rolling 232,-0.31,0.01,-0.11,-0.13,-0.14,0.38,0.52,0.45,0.45,0.58,0.055687763,0.057455024,0.065335992,0.056553722,0.057360897
255,30/06/1987,31/05/1992,Rolling 233,-0.32,0.01,-0.11,-0.13,-0.14,0.37,0.53,0.47,0.47,0.57,0.055666685,0.057324145,0.06532955,0.056540969,0.057421807
256,31/07/1987,30/06/1992,Rolling 234,-0.33,0.02,-0.11,-0.11,-0.11,0.37,0.53,0.47,0.48,0.55,0.055590447,0.056857458,0.065024516,0.056123592,0.05736348
257,31/08/1987,31/07/1992,Rolling 235,-0.34,0.04,-0.1,-0.12,-0.11,0.35,0.55,0.47,0.48,0.55,0.055621505,0.056507584,0.064935911,0.056176158,0.057325845
258,30/09/1987,31/08/1992,Rolling 236,-0.33,0.04,-0.09,-0.11,-0.07,0.33,0.55,0.48,0.5,0.53,0.055640378,0.056319816,0.064517356,0.056006194,0.057398203
259,31/10/1987,30/09/1992,Rolling 237,-0.33,0.05,-0.1,-0.11,-0.09,0.33,0.55,0.48,0.5,0.55,0.055449695,0.056331392,0.064579481,0.055933782,0.057244956
260,30/11/1987,31/10/1992,Rolling 238,-0.32,0.04,-0.02,-0.01,0.02,0.33,0.53,0.48,0.52,0.55,0.043712059,0.046156958,0.05260166,0.043317368,0.044430009
261,31/12/1987,30/11/1992,Rolling 239,-0.12,0,0.02,0.01,0.09,0.35,0.52,0.48,0.52,0.57,0.039603812,0.045271014,0.050348942,0.041273921,0.041412926
262,31/01/1988,31/12/1992,Rolling 240,-0.3,-0.05,-0.02,-0.06,0.03,0.33,0.5,0.47,0.5,0.57,0.039308298,0.0452632,0.050489549,0.041195331,0.041202998
263,29/02/1988,31/01/1993,Rolling 241,-0.29,-0.04,-0.01,-0.07,0.04,0.35,0.52,0.47,0.5,0.57,0.039023425,0.044774905,0.049737573,0.041037095,0.041159592
264,31/03/1988,28/02/1993,Rolling 242,-0.3,-0.14,-0.01,-0.08,0.02,0.35,0.5,0.45,0.48,0.57,0.03884,0.043697929,0.049733491,0.040948702,0.041125283
265,30/04/1988,31/03/1993,Rolling 243,-0.3,-0.11,0,-0.05,0,0.37,0.5,0.47,0.5,0.58,0.038459156,0.042591662,0.049130678,0.040279,0.040601613
266,31/05/1988,30/04/1993,Rolling 244,-0.3,-0.11,0,-0.05,0,0.37,0.48,0.45,0.5,0.57,0.038648271,0.042785427,0.048949792,0.040248712,0.040981895
267,30/06/1988,31/05/1993,Rolling 245,-0.28,-0.11,0,-0.05,0,0.38,0.48,0.45,0.52,0.58,0.038671271,0.042816832,0.048753045,0.040277413,0.040890318
268,31/07/1988,30/06/1993,Rolling 246,-0.27,-0.11,0.02,-0.04,0,0.4,0.48,0.45,0.52,0.57,0.038391706,0.042487442,0.047916486,0.039885852,0.04094099
269,31/08/1988,31/07/1993,Rolling 247,-0.27,-0.11,0.02,-0.04,0.01,0.4,0.47,0.45,0.53,0.57,0.038361993,0.042534021,0.047723722,0.039856124,0.040871389
270,30/09/1988,31/08/1993,Rolling 248,-0.27,-0.1,0.01,-0.03,0.02,0.42,0.48,0.45,0.53,0.58,0.038017355,0.042124663,0.047779673,0.03956757,0.03992348
271,31/10/1988,30/09/1993,Rolling 249,-0.25,-0.12,-0.02,-0.06,0,0.43,0.48,0.43,0.52,0.57,0.037781374,0.042117794,0.047884572,0.039592265,0.04014073
272,30/11/1988,31/10/1993,Rolling 250,-0.25,-0.11,-0.01,-0.05,0,0.43,0.5,0.45,0.53,0.57,0.037761898,0.04204593,0.047568002,0.039549495,0.040138107
273,31/12/1988,30/11/1993,Rolling 251,-0.25,-0.1,-0.03,-0.05,0.02,0.43,0.52,0.43,0.53,0.57,0.037649253,0.041650082,0.04767483,0.039429325,0.039842775
274,31/01/1989,31/12/1993,Rolling 252,-0.24,-0.1,-0.03,-0.05,0.02,0.43,0.52,0.43,0.53,0.57,0.037638069,0.041659128,0.047424517,0.039439307,0.039828028
275,28/02/1989,31/01/1994,Rolling 253,-0.25,-0.1,0.01,-0.06,0.02,0.43,0.52,0.45,0.52,0.57,0.037057039,0.041115218,0.045692512,0.038896423,0.039421289
276,31/03/1989,28/02/1994,Rolling 254,-0.22,-0.1,0.01,-0.05,0.05,0.43,0.52,0.45,0.53,0.57,0.036849011,0.041050831,0.045661896,0.038782794,0.039122431
277,30/04/1989,31/03/1994,Rolling 255,-0.24,-0.1,-0.02,-0.08,0.04,0.42,0.53,0.43,0.52,0.55,0.03758273,0.04143978,0.046181666,0.039690543,0.040133561
278,31/05/1989,30/04/1994,Rolling 256,-0.24,-0.09,-0.03,-0.11,0.02,0.42,0.53,0.43,0.52,0.55,0.037289283,0.041079541,0.046155558,0.039580841,0.04009069
279,30/06/1989,31/05/1994,Rolling 257,-0.27,-0.09,-0.04,-0.12,0,0.4,0.53,0.43,0.5,0.55,0.037229386,0.041681256,0.046161678,0.039589183,0.040097089
280,31/07/1989,30/06/1994,Rolling 258,-0.25,-0.07,-0.03,-0.13,0.03,0.4,0.53,0.45,0.5,0.55,0.037355002,0.04167826,0.046156782,0.039743721,0.040178507
281,31/08/1989,31/07/1994,Rolling 259,-0.29,-0.09,-0.05,-0.12,-0.02,0.4,0.53,0.45,0.5,0.55,0.036305485,0.040785091,0.045663888,0.038643256,0.039628838
282,30/09/1989,31/08/1994,Rolling 260,-0.32,-0.08,-0.05,-0.13,-0.04,0.38,0.55,0.45,0.5,0.55,0.036610231,0.040751946,0.045808573,0.038844138,0.039679552
283,31/10/1989,30/09/1994,Rolling 261,-0.29,-0.07,-0.04,-0.12,-0.01,0.4,0.57,0.47,0.52,0.55,0.036693735,0.04069344,0.045501873,0.03887646,0.039718991
284,30/11/1989,31/10/1994,Rolling 262,-0.27,-0.06,-0.04,-0.11,0,0.42,0.58,0.47,0.53,0.57,0.036386657,0.040473544,0.045686574,0.038638479,0.039023857
285,31/12/1989,30/11/1994,Rolling 263,-0.24,-0.04,-0.05,-0.1,0,0.42,0.6,0.45,0.55,0.55,0.036818185,0.04057203,0.045788886,0.038949089,0.039760628
286,31/01/1990,31/12/1994,Rolling 264,-0.25,-0.05,-0.06,-0.1,-0.02,0.42,0.58,0.43,0.55,0.55,0.036801205,0.040607233,0.045897552,0.038897568,0.039741959
287,28/02/1990,31/01/1995,Rolling 265,-0.24,-0.05,-0.04,-0.08,-0.02,0.43,0.57,0.43,0.55,0.57,0.035289408,0.039641124,0.044503383,0.037396502,0.037795722
288,31/03/1990,28/02/1995,Rolling 266,-0.25,-0.03,-0.02,-0.07,-0.01,0.43,0.57,0.43,0.55,0.57,0.035512759,0.039651262,0.044282354,0.037398077,0.037779
289,30/04/1990,31/03/1995,Rolling 267,-0.26,-0.02,0,-0.08,-0.03,0.42,0.58,0.45,0.53,0.57,0.035620335,0.039452068,0.043442749,0.037508366,0.037814722
290,31/05/1990,30/04/1995,Rolling 268,-0.25,-0.03,-0.03,-0.1,-0.01,0.42,0.58,0.43,0.52,0.58,0.035364154,0.039421976,0.043749843,0.037559452,0.037096209
291,30/06/1990,31/05/1995,Rolling 269,-0.25,-0.01,-0.07,-0.07,-0.04,0.42,0.6,0.43,0.53,0.58,0.034043029,0.037793962,0.043291409,0.035891241,0.036313084
292,31/07/1990,30/06/1995,Rolling 270,-0.25,-0.02,-0.07,-0.07,-0.04,0.42,0.58,0.43,0.52,0.6,0.033948995,0.038128163,0.043305109,0.035997022,0.036030365
293,31/08/1990,31/07/1995,Rolling 271,-0.24,-0.02,-0.06,-0.07,-0.04,0.43,0.58,0.43,0.52,0.62,0.034041016,0.038314315,0.043236533,0.036083647,0.035747355
294,30/09/1990,31/08/1995,Rolling 272,-0.23,-0.05,0.02,-0.04,0.08,0.43,0.58,0.45,0.53,0.62,0.030973922,0.036209446,0.039311812,0.033083486,0.031415534
295,31/10/1990,30/09/1995,Rolling 273,-0.21,-0.11,-0.04,-0.14,0.09,0.45,0.57,0.45,0.53,0.63,0.030149475,0.036341051,0.039474093,0.033156688,0.029942148
296,30/11/1990,31/10/1995,Rolling 274,-0.21,-0.12,-0.06,-0.15,0.12,0.45,0.57,0.43,0.53,0.63,0.030129739,0.03630876,0.039286239,0.033148264,0.029614781
297,31/12/1990,30/11/1995,Rolling 275,-0.16,-0.03,0,-0.11,0.1,0.47,0.58,0.45,0.55,0.63,0.029530777,0.03384097,0.037525554,0.032401517,0.029481576
298,31/01/1991,31/12/1995,Rolling 276,-0.16,-0.02,0.01,-0.11,0.1,0.45,0.58,0.47,0.55,0.63,0.029542981,0.033545986,0.036819311,0.032290848,0.029459162
299,28/02/1991,31/01/1996,Rolling 277,-0.16,-0.03,0.05,-0.05,0.12,0.45,0.58,0.48,0.57,0.63,0.029420385,0.033712099,0.035611463,0.030837462,0.029299039
300,31/03/1991,29/02/1996,Rolling 278,-0.16,0.08,0.12,0.13,0.18,0.43,0.6,0.48,0.57,0.62,0.028475749,0.030310395,0.03300494,0.027719831,0.028414801
301,30/04/1991,31/03/1996,Rolling 279,-0.17,0.1,0.14,0.15,0.18,0.43,0.6,0.5,0.57,0.62,0.028427015,0.029697539,0.03218837,0.027437496,0.028394318
302,31/05/1991,30/04/1996,Rolling 280,-0.16,0.1,0.14,0.15,0.18,0.45,0.58,0.48,0.58,0.63,0.028410333,0.029789474,0.032054725,0.02741333,0.028285846
303,30/06/1991,31/05/1996,Rolling 281,-0.15,0.07,0.17,0.13,0.14,0.47,0.57,0.5,0.57,0.63,0.028154396,0.029993266,0.03094646,0.027416715,0.028331533
304,31/07/1991,30/06/1996,Rolling 282,-0.14,0.1,0.17,0.15,0.21,0.47,0.58,0.5,0.57,0.63,0.0271468,0.028750882,0.030210514,0.026321118,0.026568596
305,31/08/1991,31/07/1996,Rolling 283,-0.16,0.07,0.15,0.08,0.16,0.47,0.57,0.5,0.55,0.62,0.027709686,0.029617357,0.03061276,0.027231004,0.027922411
306,30/09/1991,31/08/1996,Rolling 284,-0.12,0.07,0.18,0.08,0.16,0.47,0.57,0.52,0.55,0.62,0.027711691,0.029576697,0.029900282,0.027177848,0.02792053
307,31/10/1991,30/09/1996,Rolling 285,-0.1,0.1,0.22,0.12,0.18,0.48,0.58,0.53,0.57,0.63,0.028057921,0.029653968,0.029569629,0.027407737,0.027632404
308,30/11/1991,31/10/1996,Rolling 286,-0.12,0.08,0.2,0.1,0.18,0.48,0.57,0.52,0.55,0.63,0.028296327,0.030049827,0.029983047,0.027715167,0.02760181
309,31/12/1991,30/11/1996,Rolling 287,-0.12,0.19,0.22,0.15,0.19,0.5,0.58,0.53,0.57,0.65,0.028724416,0.028975278,0.029912227,0.027900322,0.027157191
310,31/01/1992,31/12/1996,Rolling 288,0,0.14,0.11,0.17,0.06,0.52,0.58,0.52,0.57,0.63,0.025246183,0.027047064,0.029224088,0.02481296,0.025912317
311,29/02/1992,31/01/1997,Rolling 289,0.11,0.16,0.14,0.21,0.05,0.53,0.6,0.53,0.58,0.65,0.025352042,0.027530234,0.029338886,0.025290395,0.026097733
312,31/03/1992,28/02/1997,Rolling 290,0.11,0.17,0.14,0.21,0.05,0.55,0.58,0.53,0.57,0.65,0.025314076,0.027519341,0.029372322,0.025291231,0.0260931
313,30/04/1992,31/03/1997,Rolling 291,0.06,0.14,0.08,0.16,0.09,0.55,0.57,0.52,0.55,0.65,0.02614785,0.028240773,0.030365111,0.026104787,0.026525684
314,31/05/1992,30/04/1997,Rolling 292,0.14,0.17,0.11,0.22,0.11,0.57,0.57,0.52,0.57,0.65,0.026319639,0.02849326,0.030432585,0.026280825,0.026873215
315,30/06/1992,31/05/1997,Rolling 293,0.11,0.14,0.12,0.21,0.14,0.57,0.55,0.52,0.57,0.67,0.027198253,0.029682967,0.03076924,0.027076442,0.027093567
316,31/07/1992,30/06/1997,Rolling 294,0.09,0.14,0.12,0.23,0.15,0.57,0.55,0.52,0.57,0.68,0.027509399,0.029956042,0.030882584,0.027136405,0.026907787
317,31/08/1992,31/07/1997,Rolling 295,0.1,0.14,0.13,0.26,0.17,0.58,0.55,0.52,0.57,0.68,0.02848096,0.030948399,0.031523998,0.027829042,0.027599153
318,30/09/1992,31/08/1997,Rolling 296,0.09,0.14,0.13,0.22,0.12,0.58,0.55,0.52,0.55,0.68,0.029490674,0.031788007,0.032340415,0.029043514,0.029108219
319,31/10/1992,30/09/1997,Rolling 297,0.14,0.15,0.13,0.24,0.14,0.6,0.55,0.52,0.55,0.68,0.029724655,0.032143549,0.032669514,0.02943644,0.029315402
320,30/11/1992,31/10/1997,Rolling 298,0.12,0.15,0.16,0.26,0.2,0.6,0.57,0.53,0.55,0.7,0.030324891,0.032473685,0.032767599,0.029692002,0.029640449
321,31/12/1992,30/11/1997,Rolling 299,0.14,0.16,0.18,0.26,0.17,0.6,0.57,0.53,0.55,0.7,0.030361947,0.032519296,0.03238606,0.029929579,0.029940064
322,31/01/1993,31/12/1997,Rolling 300,0.14,0.16,0.18,0.25,0.17,0.62,0.57,0.53,0.55,0.7,0.030365974,0.032514334,0.032264775,0.02998914,0.029943697
323,28/02/1993,31/01/1998,Rolling 301,0.14,0.16,0.18,0.25,0.16,0.62,0.57,0.55,0.55,0.7,0.030368111,0.032514095,0.031889768,0.02998918,0.029977589
324,31/03/1993,28/02/1998,Rolling 302,0.17,0.23,0.23,0.3,0.18,0.62,0.58,0.57,0.57,0.7,0.031144487,0.032629695,0.031929167,0.030461343,0.030557202
325,30/04/1993,31/03/1998,Rolling 303,0.14,0.24,0.24,0.28,0.18,0.6,0.6,0.57,0.55,0.7,0.031703415,0.032895735,0.032075933,0.031119735,0.030793542
326,31/05/1993,30/04/1998,Rolling 304,0.14,0.24,0.24,0.24,0.19,0.62,0.62,0.58,0.55,0.72,0.031461008,0.032661469,0.031771397,0.031067077,0.030292542
327,30/06/1993,31/05/1998,Rolling 305,0.11,0.2,0.19,0.16,0.13,0.6,0.6,0.57,0.53,0.7,0.03175934,0.033267436,0.0329013,0.031869584,0.031060182
328,31/07/1993,30/06/1998,Rolling 306,0.12,0.2,0.18,0.17,0.14,0.6,0.62,0.57,0.55,0.72,0.031832601,0.033450344,0.033500964,0.032042675,0.031010959
329,31/08/1993,31/07/1998,Rolling 307,0.12,0.2,0.17,0.15,0.11,0.6,0.62,0.57,0.53,0.72,0.031931966,0.033586197,0.033703441,0.032244007,0.031386687
330,30/09/1993,31/08/1998,Rolling 308,-0.04,-0.05,-0.01,0.01,-0.04,0.58,0.6,0.57,0.53,0.7,0.039166753,0.042520819,0.042467549,0.03954712,0.039485621
331,31/10/1993,30/09/1998,Rolling 309,0.06,0.02,0.01,0.05,0,0.58,0.6,0.58,0.55,0.72,0.039183791,0.04250107,0.042563037,0.039756444,0.039492812
332,30/11/1993,31/10/1998,Rolling 310,0.03,0.08,0.02,0.09,0.06,0.57,0.6,0.58,0.55,0.72,0.040371588,0.042735239,0.043235869,0.040252029,0.039923407
333,31/12/1993,30/11/1998,Rolling 311,0.03,0.13,0.04,0.08,0.05,0.58,0.6,0.6,0.55,0.73,0.040831426,0.042824831,0.043199008,0.040745712,0.040133387
334,31/01/1994,31/12/1998,Rolling 312,0.02,0.12,0.05,0.08,0.06,0.58,0.58,0.6,0.55,0.73,0.041306419,0.043521045,0.043480279,0.04122717,0.040285093
335,28/02/1994,31/01/1999,Rolling 313,0.03,0.13,0.06,0.09,0.08,0.58,0.58,0.6,0.57,0.73,0.041347866,0.043447445,0.043400019,0.041131649,0.040259861
336,31/03/1994,28/02/1999,Rolling 314,0,0.13,0.1,0.12,0.14,0.58,0.58,0.62,0.57,0.75,0.041564852,0.043385933,0.043043403,0.041023442,0.039929383
337,30/04/1994,31/03/1999,Rolling 315,0.03,0.12,0.13,0.16,0.18,0.6,0.57,0.63,0.58,0.77,0.040920552,0.043396909,0.042149674,0.040146565,0.03888922
338,31/05/1994,30/04/1999,Rolling 316,0.03,0.11,0.14,0.17,0.19,0.6,0.57,0.63,0.58,0.77,0.041020745,0.043637301,0.042143608,0.040233162,0.038881153
339,30/06/1994,31/05/1999,Rolling 317,0.02,0.11,0.14,0.15,0.17,0.6,0.57,0.63,0.58,0.75,0.041341395,0.043080885,0.042270261,0.040610743,0.039398135
340,31/07/1994,30/06/1999,Rolling 318,0.03,0.1,0.15,0.16,0.18,0.62,0.57,0.63,0.58,0.77,0.041299299,0.043187821,0.0422266,0.040507843,0.039125573
341,31/08/1994,31/07/1999,Rolling 319,0.03,0.09,0.09,0.12,0.14,0.6,0.55,0.62,0.57,0.75,0.041617856,0.04367469,0.043731818,0.041249403,0.040010513
342,30/09/1994,31/08/1999,Rolling 320,0.02,0.07,0.08,0.1,0.13,0.6,0.53,0.62,0.57,0.73,0.041526229,0.043810497,0.043829417,0.041258024,0.040117361
343,31/10/1994,30/09/1999,Rolling 321,-0.03,0.05,0.02,0.05,0.09,0.58,0.52,0.6,0.55,0.73,0.041879684,0.044266319,0.045086526,0.041969458,0.040542403
344,30/11/1994,31/10/1999,Rolling 322,0,0.06,0.06,0.04,0.11,0.58,0.52,0.62,0.55,0.73,0.042130098,0.044523148,0.044665045,0.042524355,0.040739404
345,31/12/1994,30/11/1999,Rolling 323,-0.02,0.03,0.05,0.02,0.11,0.58,0.52,0.63,0.55,0.75,0.041751802,0.044387968,0.044448794,0.042198003,0.039986213
346,31/01/1995,31/12/1999,Rolling 324,-0.01,0.01,0.02,-0.02,0.05,0.58,0.52,0.63,0.55,0.73,0.042026627,0.04507449,0.045370228,0.043163591,0.040909699
347,28/02/1995,31/01/2000,Rolling 325,-0.01,0.04,0.04,-0.01,0.03,0.57,0.53,0.65,0.55,0.72,0.042836657,0.045191425,0.045581099,0.043762631,0.042096544
348,31/03/1995,29/02/2000,Rolling 326,-0.04,0.02,0.02,-0.03,0.01,0.57,0.52,0.63,0.53,0.7,0.043119456,0.045725815,0.046241141,0.044184683,0.042648222
349,30/04/1995,31/03/2000,Rolling 327,0,0.07,0.07,0.01,0.08,0.58,0.52,0.63,0.55,0.7,0.04390446,0.046036567,0.046486772,0.044837087,0.043022303
350,31/05/1995,30/04/2000,Rolling 328,0.02,0.06,0.03,0,0.04,0.58,0.5,0.63,0.55,0.68,0.044071327,0.046519637,0.047591604,0.045181243,0.044046102
351,30/06/1995,31/05/2000,Rolling 329,0.01,0.03,0,-0.05,0,0.58,0.48,0.62,0.53,0.67,0.044285887,0.047317417,0.048814341,0.046135223,0.045013787
352,31/07/1995,30/06/2000,Rolling 330,0.02,0.04,0,-0.04,0,0.6,0.5,0.62,0.55,0.67,0.044235906,0.047079707,0.04894382,0.046012381,0.04501038
353,31/08/1995,31/07/2000,Rolling 331,0.02,0.03,0.01,-0.03,-0.01,0.58,0.5,0.62,0.55,0.65,0.044311829,0.04741179,0.048728393,0.045940409,0.045416425
354,30/09/1995,31/08/2000,Rolling 332,0.03,0.02,0,-0.05,-0.01,0.6,0.5,0.62,0.55,0.67,0.044543985,0.047735459,0.049012995,0.046389929,0.045576008
355,31/10/1995,30/09/2000,Rolling 333,0.04,0.02,0.01,-0.01,0.01,0.58,0.5,0.6,0.55,0.65,0.045194145,0.048500866,0.049679824,0.046732076,0.046429354
356,30/11/1995,31/10/2000,Rolling 334,0.02,0.01,0.02,-0.02,0.01,0.57,0.48,0.62,0.53,0.65,0.045385204,0.048668436,0.049685851,0.046835865,0.046470282
357,31/12/1995,30/11/2000,Rolling 335,0,0.03,0.08,0.06,0.1,0.55,0.48,0.62,0.53,0.65,0.047136252,0.049842355,0.050174442,0.047464333,0.04747736
358,31/01/1996,31/12/2000,Rolling 336,0,0.03,0.08,0.06,0.1,0.55,0.48,0.6,0.53,0.63,0.047239433,0.049763675,0.050324254,0.047584493,0.047558003
359,29/02/1996,31/01/2001,Rolling 337,0,0.05,0.09,0.06,0.11,0.55,0.5,0.6,0.52,0.63,0.047202236,0.049400548,0.050366445,0.047621471,0.047507667
360,31/03/1996,28/02/2001,Rolling 338,0.02,0.02,0.05,0.15,0.07,0.55,0.48,0.6,0.53,0.63,0.049127801,0.05191584,0.053199833,0.048538289,0.050341178
361,30/04/1996,31/03/2001,Rolling 339,-0.01,0.01,0.05,0.19,0.04,0.53,0.48,0.58,0.55,0.62,0.050559951,0.053136956,0.054320662,0.04889699,0.051948119
362,31/05/1996,30/04/2001,Rolling 340,0,-0.03,-0.01,0.13,0.03,0.53,0.48,0.58,0.53,0.62,0.051028103,0.054614836,0.056451578,0.050443631,0.052433585
363,30/06/1996,31/05/2001,Rolling 341,0.01,-0.02,0,0.13,0.04,0.52,0.48,0.57,0.53,0.6,0.050998051,0.055684979,0.05705278,0.050626321,0.052408054
364,31/07/1996,30/06/2001,Rolling 342,0.01,0,0.03,0.16,0.06,0.52,0.48,0.58,0.55,0.62,0.051194481,0.055686254,0.057171299,0.050605655,0.052477743
365,31/08/1996,31/07/2001,Rolling 343,0,0.02,0.03,0.16,0.07,0.52,0.5,0.58,0.57,0.63,0.050731015,0.055125353,0.057298156,0.05026694,0.051763226
366,30/09/1996,31/08/2001,Rolling 344,0,0.05,0.08,0.22,0.14,0.5,0.5,0.58,0.57,0.63,0.051697564,0.055445954,0.057269148,0.05031181,0.052067866
367,31/10/1996,30/09/2001,Rolling 345,0.01,0.05,0.03,0.19,0.13,0.48,0.48,0.57,0.55,0.62,0.052993134,0.056469786,0.059800402,0.052020619,0.053825735
368,30/11/1996,31/10/2001,Rolling 346,0.02,0.06,0.03,0.18,0.13,0.5,0.5,0.57,0.55,0.62,0.052849694,0.056259926,0.06027731,0.05215438,0.053809224
369,31/12/1996,30/11/2001,Rolling 347,0.01,0,-0.01,0.13,0.08,0.48,0.48,0.55,0.53,0.6,0.053020487,0.057929542,0.061852414,0.053607234,0.054524187
370,31/01/1997,31/12/2001,Rolling 348,-0.01,-0.01,-0.01,0.12,0.07,0.47,0.47,0.55,0.53,0.6,0.052967551,0.058645161,0.062133869,0.053577386,0.054426549
371,28/02/1997,31/01/2002,Rolling 349,0,0,-0.02,0.12,0.08,0.45,0.47,0.53,0.52,0.58,0.052720116,0.058293494,0.062399555,0.0532573,0.054346853
372,31/03/1997,28/02/2002,Rolling 350,0.01,0,-0.01,0.13,0.07,0.43,0.47,0.53,0.53,0.57,0.052825564,0.058330288,0.062389163,0.053304433,0.054666072
373,30/04/1997,31/03/2002,Rolling 351,0,-0.01,0,0.12,0.07,0.45,0.47,0.55,0.53,0.58,0.052449237,0.058436448,0.061910652,0.053260005,0.054164068
374,31/05/1997,30/04/2002,Rolling 352,0.01,-0.02,-0.04,0.11,0.07,0.45,0.45,0.53,0.53,0.57,0.052929797,0.058953905,0.063845779,0.053702355,0.055016938
375,30/06/1997,31/05/2002,Rolling 353,0.04,0,-0.04,0.12,0.07,0.45,0.47,0.53,0.53,0.55,0.052509233,0.058371364,0.063704103,0.053312942,0.054862997
376,31/07/1997,30/06/2002,Rolling 354,0.08,0,-0.07,0.1,0.03,0.45,0.47,0.53,0.52,0.53,0.053212138,0.059149217,0.065876924,0.054480211,0.056865695
377,31/08/1997,31/07/2002,Rolling 355,0.13,-0.03,-0.12,0.06,-0.01,0.43,0.45,0.52,0.5,0.52,0.05364848,0.060450369,0.068096573,0.055781409,0.058629508
378,30/09/1997,31/08/2002,Rolling 356,0.11,-0.03,-0.12,0.06,-0.01,0.45,0.47,0.52,0.52,0.53,0.052973899,0.059818521,0.067807391,0.055134524,0.057790673
379,31/10/1997,30/09/2002,Rolling 357,0.16,0,-0.06,0.07,0.03,0.45,0.47,0.52,0.52,0.52,0.054786512,0.061172134,0.068211428,0.056732462,0.059695969
380,30/11/1997,31/10/2002,Rolling 358,0.1,-0.02,-0.07,0.06,0,0.45,0.45,0.52,0.5,0.52,0.05561112,0.062057296,0.068879955,0.057611833,0.060192538
381,31/12/1997,30/11/2002,Rolling 359,0.06,0,-0.09,0.06,-0.01,0.43,0.47,0.52,0.5,0.52,0.056049262,0.061920728,0.07010363,0.057861123,0.060424829
382,31/01/1998,31/12/2002,Rolling 360,0.09,0.02,-0.06,0.07,0.02,0.43,0.48,0.53,0.52,0.52,0.056556309,0.062137584,0.070045838,0.058196867,0.060896729
383,28/02/1998,31/01/2003,Rolling 361,0.1,0.02,-0.06,0.08,0.02,0.43,0.48,0.52,0.52,0.5,0.056659695,0.06214883,0.070149194,0.058199818,0.060995044
384,31/03/1998,28/02/2003,Rolling 362,0.1,0,-0.07,0.06,0.03,0.43,0.48,0.52,0.52,0.5,0.056249114,0.062107778,0.070496683,0.057928634,0.060712398
385,30/04/1998,31/03/2003,Rolling 363,0.11,-0.01,-0.08,0.07,0.02,0.43,0.47,0.5,0.52,0.48,0.055949063,0.062078033,0.070434375,0.057673628,0.060608119
386,31/05/1998,30/04/2003,Rolling 364,0.06,-0.03,-0.08,0.06,-0.01,0.42,0.45,0.48,0.52,0.47,0.057046086,0.063191499,0.071119897,0.05844708,0.061397062
387,30/06/1998,31/05/2003,Rolling 365,0.03,-0.04,-0.08,0.05,-0.01,0.42,0.45,0.48,0.52,0.48,0.05739414,0.063534651,0.070889335,0.058846654,0.061306694
388,31/07/1998,30/06/2003,Rolling 366,0.01,-0.05,-0.07,0.03,-0.02,0.4,0.43,0.48,0.5,0.47,0.057415806,0.063672645,0.070756667,0.059162868,0.061326503
389,31/08/1998,31/07/2003,Rolling 367,0,-0.04,-0.08,0.03,-0.02,0.4,0.45,0.48,0.5,0.48,0.057406007,0.063573795,0.070818345,0.059108408,0.061084139
390,30/09/1998,31/08/2003,Rolling 368,0.03,0.02,-0.04,0.07,-0.01,0.4,0.45,0.48,0.5,0.48,0.052690193,0.05807933,0.06643907,0.054787747,0.056431284
391,31/10/1998,30/09/2003,Rolling 369,-0.03,-0.02,-0.04,0.05,-0.02,0.4,0.45,0.48,0.5,0.47,0.052668452,0.058085688,0.066248934,0.054595157,0.056370128
392,30/11/1998,31/10/2003,Rolling 370,-0.03,-0.05,-0.08,0.03,-0.04,0.4,0.43,0.47,0.48,0.47,0.052296623,0.058318223,0.067203752,0.054630181,0.056308195
393,31/12/1998,30/11/2003,Rolling 371,-0.03,-0.12,-0.09,0.02,-0.05,0.38,0.43,0.47,0.47,0.47,0.051913918,0.058231887,0.067208214,0.054269387,0.056110597
394,31/01/1999,31/12/2003,Rolling 372,-0.04,-0.1,-0.08,0.02,-0.05,0.37,0.45,0.47,0.47,0.47,0.052033594,0.057892976,0.06707595,0.054222756,0.056153363
395,28/02/1999,31/01/2004,Rolling 373,-0.05,-0.11,-0.09,0.01,-0.06,0.35,0.45,0.47,0.47,0.47,0.05198729,0.057839548,0.067056718,0.054182997,0.056160784
396,31/03/1999,29/02/2004,Rolling 374,-0.05,-0.12,-0.1,0.01,-0.07,0.35,0.43,0.45,0.47,0.47,0.05166981,0.057888345,0.067461589,0.054116766,0.056042507
397,30/04/1999,31/03/2004,Rolling 375,-0.06,-0.11,-0.1,-0.01,-0.08,0.35,0.45,0.45,0.47,0.45,0.051652777,0.057581139,0.067529503,0.05412385,0.056085361
398,31/05/1999,30/04/2004,Rolling 376,-0.07,-0.11,-0.11,-0.02,-0.09,0.35,0.47,0.43,0.47,0.43,0.051596732,0.057361115,0.067572115,0.054078187,0.056197919
399,30/06/1999,31/05/2004,Rolling 377,-0.07,-0.1,-0.11,-0.01,-0.09,0.35,0.47,0.43,0.48,0.45,0.05136733,0.057215539,0.067491542,0.053770399,0.05583024
400,31/07/1999,30/06/2004,Rolling 378,-0.1,-0.13,-0.13,-0.05,-0.11,0.33,0.45,0.42,0.47,0.45,0.051322281,0.057293537,0.0675322,0.053877362,0.055793426
401,31/08/1999,31/07/2004,Rolling 379,-0.09,-0.12,-0.1,-0.02,-0.1,0.35,0.45,0.43,0.48,0.45,0.051132235,0.057139351,0.066625588,0.053319607,0.055395273
402,30/09/1999,31/08/2004,Rolling 380,-0.09,-0.13,-0.1,-0.02,-0.1,0.35,0.45,0.45,0.48,0.47,0.050994097,0.056962634,0.066481289,0.053126577,0.055317766
403,31/10/1999,30/09/2004,Rolling 381,-0.08,-0.11,-0.08,0,-0.08,0.35,0.47,0.47,0.5,0.48,0.050600469,0.056513287,0.065604295,0.052541258,0.054882621
404,30/11/1999,31/10/2004,Rolling 382,-0.12,-0.14,-0.11,0,-0.1,0.33,0.45,0.45,0.48,0.48,0.050440219,0.056669666,0.065730962,0.052120956,0.054744204
405,31/12/1999,30/11/2004,Rolling 383,-0.14,-0.15,-0.13,-0.01,-0.12,0.32,0.43,0.43,0.47,0.48,0.050737605,0.057127076,0.066020402,0.052463124,0.054901966
406,31/01/2000,31/12/2004,Rolling 384,-0.18,-0.15,-0.12,-0.01,-0.1,0.3,0.43,0.43,0.47,0.48,0.050752781,0.056872726,0.065434316,0.052099207,0.054394461
407,29/02/2000,31/01/2005,Rolling 385,-0.16,-0.16,-0.13,0,-0.09,0.32,0.43,0.42,0.47,0.48,0.050120518,0.056610333,0.065276254,0.05165119,0.053663131
408,31/03/2000,28/02/2005,Rolling 386,-0.16,-0.15,-0.12,0.01,-0.08,0.32,0.43,0.43,0.47,0.5,0.049786825,0.056326856,0.06481706,0.051285189,0.053207262
409,30/04/2000,31/03/2005,Rolling 387,-0.22,-0.23,-0.17,-0.04,-0.15,0.32,0.43,0.42,0.47,0.48,0.049025338,0.056082561,0.06475371,0.050698253,0.052996071
410,31/05/2000,30/04/2005,Rolling 388,-0.22,-0.21,-0.16,-0.03,-0.13,0.33,0.45,0.42,0.48,0.5,0.048842089,0.055707689,0.063870879,0.050292725,0.052221399
411,30/06/2000,31/05/2005,Rolling 389,-0.21,-0.19,-0.14,0.01,-0.11,0.33,0.47,0.43,0.5,0.52,0.048649498,0.054976663,0.062953899,0.049360504,0.051413525
412,31/07/2000,30/06/2005,Rolling 390,-0.24,-0.19,-0.13,-0.01,-0.13,0.33,0.45,0.43,0.5,0.52,0.048650366,0.054957212,0.06276316,0.049360354,0.051408009
413,31/08/2000,31/07/2005,Rolling 391,-0.24,-0.17,-0.14,0.02,-0.1,0.33,0.47,0.43,0.52,0.53,0.048715584,0.054511568,0.063368706,0.049215909,0.051017582
414,30/09/2000,31/08/2005,Rolling 392,-0.29,-0.19,-0.15,0,-0.13,0.33,0.45,0.42,0.52,0.52,0.048502008,0.054262385,0.063166484,0.048795885,0.050899756
415,31/10/2000,30/09/2005,Rolling 393,-0.29,-0.17,-0.15,0.01,-0.12,0.33,0.47,0.43,0.52,0.53,0.047800212,0.053294687,0.062518412,0.048306558,0.050061497
416,30/11/2000,31/10/2005,Rolling 394,-0.3,-0.18,-0.14,0.02,-0.12,0.35,0.47,0.43,0.53,0.55,0.047659062,0.053477642,0.062577516,0.048204161,0.050022676
417,31/12/2000,30/11/2005,Rolling 395,-0.26,-0.19,-0.17,-0.02,-0.17,0.35,0.45,0.42,0.52,0.53,0.046015668,0.053013607,0.062839203,0.047999326,0.049240708
418,31/01/2001,31/12/2005,Rolling 396,-0.3,-0.19,-0.17,-0.02,-0.17,0.37,0.47,0.43,0.53,0.55,0.045863307,0.052972902,0.062894392,0.047881488,0.049161679
419,28/02/2001,31/01/2006,Rolling 397,-0.33,-0.22,-0.2,-0.03,-0.19,0.35,0.45,0.42,0.53,0.55,0.045909984,0.05308615,0.063223035,0.047836785,0.049181406
420,31/03/2001,28/02/2006,Rolling 398,-0.3,-0.17,-0.17,-0.07,-0.14,0.35,0.47,0.42,0.53,0.55,0.043840487,0.05062868,0.060791795,0.046896464,0.046280483
421,30/04/2001,31/03/2006,Rolling 399,-0.23,-0.14,-0.15,-0.09,-0.1,0.37,0.47,0.42,0.52,0.57,0.042187687,0.049333533,0.059858004,0.046513893,0.044471796
422,31/05/2001,30/04/2006,Rolling 400,-0.37,-0.12,-0.12,-0.06,-0.12,0.35,0.47,0.43,0.53,0.57,0.041638795,0.047729388,0.057838899,0.044834701,0.043898991
423,30/06/2001,31/05/2006,Rolling 401,-0.37,-0.13,-0.13,-0.07,-0.13,0.37,0.48,0.43,0.53,0.57,0.041873759,0.046485191,0.057500004,0.044822267,0.044309583
424,31/07/2001,30/06/2006,Rolling 402,-0.37,-0.15,-0.15,-0.09,-0.14,0.38,0.48,0.43,0.52,0.55,0.041628462,0.046531126,0.057371871,0.044802304,0.044211551
425,31/08/2001,31/07/2006,Rolling 403,-0.37,-0.16,-0.16,-0.11,-0.15,0.38,0.47,0.42,0.5,0.55,0.041497011,0.046463146,0.057031955,0.044616052,0.044192972
426,30/09/2001,31/08/2006,Rolling 404,-0.32,-0.18,-0.21,-0.2,-0.25,0.4,0.47,0.4,0.5,0.55,0.040313433,0.046110186,0.057106245,0.044582172,0.04387034
427,31/10/2001,30/09/2006,Rolling 405,-0.2,-0.16,-0.15,-0.14,-0.21,0.42,0.47,0.42,0.5,0.57,0.038204727,0.044641506,0.05437823,0.042388041,0.041499077
428,30/11/2001,31/10/2006,Rolling 406,-0.24,-0.16,-0.14,-0.13,-0.21,0.42,0.47,0.43,0.5,0.57,0.038340242,0.04472927,0.053642902,0.042211517,0.041576471
429,31/12/2001,30/11/2006,Rolling 407,-0.27,-0.1,-0.1,-0.06,-0.17,0.43,0.47,0.43,0.5,0.58,0.037231306,0.042104362,0.051156109,0.039717551,0.040110888
430,31/01/2002,31/12/2006,Rolling 408,-0.26,-0.1,-0.1,-0.06,-0.17,0.45,0.48,0.45,0.5,0.6,0.037232343,0.040982316,0.050675498,0.039615313,0.039937074
431,28/02/2002,31/01/2007,Rolling 409,-0.24,-0.09,-0.08,-0.06,-0.16,0.47,0.48,0.47,0.5,0.62,0.037169254,0.040931708,0.050043952,0.039579225,0.039657304
432,31/03/2002,28/02/2007,Rolling 410,-0.25,-0.1,-0.09,-0.05,-0.15,0.47,0.48,0.45,0.5,0.62,0.037208471,0.041027012,0.050324204,0.039600994,0.039428204
433,30/04/2002,31/03/2007,Rolling 411,-0.29,-0.08,-0.12,-0.04,-0.17,0.45,0.48,0.43,0.52,0.62,0.037018867,0.040397292,0.050542443,0.03903895,0.039410534
434,31/05/2002,30/04/2007,Rolling 412,-0.22,-0.03,-0.04,-0.03,-0.16,0.45,0.5,0.45,0.5,0.63,0.036315182,0.039415947,0.047995624,0.038534686,0.038228614
435,30/06/2002,31/05/2007,Rolling 413,-0.18,-0.02,-0.04,-0.04,-0.16,0.47,0.5,0.43,0.48,0.65,0.036392642,0.039431767,0.048241311,0.03885491,0.038275379
436,31/07/2002,30/06/2007,Rolling 414,-0.18,0,0.04,-0.01,-0.05,0.45,0.5,0.43,0.48,0.65,0.035227678,0.038231843,0.045099936,0.037342271,0.03542303
437,31/08/2002,31/07/2007,Rolling 415,-0.18,0.09,0.14,0.09,0.07,0.45,0.5,0.43,0.48,0.65,0.033898179,0.03561955,0.041610708,0.034925665,0.032475499
438,30/09/2002,31/08/2007,Rolling 416,-0.16,0.09,0.15,0.09,0.07,0.45,0.48,0.43,0.47,0.65,0.033898174,0.03564167,0.041389756,0.034879242,0.032387872
439,31/10/2002,30/09/2007,Rolling 417,-0.18,0.14,0.08,0.12,0.08,0.45,0.48,0.43,0.47,0.67,0.030769557,0.033263552,0.040382645,0.031860042,0.028460524
440,30/11/2002,31/10/2007,Rolling 418,-0.15,0.16,0.07,0.12,0.07,0.47,0.5,0.42,0.48,0.67,0.028618964,0.031264701,0.039151532,0.029958215,0.026944992
441,31/12/2002,30/11/2007,Rolling 419,-0.18,0.14,0.14,0.13,0.11,0.47,0.5,0.43,0.5,0.67,0.028445032,0.031269832,0.03659762,0.02939924,0.026719303
442,31/01/2003,31/12/2007,Rolling 420,-0.22,0.1,0.05,0.1,0.06,0.45,0.48,0.42,0.48,0.65,0.027444598,0.03084238,0.03676422,0.028779808,0.025807551
443,28/02/2003,31/01/2008,Rolling 421,-0.27,0.1,0.01,0.06,0.01,0.43,0.48,0.42,0.48,0.65,0.028741305,0.031516488,0.038072855,0.029949251,0.027519281
444,31/03/2003,29/02/2008,Rolling 422,-0.3,0.1,-0.02,0.03,0,0.42,0.48,0.42,0.48,0.63,0.029148063,0.031756327,0.037394612,0.030290656,0.027938608
445,30/04/2003,31/03/2008,Rolling 423,-0.31,0.11,-0.01,0.04,0,0.42,0.5,0.43,0.5,0.65,0.029100309,0.031547377,0.037462883,0.030106552,0.027918382
446,31/05/2003,30/04/2008,Rolling 424,-0.25,0.15,-0.05,-0.01,-0.01,0.43,0.5,0.43,0.48,0.65,0.027494441,0.029945015,0.037329938,0.029656349,0.027059416
447,30/06/2003,31/05/2008,Rolling 425,-0.19,0.19,-0.05,0.05,0.01,0.45,0.52,0.43,0.48,0.65,0.026366759,0.028471116,0.036818808,0.028032382,0.026400726
448,31/07/2003,30/06/2008,Rolling 426,-0.23,0.17,0,0.11,0.04,0.45,0.53,0.45,0.5,0.65,0.028993441,0.030322323,0.037402544,0.028973671,0.028943927
449,31/08/2003,31/07/2008,Rolling 427,-0.21,0.17,0.01,0.11,0.04,0.47,0.53,0.47,0.52,0.63,0.028862964,0.030466778,0.037079874,0.028867186,0.02905182
450,30/09/2003,31/08/2008,Rolling 428,-0.21,0.18,0.03,0.14,0.07,0.47,0.53,0.47,0.52,0.63,0.028810387,0.030258902,0.035937232,0.028219329,0.028594068
451,31/10/2003,30/09/2008,Rolling 429,-0.23,0.21,0.07,0.2,0.18,0.45,0.53,0.47,0.52,0.65,0.031511232,0.031770721,0.037024895,0.029967163,0.030453642
452,30/11/2003,31/10/2008,Rolling 430,0.02,0.34,0.18,0.19,0.13,0.47,0.55,0.48,0.53,0.63,0.038000321,0.035893053,0.040328149,0.037230053,0.039121284
453,31/12/2003,30/11/2008,Rolling 431,0.15,0.1,0.18,0.23,0.14,0.48,0.53,0.48,0.55,0.62,0.038542151,0.043792683,0.04112326,0.037927506,0.040495229
454,31/01/2004,31/12/2008,Rolling 432,0.16,0.08,0.13,0.11,0.06,0.48,0.52,0.47,0.53,0.6,0.037985398,0.044094605,0.041682323,0.040462074,0.040958424
455,29/02/2004,31/01/2009,Rolling 433,0.17,0.14,0.2,0.21,0.17,0.5,0.52,0.47,0.53,0.6,0.039450166,0.044310111,0.041801788,0.040463035,0.041379934
456,31/03/2004,28/02/2009,Rolling 434,0.34,0.25,0.29,0.3,0.25,0.52,0.53,0.48,0.53,0.6,0.040565568,0.044263052,0.04176834,0.041006649,0.042992253
457,30/04/2004,31/03/2009,Rolling 435,0.1,0.17,0.19,0.18,0.11,0.5,0.52,0.47,0.52,0.6,0.043996872,0.047892982,0.045682599,0.045250343,0.045844156
458,31/05/2004,30/04/2009,Rolling 436,0.18,0.13,0.09,0.09,-0.04,0.5,0.5,0.47,0.5,0.6,0.044764714,0.050428469,0.05005366,0.049240064,0.049535084
459,30/06/2004,31/05/2009,Rolling 437,0.23,0.11,0.03,0.06,-0.03,0.52,0.5,0.45,0.48,0.6,0.044771641,0.051623928,0.052734275,0.050480817,0.049811741
460,31/07/2004,30/06/2009,Rolling 438,0.23,0.11,0.02,0.06,-0.03,0.52,0.52,0.47,0.5,0.58,0.044686421,0.05168204,0.053152907,0.050813648,0.049793241
461,31/08/2004,31/07/2009,Rolling 439,0.22,0.13,0,0.03,-0.03,0.5,0.53,0.45,0.48,0.6,0.045495137,0.05194084,0.054230736,0.052302889,0.050297515
462,30/09/2004,31/08/2009,Rolling 440,0.24,0.16,-0.01,0.04,-0.03,0.52,0.55,0.43,0.48,0.6,0.045505062,0.052623808,0.054436277,0.052510823,0.050313575
463,31/10/2004,30/09/2009,Rolling 441,0.25,0.18,0,0.02,-0.03,0.53,0.55,0.43,0.47,0.6,0.045592897,0.052848692,0.054532248,0.053027966,0.050233916
464,30/11/2004,31/10/2009,Rolling 442,0.25,0.18,-0.01,0.01,-0.03,0.53,0.55,0.43,0.48,0.58,0.045698133,0.053234027,0.054850896,0.053054128,0.050364866
465,31/12/2004,30/11/2009,Rolling 443,0.23,0.18,0.03,0.01,-0.02,0.53,0.55,0.45,0.48,0.58,0.046164234,0.053250934,0.054401779,0.053527207,0.050494155
466,31/01/2005,31/12/2009,Rolling 444,0.25,0.19,0.03,0.02,-0.01,0.55,0.57,0.47,0.5,0.6,0.045897382,0.052910895,0.05424365,0.053142186,0.05031916
467,28/02/2005,31/01/2010,Rolling 445,0.24,0.18,0.02,0.02,-0.02,0.53,0.55,0.47,0.52,0.6,0.04613139,0.053387559,0.054839327,0.053199588,0.050612285
468,31/03/2005,28/02/2010,Rolling 446,0.23,0.19,0.01,0.02,-0.02,0.53,0.57,0.45,0.52,0.6,0.046411188,0.053228958,0.05515967,0.05330234,0.050662783
469,30/04/2005,31/03/2010,Rolling 447,0.23,0.2,0.03,0.04,0,0.53,0.57,0.47,0.52,0.62,0.046795404,0.053375864,0.055326788,0.053605477,0.050851862
470,31/05/2005,30/04/2010,Rolling 448,0.24,0.2,0.04,0.05,0,0.53,0.57,0.48,0.52,0.62,0.046746571,0.053319172,0.055164933,0.05357731,0.050769773
471,30/06/2005,31/05/2010,Rolling 449,0.23,0.18,-0.02,0.01,-0.02,0.53,0.55,0.47,0.5,0.6,0.047960168,0.054712774,0.057173072,0.054903167,0.052353245
472,31/07/2005,30/06/2010,Rolling 450,0.26,0.18,-0.04,0,-0.03,0.53,0.57,0.47,0.48,0.58,0.048046205,0.055151933,0.058159713,0.055430413,0.053040644
473,31/08/2005,31/07/2010,Rolling 451,0.21,0.17,-0.04,0,-0.04,0.53,0.55,0.47,0.48,0.58,0.049241513,0.055789016,0.058605413,0.055884716,0.053522822
474,30/09/2005,31/08/2010,Rolling 452,0.18,0.16,-0.06,-0.02,-0.04,0.52,0.55,0.47,0.47,0.58,0.050038809,0.056570972,0.059501258,0.056650955,0.054005029
475,31/10/2005,30/09/2010,Rolling 453,0.13,0.16,-0.02,-0.01,-0.03,0.52,0.55,0.47,0.45,0.58,0.051840379,0.0573716,0.059953731,0.057710306,0.054856401
476,30/11/2005,31/10/2010,Rolling 454,0.15,0.18,-0.02,0.01,-0.03,0.52,0.57,0.47,0.45,0.58,0.051804962,0.057063271,0.059939494,0.05773839,0.054932673
477,31/12/2005,30/11/2010,Rolling 455,0.15,0.19,-0.01,0.01,-0.02,0.52,0.58,0.47,0.45,0.58,0.051639554,0.056589421,0.059272141,0.057363277,0.0547547
478,31/01/2006,31/12/2010,Rolling 456,0.15,0.18,0.02,0.02,-0.02,0.5,0.57,0.47,0.45,0.58,0.052319206,0.057430434,0.059227111,0.057906873,0.055213625
479,28/02/2006,31/01/2011,Rolling 457,0.16,0.18,0.01,0.02,-0.02,0.52,0.58,0.47,0.45,0.58,0.052219476,0.05732674,0.059353815,0.058106185,0.055215176
480,31/03/2006,28/02/2011,Rolling 458,0.16,0.18,0.02,0.02,-0.01,0.53,0.57,0.48,0.43,0.6,0.052319906,0.057530872,0.059376577,0.058250218,0.05528377
481,30/04/2006,31/03/2011,Rolling 459,0.16,0.18,0.02,0.02,-0.01,0.52,0.58,0.48,0.45,0.58,0.052328084,0.057592855,0.059346504,0.058281729,0.055296125
482,31/05/2006,30/04/2011,Rolling 460,0.16,0.18,0.03,0.02,-0.01,0.52,0.58,0.48,0.45,0.58,0.052448391,0.057735939,0.059351614,0.05837643,0.05534169
483,30/06/2006,31/05/2011,Rolling 461,0.16,0.18,0.04,0.03,-0.01,0.5,0.58,0.48,0.47,0.58,0.052335471,0.057624538,0.059205172,0.058136092,0.055083088
484,31/07/2006,30/06/2011,Rolling 462,0.16,0.18,0.03,0.03,-0.01,0.5,0.57,0.47,0.47,0.58,0.052367554,0.057684248,0.059551386,0.058237347,0.055202006
485,31/08/2006,31/07/2011,Rolling 463,0.16,0.18,0.02,0.02,-0.01,0.52,0.58,0.47,0.47,0.57,0.052406023,0.057716875,0.060009454,0.058395309,0.055374441
486,30/09/2006,31/08/2011,Rolling 464,0.17,0.16,0,0,-0.02,0.52,0.57,0.47,0.45,0.55,0.052771228,0.058748966,0.06110762,0.059145169,0.056125214
487,31/10/2006,30/09/2011,Rolling 465,0.19,0.17,0.02,0.02,-0.04,0.52,0.58,0.47,0.47,0.53,0.053195841,0.059146567,0.061322177,0.059254664,0.057206323
488,30/11/2006,31/10/2011,Rolling 466,0.13,0.13,0.03,0.01,-0.03,0.5,0.57,0.47,0.47,0.53,0.055625391,0.061634107,0.062226623,0.061014183,0.058410075
489,31/12/2006,30/11/2011,Rolling 467,0.12,0.13,0.03,0.01,-0.03,0.48,0.57,0.47,0.47,0.52,0.055760831,0.061667451,0.062242071,0.060998179,0.058460094
490,31/01/2007,31/12/2011,Rolling 468,0.12,0.13,0.04,0.01,-0.02,0.47,0.57,0.47,0.47,0.52,0.055776406,0.06166175,0.062236864,0.060999669,0.058501834
491,28/02/2007,31/01/2012,Rolling 469,0.12,0.14,0.05,0.01,-0.02,0.45,0.57,0.47,0.47,0.52,0.056040354,0.061676834,0.062253925,0.061321539,0.058674169
492,31/03/2007,29/02/2012,Rolling 470,0.13,0.15,0.04,0.02,-0.01,0.47,0.58,0.47,0.47,0.53,0.05605446,0.061549407,0.062663839,0.061368987,0.058591623
493,30/04/2007,31/03/2012,Rolling 471,0.13,0.16,0.05,0.03,0,0.48,0.6,0.48,0.47,0.53,0.056122681,0.061462044,0.062543684,0.061401367,0.058615356
494,31/05/2007,30/04/2012,Rolling 472,0.13,0.16,0.04,0.03,0,0.47,0.6,0.47,0.47,0.52,0.055971185,0.061435217,0.062559348,0.061199052,0.05850187
495,30/06/2007,31/05/2012,Rolling 473,0.13,0.14,0.02,0.02,-0.01,0.47,0.58,0.47,0.47,0.5,0.056440592,0.062369502,0.063542603,0.061610102,0.059208935
496,31/07/2007,30/06/2012,Rolling 474,0.12,0.14,0.04,0.04,-0.01,0.47,0.58,0.48,0.48,0.52,0.0567964,0.062431876,0.063448235,0.061514789,0.05917345
497,31/08/2007,31/07/2012,Rolling 475,0.13,0.14,0.04,0.04,0,0.48,0.58,0.5,0.5,0.53,0.056486431,0.06229754,0.063170675,0.061320142,0.058797099
498,30/09/2007,31/08/2012,Rolling 476,0.13,0.14,0.03,0.04,0.01,0.48,0.58,0.48,0.5,0.53,0.056534127,0.062355274,0.063527866,0.061357602,0.058807528
499,31/10/2007,30/09/2012,Rolling 477,0.12,0.12,0.03,0.03,0,0.48,0.57,0.48,0.5,0.53,0.05652671,0.062246672,0.063527529,0.061422382,0.058812528
500,30/11/2007,31/10/2012,Rolling 478,0.12,0.12,0.03,0.03,0,0.47,0.57,0.48,0.48,0.52,0.056611333,0.062266906,0.06360258,0.061512997,0.058926725
501,31/12/2007,30/11/2012,Rolling 479,0.12,0.11,0.03,0.03,-0.01,0.47,0.55,0.48,0.48,0.52,0.056193348,0.062223488,0.063478364,0.061312959,0.058663101
502,31/01/2008,31/12/2012,Rolling 480,0.12,0.11,0.03,0.03,-0.01,0.48,0.55,0.48,0.48,0.53,0.056180248,0.062214166,0.06353206,0.061259542,0.058575674
503,29/02/2008,31/01/2013,Rolling 481,0.13,0.11,0.03,0.05,0.01,0.5,0.55,0.48,0.48,0.55,0.055738859,0.062174122,0.063172329,0.060879145,0.057877067
504,31/03/2008,28/02/2013,Rolling 482,0.14,0.1,0.03,0.06,0.01,0.52,0.53,0.48,0.48,0.57,0.055510693,0.062104581,0.063226393,0.060709475,0.057668166
505,30/04/2008,31/03/2013,Rolling 483,0.14,0.11,0.02,0.06,0.01,0.53,0.53,0.47,0.48,0.57,0.055643074,0.062061264,0.063654739,0.060821488,0.05772442
506,31/05/2008,30/04/2013,Rolling 484,0.14,0.12,0.03,0.07,0.03,0.53,0.55,0.47,0.5,0.58,0.055357304,0.061717812,0.063176276,0.060247921,0.057238647
507,30/06/2008,31/05/2013,Rolling 485,0.14,0.11,0.03,0.07,0.04,0.53,0.53,0.48,0.5,0.58,0.055389944,0.061906282,0.063188456,0.06041161,0.057238057
508,31/07/2008,30/06/2013,Rolling 486,0.15,0.12,0.02,0.06,0.02,0.53,0.53,0.48,0.48,0.58,0.054091298,0.060765379,0.062661857,0.059672704,0.05613337
509,31/08/2008,31/07/2013,Rolling 487,0.15,0.11,0,0.08,0.04,0.52,0.52,0.47,0.48,0.6,0.054451469,0.061151068,0.06352475,0.059784461,0.05611547
510,30/09/2008,31/08/2013,Rolling 488,0.14,0.11,0.01,0.07,0.04,0.52,0.52,0.48,0.48,0.6,0.054767978,0.061345843,0.063320406,0.059905124,0.0564859
511,31/10/2008,30/09/2013,Rolling 489,0.14,0.09,-0.01,0.06,0.01,0.52,0.5,0.47,0.48,0.6,0.053391599,0.060689814,0.062850467,0.05912473,0.055424306
512,30/11/2008,31/10/2013,Rolling 490,0.12,0.02,-0.06,0.08,0.02,0.52,0.5,0.47,0.48,0.62,0.048537317,0.057932005,0.05941292,0.054523208,0.049440271
513,31/12/2008,30/11/2013,Rolling 491,0.07,0.14,-0.07,0.06,0.02,0.52,0.5,0.47,0.48,0.63,0.048110599,0.052407389,0.058811964,0.05406243,0.048314596
514,31/01/2009,31/12/2013,Rolling 492,0.07,0.14,-0.08,0.07,0.02,0.53,0.52,0.47,0.5,0.65,0.048040342,0.051995186,0.058437247,0.051899567,0.047701778
515,28/02/2009,31/01/2014,Rolling 493,0.05,0.07,-0.15,-0.07,-0.14,0.52,0.5,0.47,0.48,0.63,0.047197879,0.052074932,0.058382561,0.052143948,0.048018313
516,31/03/2009,28/02/2014,Rolling 494,-0.09,-0.1,-0.26,-0.25,-0.29,0.52,0.5,0.47,0.48,0.63,0.046274857,0.052137863,0.057939492,0.051902654,0.046605014
517,30/04/2009,31/03/2014,Rolling 495,0.01,-0.04,-0.21,-0.18,-0.22,0.53,0.5,0.47,0.5,0.65,0.04300821,0.04882787,0.054839483,0.04825107,0.043767688
518,31/05/2009,30/04/2014,Rolling 496,-0.04,0.01,-0.14,-0.08,-0.04,0.53,0.5,0.47,0.52,0.67,0.04218624,0.04623691,0.050849213,0.044151782,0.039381988
519,30/06/2009,31/05/2014,Rolling 497,-0.08,0.04,-0.1,-0.04,-0.02,0.53,0.5,0.47,0.53,0.67,0.04214717,0.044987165,0.048396542,0.042780508,0.039047578
520,31/07/2009,30/06/2014,Rolling 498,-0.08,0.03,-0.12,-0.07,-0.03,0.55,0.5,0.45,0.52,0.68,0.042134429,0.044733681,0.048069437,0.042304072,0.039047817
521,31/08/2009,31/07/2014,Rolling 499,-0.07,0.02,-0.09,-0.03,0.02,0.55,0.48,0.47,0.52,0.67,0.041186436,0.04427007,0.046761971,0.04067133,0.038212777
522,30/09/2009,31/08/2014,Rolling 500,-0.08,-0.02,-0.09,-0.01,0.03,0.55,0.48,0.47,0.53,0.67,0.041278407,0.043515311,0.0469585,0.040466288,0.038162742
523,31/10/2009,30/09/2014,Rolling 501,-0.09,-0.07,-0.1,0.01,0.01,0.53,0.47,0.45,0.53,0.65,0.041252193,0.043379886,0.046931865,0.039785133,0.038426029
524,30/11/2009,31/10/2014,Rolling 502,-0.07,-0.03,-0.08,0.02,0.01,0.55,0.48,0.45,0.53,0.67,0.04107353,0.042439276,0.046465452,0.039699452,0.038248644
525,31/12/2009,30/11/2014,Rolling 503,-0.05,-0.03,-0.11,0.06,0.03,0.57,0.48,0.43,0.55,0.67,0.040225235,0.04197261,0.046534068,0.038623525,0.03782
526,31/01/2010,31/12/2014,Rolling 504,-0.06,-0.04,-0.12,0.06,0.03,0.55,0.47,0.42,0.53,0.65,0.040258182,0.042044673,0.046714114,0.038588295,0.037934639
527,28/02/2010,31/01/2015,Rolling 505,-0.07,-0.03,-0.09,0.03,0.02,0.55,0.47,0.43,0.52,0.65,0.040299659,0.041804954,0.04599035,0.038770458,0.037849374
528,31/03/2010,28/02/2015,Rolling 506,-0.04,-0.03,-0.06,0.05,0.08,0.57,0.47,0.45,0.53,0.65,0.040196739,0.042133208,0.045661794,0.038856964,0.037823908
529,30/04/2010,31/03/2015,Rolling 507,-0.04,-0.04,-0.06,0.06,0.09,0.55,0.47,0.43,0.53,0.63,0.039795577,0.041917285,0.045340345,0.03838813,0.03764343
530,31/05/2010,30/04/2015,Rolling 508,-0.05,-0.04,-0.06,0.06,0.09,0.55,0.47,0.43,0.52,0.62,0.039794926,0.041962034,0.045352244,0.038546016,0.037663159
531,30/06/2010,31/05/2015,Rolling 509,-0.06,-0.02,-0.02,0.07,0.09,0.57,0.48,0.45,0.52,0.62,0.038094184,0.040085981,0.042803975,0.03669246,0.035397521
532,31/07/2010,30/06/2015,Rolling 510,-0.19,-0.06,-0.01,0.04,0.06,0.55,0.47,0.45,0.52,0.62,0.038250458,0.040217479,0.042021853,0.036431854,0.034765907
533,31/08/2010,31/07/2015,Rolling 511,-0.12,-0.05,0.04,0.03,0.09,0.57,0.48,0.47,0.52,0.62,0.036381805,0.039350537,0.040496661,0.035673004,0.034010826
534,30/09/2010,31/08/2015,Rolling 512,-0.09,0.01,0.05,0.09,0.04,0.57,0.5,0.47,0.52,0.62,0.036599766,0.038940015,0.040442674,0.03546065,0.034941804
535,31/10/2010,30/09/2015,Rolling 513,-0.02,-0.03,0.04,0.09,0.06,0.57,0.48,0.47,0.52,0.6,0.034460797,0.038360211,0.039820871,0.034211304,0.034256074
536,30/11/2010,31/10/2015,Rolling 514,-0.02,-0.02,0.08,0.09,0.11,0.57,0.48,0.47,0.52,0.6,0.035457297,0.039178319,0.040048697,0.035264046,0.034762754
537,31/12/2010,30/11/2015,Rolling 515,-0.01,-0.03,0.08,0.1,0.1,0.57,0.47,0.48,0.52,0.62,0.035430041,0.039053508,0.040042449,0.035220555,0.034790282
538,31/01/2011,31/12/2015,Rolling 516,0.01,-0.02,0.06,0.09,0.14,0.57,0.47,0.47,0.5,0.6,0.034584636,0.038327484,0.039910606,0.03461632,0.034336413
539,28/02/2011,31/01/2016,Rolling 517,-0.01,-0.06,0.07,0.09,0.14,0.55,0.45,0.47,0.5,0.58,0.035561663,0.039640414,0.039767271,0.035151998,0.035491393
540,31/03/2011,29/02/2016,Rolling 518,-0.02,-0.06,0.08,0.1,0.15,0.53,0.45,0.47,0.5,0.58,0.035508507,0.039443869,0.039800857,0.034929065,0.035417303
541,30/04/2011,31/03/2016,Rolling 519,-0.01,-0.08,0.06,0.1,0.14,0.55,0.43,0.47,0.5,0.6,0.036189047,0.040386174,0.040675769,0.035550246,0.03595453
542,31/05/2011,30/04/2016,Rolling 520,0,-0.07,0.05,0.11,0.15,0.55,0.43,0.45,0.48,0.6,0.035993823,0.040200382,0.040675099,0.035393793,0.035920805
543,30/06/2011,31/05/2016,Rolling 521,0,-0.09,0.06,0.09,0.14,0.57,0.42,0.47,0.48,0.62,0.035886479,0.040241547,0.040536903,0.03540589,0.035799734
544,31/07/2011,30/06/2016,Rolling 522,-0.01,-0.09,0.08,0.1,0.14,0.57,0.42,0.47,0.48,0.63,0.035849852,0.040101925,0.040082104,0.035246322,0.035591382
545,31/08/2011,31/07/2016,Rolling 523,-0.03,-0.1,0.11,0.12,0.15,0.57,0.4,0.48,0.5,0.65,0.035937814,0.040374732,0.039383462,0.035037015,0.035320321
546,30/09/2011,31/08/2016,Rolling 524,-0.09,-0.06,0.17,0.14,0.14,0.55,0.4,0.5,0.5,0.65,0.035356561,0.038815806,0.037519924,0.033794555,0.034164323
547,31/10/2011,30/09/2016,Rolling 525,-0.25,-0.12,0.11,-0.03,0.13,0.53,0.38,0.48,0.48,0.65,0.034714799,0.038080375,0.037124435,0.03351198,0.032334285
548,30/11/2011,31/10/2016,Rolling 526,-0.07,-0.03,0.06,0.06,0.17,0.53,0.38,0.47,0.48,0.63,0.03074179,0.03417508,0.035983133,0.030338598,0.030557285
549,31/12/2011,30/11/2016,Rolling 527,-0.04,-0.02,0.08,0.07,0.17,0.55,0.4,0.48,0.5,0.65,0.030549712,0.034138221,0.0359151,0.030440427,0.030483322
550,31/01/2012,31/12/2016,Rolling 528,-0.04,-0.02,0.08,0.06,0.17,0.57,0.38,0.48,0.5,0.65,0.030548624,0.034461655,0.035912599,0.030508419,0.030428792
551,29/02/2012,31/01/2017,Rolling 529,-0.02,-0.06,0.06,0.1,0.19,0.58,0.37,0.48,0.52,0.65,0.0300737,0.034693407,0.035885558,0.029809919,0.030097015
552,31/03/2012,28/02/2017,Rolling 530,-0.03,-0.08,0.11,0.1,0.19,0.58,0.37,0.5,0.52,0.65,0.030058695,0.034886223,0.034781653,0.029760029,0.030032293
553,30/04/2012,31/03/2017,Rolling 531,-0.02,-0.1,0.11,0.08,0.2,0.57,0.35,0.5,0.5,0.63,0.02992409,0.034882107,0.034776583,0.029744444,0.030063379
554,31/05/2012,30/04/2017,Rolling 532,-0.02,-0.12,0.11,0.08,0.19,0.58,0.35,0.5,0.52,0.65,0.029877038,0.034863766,0.034691032,0.029706206,0.029946761
555,30/06/2012,31/05/2017,Rolling 533,-0.11,-0.08,0.18,0.06,0.16,0.58,0.37,0.52,0.53,0.67,0.028828579,0.033141441,0.032443348,0.028398701,0.028443603
556,31/07/2012,30/06/2017,Rolling 534,-0.05,-0.07,0.16,0.04,0.18,0.6,0.38,0.5,0.53,0.67,0.027876533,0.032647633,0.032438961,0.028300823,0.028269535
557,31/08/2012,31/07/2017,Rolling 535,-0.05,-0.07,0.16,0.05,0.18,0.6,0.4,0.5,0.53,0.67,0.027890534,0.032518347,0.032441344,0.028289801,0.028260498
558,30/09/2012,31/08/2017,Rolling 536,-0.04,-0.06,0.18,0.06,0.18,0.58,0.4,0.5,0.53,0.65,0.027811111,0.03238318,0.031732928,0.028162354,0.028350852
559,31/10/2012,30/09/2017,Rolling 537,-0.02,-0.05,0.17,0.06,0.18,0.58,0.42,0.5,0.52,0.65,0.027690857,0.032045622,0.031743291,0.028139649,0.028335629
560,30/11/2012,31/10/2017,Rolling 538,-0.04,-0.06,0.17,0.05,0.16,0.6,0.42,0.5,0.53,0.67,0.027564168,0.031979948,0.031683961,0.028058938,0.028108327
561,31/12/2012,30/11/2017,Rolling 539,-0.06,-0.06,0.18,0.05,0.16,0.62,0.43,0.5,0.53,0.67,0.027658631,0.031935437,0.031690707,0.028137674,0.028053354
562,31/01/2013,31/12/2017,Rolling 540,-0.07,-0.06,0.18,0.04,0.16,0.62,0.45,0.52,0.55,0.67,0.027645896,0.031918616,0.031416739,0.028102957,0.028088087
563,28/02/2013,31/01/2018,Rolling 541,-0.04,-0.03,0.2,0.04,0.17,0.62,0.45,0.53,0.55,0.67,0.027594884,0.031623303,0.031020371,0.028211439,0.028076977
564,31/03/2013,28/02/2018,Rolling 542,0.02,-0.04,0.2,0.06,0.19,0.6,0.45,0.52,0.53,0.65,0.028107817,0.032176828,0.031344544,0.02876924,0.028915246
565,30/04/2013,31/03/2018,Rolling 543,-0.01,-0.09,0.24,0.06,0.23,0.58,0.43,0.53,0.52,0.63,0.028533883,0.032883197,0.03045186,0.028968948,0.029068252
566,31/05/2013,30/04/2018,Rolling 544,-0.01,-0.1,0.25,0.04,0.22,0.58,0.43,0.55,0.52,0.63,0.028585582,0.033045377,0.030046397,0.029245328,0.029282657
567,30/06/2013,31/05/2018,Rolling 545,-0.01,-0.08,0.24,0.07,0.22,0.58,0.45,0.53,0.53,0.63,0.028547764,0.03267478,0.030132233,0.028849901,0.029292885
568,31/07/2013,30/06/2018,Rolling 546,0,-0.11,0.22,0.08,0.23,0.6,0.45,0.53,0.55,0.65,0.02836713,0.032670683,0.030044435,0.02861246,0.028945715
569,31/08/2013,31/07/2018,Rolling 547,0.04,-0.07,0.29,0.05,0.2,0.62,0.47,0.55,0.55,0.65,0.027861423,0.031840578,0.028274883,0.028513124,0.028946539
570,30/09/2013,31/08/2018,Rolling 548,0.05,-0.06,0.25,0.06,0.2,0.63,0.48,0.53,0.57,0.67,0.027352039,0.031370802,0.028527757,0.028068648,0.028206564
571,31/10/2013,30/09/2018,Rolling 549,0.09,-0.05,0.25,0.06,0.2,0.65,0.5,0.55,0.57,0.67,0.027070286,0.031139699,0.02828997,0.027959473,0.028239918
572,30/11/2013,31/10/2018,Rolling 550,0.08,-0.11,0.26,0.01,0.19,0.63,0.48,0.55,0.55,0.65,0.028847764,0.032953281,0.029451598,0.030040686,0.030384052
573,31/12/2013,30/11/2018,Rolling 551,0.08,-0.1,0.26,0.01,0.17,0.63,0.5,0.55,0.55,0.65,0.028797866,0.032667917,0.029388602,0.029977342,0.030384286
574,31/01/2014,31/12/2018,Rolling 552,0.14,-0.07,0.3,0.05,0.23,0.62,0.48,0.57,0.53,0.63,0.031671805,0.035151355,0.031110533,0.032583066,0.033181351
575,28/02/2014,31/01/2019,Rolling 553,0.23,-0.02,0.28,0.09,0.28,0.63,0.5,0.57,0.55,0.65,0.031651647,0.035273189,0.032042239,0.032815737,0.032748319
576,31/03/2014,28/02/2019,Rolling 554,0.16,-0.04,0.26,0.09,0.26,0.62,0.48,0.57,0.55,0.65,0.0317984,0.035309321,0.032063107,0.032662063,0.032749541
577,30/04/2014,31/03/2019,Rolling 555,0.15,-0.03,0.26,0.08,0.25,0.62,0.5,0.58,0.53,0.65,0.031834474,0.035294024,0.031992805,0.032737763,0.032725267
578,31/05/2014,30/04/2019,Rolling 556,0.13,-0.02,0.28,0.09,0.26,0.62,0.52,0.6,0.53,0.65,0.032115632,0.035276585,0.031955008,0.032848817,0.032764477
579,30/06/2014,31/05/2019,Rolling 557,0.19,-0.03,0.25,0.1,0.23,0.62,0.52,0.6,0.52,0.63,0.033328027,0.03691152,0.033787697,0.034258429,0.034703877
580,31/07/2014,30/06/2019,Rolling 558,0.23,0.01,0.29,0.09,0.24,0.62,0.52,0.62,0.53,0.63,0.033799161,0.037162497,0.033828809,0.035003182,0.035180979
581,31/08/2014,31/07/2019,Rolling 559,0.21,0.01,0.27,0.09,0.23,0.62,0.53,0.62,0.53,0.65,0.033718369,0.037006164,0.033948116,0.034962199,0.034980128
582,30/09/2014,31/08/2019,Rolling 560,0.21,0,0.32,0.06,0.22,0.6,0.52,0.62,0.52,0.63,0.033726963,0.037152892,0.033329924,0.035227186,0.035276245
583,31/10/2014,30/09/2019,Rolling 561,0.21,0.02,0.31,0.07,0.23,0.62,0.53,0.63,0.53,0.65,0.033603997,0.03719398,0.033422716,0.035221972,0.035054642
584,30/11/2014,31/10/2019,Rolling 562,0.2,0.01,0.32,0.06,0.22,0.62,0.53,0.65,0.53,0.65,0.033650065,0.037253001,0.033351178,0.035262669,0.035052878
585,31/12/2014,30/11/2019,Rolling 563,0.18,0.01,0.32,0.06,0.22,0.62,0.53,0.67,0.53,0.65,0.03381343,0.03727109,0.033410353,0.035343359,0.03511545
586,31/01/2015,31/12/2019,Rolling 564,0.16,0.01,0.33,0.06,0.22,0.62,0.55,0.68,0.55,0.67,0.033960793,0.037331067,0.033175426,0.035357279,0.035006048
587,28/02/2015,31/01/2020,Rolling 565,0.18,0.01,0.32,0.07,0.23,0.62,0.55,0.67,0.55,0.67,0.03345933,0.036881833,0.03294231,0.034892526,0.034475182
588,31/03/2015,29/02/2020,Rolling 566,0.16,0.03,0.36,0.07,0.19,0.6,0.53,0.67,0.53,0.65,0.035357515,0.038355498,0.033975144,0.036643144,0.036793631
589,30/04/2015,31/03/2020,Rolling 567,-0.02,-0.08,0.42,0.05,0.17,0.6,0.52,0.68,0.52,0.65,0.040857409,0.044134524,0.03684992,0.041013775,0.041382519
590,31/05/2015,30/04/2020,Rolling 568,0.14,0.16,0.29,0.1,0.17,0.6,0.52,0.67,0.53,0.67,0.042287149,0.044161024,0.041327301,0.042893894,0.04349705
591,30/06/2015,31/05/2020,Rolling 569,0.07,0.13,0.24,0.08,0.16,0.58,0.52,0.65,0.53,0.68,0.04311612,0.229720852,0.042275877,0.043322984,0.043707481
592,31/07/2015,30/06/2020,Rolling 570,0.07,0.13,0.23,0.08,0.16,0.6,0.52,0.65,0.53,0.7,0.042909951,0.231359327,0.042530445,0.043144055,0.043412592
593,31/08/2015,31/07/2020,Rolling 571,0.05,0.12,0.16,0,0.04,0.6,0.5,0.63,0.52,0.68,0.043410044,0.231664873,0.044406328,0.044488376,0.044713079
594,30/09/2015,31/08/2020,Rolling 572,0.05,0.11,0.12,-0.08,0.02,0.62,0.48,0.63,0.52,0.7,0.043080447,0.231879418,0.045306208,0.045353314,0.04417933
595,31/10/2015,30/09/2020,Rolling 573,0.08,0.11,0.14,-0.03,0.04,0.62,0.5,0.63,0.53,0.7,0.043045599,0.231780485,0.04528597,0.045059419,0.044161674
596,30/11/2015,31/10/2020,Rolling 574,0.06,0.12,0.11,-0.01,0,0.6,0.5,0.63,0.53,0.68,0.042503783,0.231658522,0.044996661,0.044228266,0.044088159
597,31/12/2015,30/11/2020,Rolling 575,0.06,0.11,0.06,-0.05,-0.01,0.62,0.52,0.62,0.53,0.68,0.044167513,0.231839792,0.047762459,0.046382524,0.045577447
598,31/01/2016,31/12/2020,Rolling_End,0.05,0.11,0.07,-0.04,0,0.63,0.53,0.63,0.55,0.7,0.044281072,0.23177017,0.047694303,0.046229226,0.045382911
