数据来源：高顿教育 CQF,,,,,,,,,,,,,,,,,,,,,,,,,,,,,,
,,,,,,,,,,,,,,,,,,,,,,,,,,,,,,
,,,,,,,,,,,,,,,,,,,,,,,,,,,,,,
,,,,,,,,,,,,,,,,,,,,,,,,,,,,,,
,Code,2008,2009,2010,2011,2012,2013,2014,2015,2016,2017,2018,2019,2020,2021,rank2008,rank2009,rank2010,rank2011,rank2012,rank2013,rank2014,rank2015,rank2016,rank2017,rank2018,rank2019,rank2020,rank2021,ave_rank
192,1,-0.4405,0.6737,0.0356,-0.2445,0.0725,0.1571,0.1527,0.2586,-0.2272,0.1711,-0.1905,0.2597,0.2766,-0.0545,50,117,100,154,79,81,150,162,200,120,60,216,213,190,135
229,11,-0.3489,1.1619,0.2424,-0.171,0.0589,0.1492,0.0607,0.2817,-0.1129,0.3495,-0.1958,0.4481,0.4471,-0.0051,13,1,3,32,97,85,211,154,113,19,67,93,157,142,84
198,21,-0.4344,0.5705,0.2475,-0.2865,0.0083,0.133,0.1125,0.4314,-0.2029,0.1343,-0.2725,0.4712,0.6234,0.0594,44,167,2,208,185,99,174,86,184,138,178,80,65,86,121
222,31,-0.3844,1.0433,0.1681,-0.2865,-0.0066,0.3093,0.1659,0.3282,-0.1446,-0.0678,-0.2711,0.7085,0.6381,0.0345,20,5,22,208,202,15,136,139,139,235,175,11,62,102,105
236,2001,-0.2452,0.3715,0.0433,-0.1177,0.0751,0.239,0.071,0.222,-0.0358,0.3483,-0.1681,0.3091,0.5405,-0.1158,6,228,90,12,75,28,205,178,42,20,41,201,109,233,104
221,2011,-0.3859,0.7933,0.0292,-0.2233,0.0198,0.1293,0.2258,0.5246,-0.1961,0.0229,-0.2488,0.3262,0.5251,0.0305,21,58,105,108,169,102,94,52,181,198,149,184,124,106,117
231,2021,-0.3147,0.3859,0.0438,-0.1205,0.0733,0.2439,0.0714,0.2363,-0.0336,0.3471,-0.1742,0.321,0.5218,-0.1216,11,226,87,13,77,27,204,170,40,21,44,190,125,234,104
170,20001,-0.4624,0.8362,0.0533,-0.2369,0.0419,0.2189,0.2336,0.5273,-0.0091,0.2597,-0.2403,0.4104,0.2286,0.1046,72,40,76,132,128,38,88,50,25,56,133,129,220,59,89
125,20003,-0.5006,0.7269,0.1,-0.1892,-0.1218,0.1241,0.0859,0.8147,0.0334,0.21,-0.3729,0.4303,0.6191,-0.0027,117,93,41,52,241,107,189,5,6,84,240,104,67,134,105
76,20005,-0.5379,0.8441,-0.0472,-0.1982,0.0244,-0.0252,0.1137,0.0879,-0.0059,0.3955,-0.2418,0.5426,0.7018,-0.1001,166,35,179,64,158,211,173,219,23,11,137,48,41,223,120
91,20009,-0.5272,0.8725,-0.0303,-0.2198,0.032,0.0894,0.4387,0.1862,-0.0485,0.2463,-0.3027,0.433,0.5741,0.1383,151,31,158,103,144,143,31,198,47,63,207,101,90,40,107
72,20010,-0.5417,0.9328,0.0034,-0.147,0.0993,0.3188,0.1424,0.448,-0.0353,0.122,-0.2535,0.5544,0.6278,0.0703,170,14,126,20,49,14,158,79,41,142,156,40,64,82,82
14,20011,-0.6261,0.896,-0.1167,-0.2357,0.0792,-0.0581,0.4605,0.0727,-0.0782,0.2245,-0.2253,0.3639,0.3341,-0.035,228,23,222,130,72,225,27,223,67,75,107,159,199,168,137
181,40001,-0.4544,0.432,0.0504,-0.2572,0.0347,0.052,0.1462,0.2774,-0.1889,0.0448,-0.2547,0.3957,0.4142,0.1834,61,211,79,173,139,173,155,155,174,187,158,140,169,27,142
15,40002,-0.6246,0.8511,-0.0665,-0.2564,0.0834,-0.0406,0.4899,0.1007,-0.1016,0.2297,-0.2687,0.3904,0.3377,-0.002,227,33,199,172,66,216,23,217,103,74,173,146,196,133,141
223,40004,-0.382,0.6064,0.0753,-0.1512,0.0403,0.0994,0.3481,0.4394,-0.1292,0.0575,-0.1824,0.5402,0.5399,-0.1046,19,149,54,21,132,130,41,82,125,181,53,49,110,227,98
143,40005,-0.484,0.7546,-0.013,-0.2249,0.0536,0.1659,0.1243,0.6171,-0.2735,0.2299,-0.2034,0.6688,0.3793,0.3243,99,76,142,111,107,70,169,22,224,73,80,15,187,9,98
34,40007,-0.5768,0.8431,0.0169,-0.2983,0.0341,-0.0116,0.2469,0.5888,-0.1376,-0.001,-0.241,0.5751,0.5262,0.1365,208,38,114,218,141,207,86,35,132,212,135,35,123,41,123
89,40008,-0.5282,0.676,-0.0288,-0.2587,-0.0171,0.0858,0.2956,0.4129,-0.0907,0.5429,-0.1899,0.4319,0.4058,0.0559,153,115,156,175,214,147,63,99,87,4,59,102,177,88,117
139,50001,-0.487,0.5545,-0.0556,-0.0794,0.0209,-0.0736,0.2324,0.0632,-0.0932,-0.0347,-0.1949,0.4602,0.4024,-0.0174,103,172,187,3,167,231,91,227,92,224,64,89,179,148,141
9,50002,-0.6388,0.8861,-0.1198,-0.2355,0.0825,-0.0631,0.5777,0.187,-0.037,0.2703,-0.2146,0.3456,0.2908,-0.0544,233,25,223,129,68,227,12,197,43,53,91,175,206,189,133
106,50004,-0.5166,0.6138,-0.0742,-0.2126,0.0714,-0.0494,0.3164,0.3754,-0.0844,0.0864,-0.1973,0.3549,0.222,-0.0787,136,144,207,91,83,220,53,113,79,165,70,168,222,208,139
234,50007,-0.2632,0.515,0.0276,-0.2855,0.0543,0.0761,0.179,0.0204,-0.1345,0.1545,-0.2081,0.3717,0.3468,-0.0039,8,186,106,205,106,158,126,231,131,127,83,152,193,137,139
146,50008,-0.483,0.6937,-0.0346,-0.1376,0.1028,0.0375,0.2216,0.2072,-0.213,0.0156,-0.296,0.3099,0.4373,-0.0649,96,108,165,17,45,182,95,184,192,204,201,200,160,198,146
120,50009,-0.5049,0.7432,-0.0639,-0.3069,-0.0496,0.1084,0.1576,0.3631,-0.2721,0.0552,-0.3079,0.6112,0.7627,-0.0365,122,82,193,223,233,123,144,122,221,182,213,23,26,172,148
123,50201,-0.5035,0.6159,-0.0855,-0.0963,0.0046,-0.0848,0.2185,0.038,-0.1086,-0.0485,-0.2052,0.4583,0.4101,-0.0176,119,142,210,6,191,233,97,230,108,230,81,90,173,149,147
212,70001,-0.4123,0.4599,0.0129,-0.155,0.099,0.2809,0.1888,0.6686,-0.0906,0.1636,-0.2479,0.1444,0.6892,-0.0111,30,204,116,24,50,22,121,17,86,123,147,237,45,146,97
218,70002,-0.3936,0.6033,0.2487,-0.187,0.0553,0.1412,0.1488,0.6743,-0.0779,0.0312,-0.1084,0.5221,0.6567,-0.0049,24,152,1,49,103,90,151,16,66,195,11,56,55,141,79
111,70003,-0.513,0.4207,-0.0554,-0.1763,0.0068,0.1374,0.1234,0.3071,-0.1117,0.22,-0.2167,0.3248,0.3623,-0.0659,131,217,186,36,188,93,170,145,111,78,95,186,192,201,144
162,70006,-0.473,0.7701,0.1787,-0.2097,0.052,0.206,0.1919,0.3783,-0.1855,0.0292,-0.305,0.3538,0.6177,-0.0403,80,70,19,83,112,45,117,111,169,197,209,169,68,173,115
96,70010,-0.5249,0.8249,0.1911,-0.2024,0.0232,-0.0537,0.1198,0.5615,-0.1668,0,-0.2723,0.2112,0.8094,-0.0511,146,46,11,70,160,223,171,42,157,211,176,225,20,185,131
110,70011,-0.5134,0.7269,0.1991,-0.2348,0.1069,0.1304,0.148,0.5919,-0.2501,0.1199,-0.3212,0.4224,0.5426,-0.0355,132,93,9,127,43,101,153,33,212,145,221,112,108,170,118
135,70012,-0.4937,0.5795,-0.0259,-0.2408,0.1946,0.0733,0,-0.041,0.0522,0.3444,-0.1532,0.1955,0.2851,-0.1878,107,159,151,146,2,161,236,240,4,22,27,230,208,242,138
156,70099,-0.4772,0.5279,0.2324,-0.2063,0.1219,0.1541,0.0222,0.7705,-0.1629,0.1765,-0.2385,0.4877,0.7814,-0.0249,86,180,4,77,25,84,228,6,151,111,131,73,23,153,95
177,80001,-0.4586,0.5252,0.1541,-0.2211,0.0101,0.1488,0.3243,0.5137,-0.0829,0.1575,-0.1971,0.3329,0.3398,0.1167,65,181,25,106,181,86,48,55,76,126,69,182,195,52,103
130,90001,-0.4965,0.6796,0.0695,-0.2638,0.0113,0.0116,0.3142,0.4907,0.0252,0.0354,-0.2112,0.2294,0.5481,0.0423,112,113,61,179,180,200,54,65,9,192,86,223,105,96,119
28,90003,-0.5856,0.7123,0.0578,-0.2967,0.0665,-0.0501,0.1943,0.1318,-0.1067,0.2449,-0.2259,0.3228,0.4059,-0.0404,214,99,74,217,88,221,113,207,105,65,112,188,176,174,146
95,90004,-0.5251,0.7592,0.0179,-0.2946,0.0602,0.1032,0.1482,0.2724,0.0791,0.3101,-0.2095,0.3926,0.506,-0.0824,147,72,113,215,93,127,152,156,1,32,85,144,128,210,119
44,90006,-0.5652,0.6751,0.1257,-0.2403,-0.0224,0.0294,0.0222,0.2997,-0.0812,-0.0663,-0.0613,0.0979,0.1527,0.0598,198,116,31,145,216,186,228,148,71,234,4,238,236,85,152
195,100016,-0.4375,0.4966,0.1808,-0.1556,0.0437,0.2017,0.1539,0.7314,-0.209,0.3672,-0.2954,0.3961,0.4995,0.0835,47,197,17,25,124,48,148,9,190,12,199,138,130,73,96
193,100020,-0.4383,0.4973,0.0589,-0.2123,0.0591,0.0646,0.2087,0.4291,-0.1278,0.3376,-0.2203,0.5787,0.8975,-0.0278,49,196,73,90,96,164,107,88,123,23,98,32,6,158,93
140,100022,-0.4848,0.9916,-0.0922,-0.1131,0.1301,0.0877,0.1623,0.415,-0.0895,0.3522,-0.2641,0.4203,0.8886,0.1392,102,11,212,10,19,145,139,97,84,18,169,116,9,39,83
167,100026,-0.4676,0.7105,0.0724,-0.247,0.06,0.3315,0.2434,0.7171,-0.0916,0.2529,-0.1988,0.4634,0.5537,0.098,75,101,57,157,94,11,87,11,88,58,76,87,100,64,76
225,110001,-0.3674,0.2795,-0.0332,-0.2023,0.0119,0.177,0.1951,0.6216,-0.1122,0.1976,-0.1753,0.3981,0.4519,0.1484,17,237,160,69,179,64,112,21,112,93,45,136,154,37,102
148,110002,-0.4818,0.6206,-0.0399,-0.1938,0.0534,0.2124,0.1379,0.2424,-0.3512,0.1742,-0.3218,0.4143,0.323,0.0922,94,140,176,60,108,42,161,169,239,115,222,123,202,68,137
8,110003,-0.6395,0.7736,-0.1918,-0.1806,0.1473,-0.1135,0.6094,0.0381,-0.0075,0.4128,-0.1664,0.5109,0.4382,-0.1431,234,67,238,44,11,237,6,229,24,9,39,63,159,239,114
176,110005,-0.4586,0.6329,0.0532,-0.2654,0.0287,0.1827,-0.0033,0.2458,-0.0485,0.1989,-0.2833,0.4023,0.3434,0.2342,65,132,77,183,149,57,237,168,47,91,192,132,194,17,124
174,110009,-0.4613,0.635,0.002,-0.24,0.0715,-0.0411,0.0991,0.7324,-0.2163,0.1909,-0.2375,0.4367,0.6026,0.1017,68,131,128,143,82,217,181,8,193,99,127,98,78,62,115
78,110010,-0.5362,1.029,0.0294,-0.2752,0.0094,0.1653,0.0013,0.6765,-0.2601,0.2978,-0.2748,0.4207,0.4369,0.0252,164,7,104,195,182,71,234,15,215,38,184,115,161,113,128
210,110029,-0.4178,0.4236,-0.0354,-0.2476,0.0551,0.518,0.0453,0.9542,-0.3587,0.0477,-0.2963,0.5572,0.563,0.1199,32,215,168,159,104,3,217,1,240,185,202,39,95,49,122
155,112002,-0.4777,0.6118,-0.0339,-0.1927,0.0568,0.2072,0.1465,0.2313,-0.3244,0.1778,-0.3227,0.4189,0.3361,0.0991,87,146,162,58,100,44,154,171,234,110,223,120,198,63,133
237,121001,-0.2362,0.4273,0.0712,-0.0863,0.0172,0.1212,0.2031,0.2041,0.0398,0.0156,-0.1365,0.0509,0.0316,0.0002,5,214,58,5,173,112,109,185,5,204,18,241,240,128,121
219,121002,-0.3934,0.5761,0.0326,-0.1779,0.0473,0.1089,0.1663,0.3163,-0.1191,0.0171,-0.1298,0.4409,0.5326,0.1219,23,160,101,40,117,122,135,141,118,203,17,97,118,47,102
99,121003,-0.5209,0.7447,-0.037,-0.2599,0.0182,0.0165,0.2809,0.1916,-0.3215,0.0323,-0.1606,0.4564,0.5286,0.155,143,80,171,176,172,195,74,193,233,193,35,92,121,34,136
104,121005,-0.5172,0.8052,0.0164,-0.2069,0.0287,0.075,0.1584,0.3384,-0.0533,0.0463,-0.1718,0.4931,0.6081,-0.0414,138,55,115,78,149,160,143,132,52,186,42,70,72,175,111
179,150103,-0.4558,0.516,0.1851,-0.154,0.0383,0.2232,0.1397,0.5751,-0.2164,0.1738,-0.3024,0.4635,0.6713,0.1064,63,185,12,23,136,35,160,39,194,116,206,85,49,56,97
208,151001,-0.4223,0.6032,0.0677,-0.1665,0.0371,0.2302,0.1767,0.5046,-0.0755,0.1363,-0.159,0.3478,0.7432,0.1182,34,153,65,29,137,33,128,57,63,136,32,172,33,50,80
11,159901,-0.6343,1.1364,-0.0338,-0.3054,0.0227,-0.0315,0.3408,0.2302,-0.1485,0.2768,-0.3418,0.568,0.5086,-0.0326,231,3,161,222,161,215,43,173,141,49,230,38,127,164,139
93,159902,-0.5262,0.9419,0.2071,-0.3671,-0.0124,0.179,0.0929,0.5461,-0.2075,0.1716,-0.3703,0.4142,0.449,-0.0043,149,13,7,240,209,63,184,46,187,118,237,124,156,139,133
119,160105,-0.5052,0.5323,0.0698,-0.2329,0.0189,0.0814,0.2746,0.4363,-0.101,0.15,-0.2783,0.2855,0.3364,0.0466,123,177,60,125,170,151,77,84,101,129,187,208,197,92,134
50,160106,-0.5607,0.5537,0.123,-0.2759,0.1291,0.1816,0.289,0.3664,-0.1197,0.0677,-0.3613,0.4764,0.5298,0.1233,192,173,35,198,20,61,68,118,119,179,236,79,119,45,117
204,160311,-0.4285,0.6116,-0.0107,-0.262,0.071,0.1597,0.2929,0.3023,-0.1303,0.2653,-0.2254,0.3618,0.3743,-0.1651,38,147,138,177,85,78,64,146,126,54,108,160,188,241,125
188,160314,-0.4451,0.7861,-0.024,-0.1994,0.0524,0.2269,0.2283,0.5256,-0.1847,0.1372,-0.291,0.423,0.5497,0.126,54,63,148,66,109,34,93,51,168,135,194,111,102,43,97
150,160505,-0.4814,0.7151,-0.1061,-0.0963,0.1716,0.0256,0.6136,0.211,0.033,0.3196,-0.2427,0.415,0.3228,-0.0288,92,97,217,6,4,187,5,181,7,27,138,122,203,159,103
103,160603,-0.5175,0.6902,0.1137,-0.2396,0.0247,0.0615,0.2758,0.4262,-0.0741,0.0227,-0.2086,0.4912,0.7992,0.0038,139,110,37,139,156,167,76,90,61,199,84,71,21,127,105
138,160605,-0.4886,0.7387,0.0358,-0.2388,0.1341,0.1002,0.0056,0.4487,-0.235,0.1285,-0.307,0.7545,0.8504,-0.095,104,84,99,138,18,129,233,78,206,141,210,7,17,222,120
94,160607,-0.5253,0.8078,-0.1343,-0.0993,0.0937,0.0196,0.4615,0.1924,-0.0723,0.2808,-0.2918,0.5483,0.4766,-0.0169,148,53,226,9,54,193,26,191,60,46,195,43,142,147,109
68,160610,-0.544,0.7924,-0.0351,-0.224,0.0928,0.0541,0.0861,0.315,-0.0946,0.1204,-0.1937,0.3145,0.7109,0.1023,174,60,167,110,55,169,188,143,95,144,63,195,39,61,118
84,160611,-0.5307,0.7548,-0.0657,-0.217,0.0465,0.018,0.0697,0.1678,-0.1343,-0.0857,-0.1578,0.4949,0.7471,-0.1004,158,75,197,98,118,194,207,202,130,238,30,68,32,224,140
6,160706,-0.6436,0.9197,-0.1145,-0.2295,0.0881,-0.0516,0.5112,0.0698,-0.0872,0.2218,-0.2278,0.3578,0.2653,-0.0495,236,16,221,120,61,222,19,225,81,77,114,162,215,183,139
127,160805,-0.5001,0.5715,0.0047,-0.2481,-0.029,0.1048,0.4635,0.1274,-0.2365,0.0375,-0.2646,0.2821,0.5575,0.3383,115,166,124,160,220,126,25,210,209,190,170,210,97,7,144
33,160910,-0.5777,0.6875,0.0444,-0.3009,0.1101,-0.0261,0.307,0.2267,-0.2007,0.2839,-0.1768,0.3566,0.3641,0.0321,209,112,86,220,38,212,58,175,182,45,48,165,191,105,131
161,161005,-0.4735,0.758,0.1937,-0.2529,0.0626,0.1818,0.2542,0.6923,-0.1552,0.2778,-0.2695,0.6214,0.5864,-0.0291,81,73,10,165,90,60,83,14,147,47,174,20,84,160,86
183,161601,-0.4486,0.4892,-0.0125,-0.2304,0.0444,0.064,0.192,0.3731,-0.3431,0.1618,-0.1734,0.1925,0.4601,-0.0658,58,200,140,123,123,165,116,114,238,124,43,231,149,200,144
17,161604,-0.6061,1.0378,-0.0366,-0.2966,0.0214,-0.0419,0.326,0.2079,-0.1507,0.2376,-0.3323,0.539,0.4811,-0.0358,225,6,170,216,164,218,47,182,144,70,229,51,140,171,145
131,161605,-0.496,0.5059,-0.0601,-0.1903,0.0287,0.07,0.3567,0.329,-0.1666,0.0939,-0.2145,0.4477,0.1532,0.0107,111,193,191,54,149,162,40,137,156,159,90,94,235,123,135
21,161606,-0.5944,0.913,-0.0568,-0.3534,0.0854,0.1474,0.0536,0.4686,-0.1829,0.0907,-0.1383,0.872,0.6132,-0.0889,221,19,188,237,63,87,212,72,167,161,21,3,70,218,124
7,161607,-0.6396,0.8492,-0.1839,-0.2053,0.1145,-0.1015,0.5676,-0.032,-0.0597,0.2385,-0.2025,0.4107,0.4262,-0.0651,235,34,237,76,34,235,14,239,54,67,79,128,166,199,128
48,161609,-0.5612,0.4976,-0.0384,-0.3077,0.0262,0.2136,0.4431,0.1942,-0.127,0.0314,-0.1981,0.3487,0.5342,-0.0513,194,195,173,224,153,40,29,189,122,194,73,170,116,187,147
60,161610,-0.5504,0.7541,-0.0393,-0.2726,-0.0483,0.0609,-0.0055,0.7102,-0.2892,0.1401,-0.2121,0.6126,0.6162,-0.0589,182,77,175,193,231,168,238,12,227,133,87,22,69,192,143
47,161706,-0.562,0.7373,-0.0071,-0.2831,0.0559,0.0127,0.1565,0.41,-0.2173,0.215,-0.2378,0.5955,0.8908,-0.0699,195,86,132,202,102,198,146,102,195,81,128,24,8,202,128
122,161903,-0.5043,0.6652,-0.0357,-0.2814,-0.0347,-0.0106,0.0269,0.7701,0.0159,0.0082,-0.1266,0.898,0.9732,0.05,120,120,169,201,225,205,227,7,13,208,15,2,2,90,114
185,162006,-0.4483,0.7435,0.0265,-0.2294,0.0796,0.0753,0.1543,0.3295,-0.2261,0.2509,-0.2249,0.3373,0.6584,0.2443,57,81,107,119,71,159,147,136,198,59,106,178,54,16,106
227,162102,-0.3504,0.8048,0.1847,-0.3099,0.0047,0.1359,0.2607,0.5333,-0.1491,0.0227,-0.1798,0.3974,0.2836,0.2339,15,56,14,225,190,96,82,49,143,199,50,137,209,18,105
230,162201,-0.3161,0.5212,0.2232,-0.2717,0.089,0.3078,0.1598,0.4689,-0.2296,-0.0352,-0.1991,0.6966,0.1583,0.4923,12,182,6,192,59,16,142,71,202,225,77,12,234,2,102
215,162202,-0.4053,0.7149,0.0951,-0.2858,0.0763,0.1264,0.1927,0.2887,-0.1078,0.1041,-0.2815,0.478,0.6876,0.4363,27,98,44,206,74,104,114,152,106,151,190,78,46,3,99
175,162203,-0.46,0.4203,0.0599,-0.17,0.084,0.129,0.3679,0.0838,-0.2202,0.3597,-0.189,0.5946,0.8814,-0.0788,67,218,72,31,65,103,37,220,196,14,58,25,10,209,94
141,162204,-0.4844,0.7109,0.1273,-0.2399,0.0212,0.2027,0.0976,0.1247,-0.3011,0.2468,-0.2537,0.5901,0.9167,0.0247,101,100,30,141,165,47,182,212,229,62,157,26,5,114,112
239,162205,-0.1475,0.3627,-0.0473,-0.0347,0.0974,0.214,0.117,0.121,0.022,0.0417,-0.0891,0.1685,0.2031,0.0371,3,229,180,2,51,39,172,213,11,189,7,233,226,101,118
171,162207,-0.462,0.4458,0.1627,-0.2436,0.0959,0.2345,0.4432,-0.0258,-0.158,0.2342,-0.2504,0.4217,0.5433,-0.1552,71,210,23,152,53,29,28,236,148,71,151,113,107,240,116
53,162208,-0.5585,0.7968,-0.1035,-0.2169,0.0426,0.2796,0.185,0.2559,-0.1935,0.2001,-0.3248,0.6665,0.7511,0.1351,189,57,216,97,127,23,123,165,180,89,225,16,31,42,112
32,162209,-0.5787,0.7458,0.0686,-0.2472,0.1133,0.1828,0.0881,0.1554,-0.3176,0.2219,-0.3157,0.6537,0.6001,-0.0865,210,79,62,158,35,56,186,203,231,76,218,18,81,216,130
118,162605,-0.5077,0.575,-0.1085,-0.2166,0.0669,0.2331,0.1046,0.3797,-0.0506,0.5552,-0.1677,0.6904,0.9303,-0.0906,124,162,218,96,87,31,178,110,50,2,40,13,3,221,95
57,162607,-0.5538,0.7317,-0.0096,-0.2286,0.0306,0.1257,0.1436,0.2527,-0.0839,0.3091,-0.2215,0.5482,0.4113,-0.0461,185,90,136,117,146,106,157,167,78,33,100,44,171,181,122
22,162703,-0.5926,0.8759,0.0403,-0.2752,0.1213,-0.0114,0.1534,0.2236,-0.1487,0.2869,-0.2599,0.9317,0.7432,-0.035,220,30,93,195,27,206,149,177,142,43,165,1,33,168,117
157,163302,-0.4762,0.7675,0.1851,-0.1809,-0.0097,0.1193,0.0497,0.4245,-0.1003,0.1839,-0.2515,0.2104,0.7102,0.0935,85,71,12,45,206,115,216,91,100,103,154,226,40,67,109
214,163402,-0.4068,0.6932,-0.0277,-0.1815,0.0547,0.08,0.3641,0.4307,-0.0178,0.253,-0.1763,0.4267,0.48,-0.0254,28,109,155,46,105,154,38,87,31,57,47,106,141,156,90
36,163503,-0.5731,0.506,0.0128,-0.2518,0.1173,0.1638,0.1782,0.3351,-0.2945,0.0768,-0.278,0.3267,0.4681,0.1055,206,192,117,164,30,73,127,134,228,172,186,183,144,58,143
217,163801,-0.3979,0.7373,0.1289,-0.1864,0.1147,0.2096,0.0434,0.366,-0.1288,0.098,-0.1086,0.3481,0.6636,-0.1033,25,86,28,48,33,43,219,119,124,155,12,171,51,226,95
164,163803,-0.4704,0.6242,0.0245,-0.2537,0.0902,0.0907,0.3328,0.3369,-0.2308,0.101,-0.1982,0.25,0.6426,0.2201,78,135,108,166,57,140,46,133,203,153,74,219,60,21,113
201,163804,-0.4318,0.5297,0.1237,-0.2206,0.1602,0.2822,0.1345,0.4644,-0.0937,0.0864,-0.0771,0.3563,0.6604,0.117,41,179,33,104,7,21,163,75,93,165,5,166,53,51,82
27,166001,-0.5862,0.604,-0.1627,-0.2643,0.1076,0.0668,0.2609,0.6164,-0.016,0.2385,-0.2341,0.5481,0.6026,-0.0272,215,151,233,181,41,163,80,23,29,67,122,45,78,157,113
180,180001,-0.4547,0.5062,0.0411,-0.1531,0.0732,0.0969,0.1927,0.3967,-0.192,-0.0321,-0.2969,0.4858,0.5036,-0.0457,62,191,92,22,78,136,114,105,178,223,203,75,129,179,127
74,180003,-0.5402,0.8246,-0.1801,-0.2153,0.0506,-0.0079,0.3434,-0.023,-0.0375,0.2855,-0.2125,0.3641,0.5491,-0.0062,168,47,236,95,114,204,42,235,44,44,89,158,103,144,123
97,180010,-0.5244,0.844,0.0683,-0.2622,0.0216,0.3232,0.1117,0.3561,-0.0891,0.1452,-0.2513,0.3772,0.6037,-0.0836,145,36,64,178,163,13,175,125,83,130,153,151,76,212,121
121,180012,-0.5048,0.9188,0.1568,-0.2844,0.0041,0.0887,0.161,0.401,0.0746,0.531,-0.2245,0.6286,0.8778,0.0303,121,17,24,203,193,144,140,103,2,5,104,19,12,107,85
228,200001,-0.3496,0.3783,-0.0625,-0.2029,0.1073,0.2031,0.036,0.12,0.0147,-0.0087,-0.2779,0.5311,0.4298,0.2218,14,227,192,71,42,46,223,214,14,217,185,55,165,19,120
10,200002,-0.6344,0.924,-0.1105,-0.2411,0.0791,-0.0618,0.4912,0.0583,-0.0707,0.2459,-0.2071,0.3821,0.3325,-0.0196,232,15,220,147,73,226,22,228,58,64,82,149,200,151,133
113,200006,-0.5107,0.8794,-0.0805,-0.1654,0.0415,0.0159,0.0512,0.2668,-0.177,0.0681,-0.162,0.392,0.4831,-0.0701,129,27,209,28,129,196,213,158,161,178,36,145,139,203,139
23,200007,-0.589,0.6132,0.0999,-0.2043,0.0701,0.0895,0.075,0.395,-0.0931,0.1507,-0.2434,0.419,0.6545,0.0438,219,145,42,73,86,142,200,106,91,128,140,119,56,93,117
62,200008,-0.5501,0.7394,-0.1734,-0.1212,0.1274,-0.0461,0.2913,0.3013,-0.1096,0.3577,-0.3074,0.6179,0.7321,-0.0778,180,83,234,14,21,219,65,147,110,15,212,21,37,207,111
86,202001,-0.5295,0.4461,-0.0725,-0.2082,-0.0072,0.0535,0.2107,0.4273,-0.1186,0.1917,-0.2317,0.4244,0.5917,0.0277,156,209,205,80,204,171,106,89,115,97,121,109,83,108,132
85,202002,-0.5299,0.4182,-0.0545,-0.2117,-0.0059,0.0513,0.2148,0.4242,-0.1198,0.1913,-0.2305,0.4199,0.5937,0.0342,157,219,183,88,201,174,103,92,120,98,119,117,82,103,132
133,202003,-0.4948,0.5948,0.0238,-0.2326,0.0746,0.1459,0.1273,0.5949,-0.1612,0.3574,-0.2621,0.5469,0.463,-0.035,109,155,109,124,76,88,168,32,150,16,168,46,147,168,111
88,202005,-0.5284,0.5318,-0.0656,-0.1735,0.146,-0.0715,0.5815,0.2581,0.0103,0.2905,-0.3124,0.5124,0.4362,-0.0107,154,178,196,35,12,228,10,164,16,42,215,61,162,145,115
31,202007,-0.5797,0.5959,0.0057,-0.2757,0.0913,-0.0765,0.0405,0.463,-0.1266,0.2449,-0.163,0.4576,0.537,-0.102,211,154,121,197,56,232,220,76,121,65,38,91,114,225,137
199,202801,-0.4333,0.3955,0.0189,-0.2013,0.1559,0.0976,0.0784,-0.0303,-0.015,0.1637,-0.0971,0.285,0.1756,-0.0052,43,222,112,68,8,135,196,238,27,122,9,209,231,143,125
220,206001,-0.3911,0.5674,0.1078,-0.23,0.0307,0.1032,0.0771,0.2609,0.0277,0.0423,0.0037,0.0304,0.0161,0.024,22,168,39,121,145,127,198,160,8,188,2,242,241,115,126
109,210001,-0.5143,0.6219,0.0436,-0.2761,0.0345,0.1625,0.027,0.3877,0.0235,0.1026,-0.2552,0.2917,0.3893,-0.0458,133,138,88,199,140,74,226,108,10,152,160,206,186,180,142
160,213001,-0.4747,0.0937,0.0111,-0.2093,0.0605,0.1106,0.5389,0.3456,-0.2338,0.1908,-0.1294,0.8075,0.8755,-0.0508,82,241,119,82,92,120,17,130,205,100,16,5,13,184,100
73,213002,-0.5407,0.3543,-0.2404,-0.2303,0.0407,0.1346,0.2156,0.4569,-0.1882,-0.0031,-0.2802,0.5116,0.2787,0.0885,169,231,242,122,130,97,101,77,173,214,189,62,211,71,149
114,213003,-0.5102,0.6606,-0.1296,-0.2256,0.0571,0.013,0.615,0.5953,-0.263,-0.0644,-0.2932,0.3356,0.5379,0.0253,128,121,225,112,98,197,4,31,216,233,197,180,113,112,140
190,217001,-0.4429,0.4533,-0.0028,-0.3212,0.0272,0.1183,0.4806,0.4678,-0.0771,0.1413,-0.2485,0.4025,0.5336,-0.0331,52,206,129,229,152,116,24,73,65,131,148,131,117,165,124
232,217002,-0.2727,0.2892,-0.0032,-0.2209,0.0451,0.0926,0.2843,0.1838,-0.1312,0.078,-0.1565,0.3133,0.3317,0.1463,10,235,130,105,122,138,73,199,127,171,29,196,201,38,126
163,217005,-0.4716,0.4216,-0.0139,-0.2647,0.0657,-0.0181,0.1607,0.3642,-0.1427,0.2722,-0.229,0.5747,0.5344,-0.1411,79,216,143,182,89,209,141,121,137,51,117,36,115,238,133
66,217009,-0.5452,0.5107,-0.0091,-0.271,0.0322,0.034,0.109,0.393,-0.1734,0.0951,-0.243,0.5364,0.7549,-0.0717,176,189,134,190,143,184,177,107,159,157,139,53,28,204,145
1,233001,-0.6642,0.3904,-0.0089,-0.3003,-0.025,0.1102,0.2905,0.5583,-0.0108,0.1351,-0.184,0.5369,0.4609,0.0588,241,223,133,219,217,121,67,43,26,137,55,52,148,87,126
209,240001,-0.4178,0.8329,-0.007,-0.1778,0.0283,0.264,0.0788,0.6027,-0.1796,0.0698,-0.1152,0.421,0.5812,-0.0523,32,43,131,39,151,25,195,27,165,176,13,114,86,188,98
186,240002,-0.4479,0.6045,-0.0713,-0.1888,0.1063,0.0484,0.1953,0.3731,-0.1187,0.0804,-0.1954,0.4636,0.5569,0.0748,56,150,204,51,44,177,111,114,116,169,66,84,98,77,108
158,240004,-0.4755,0.7356,-0.0546,-0.2111,0.0124,0.1118,0.3182,0.5479,-0.0586,-0.1049,-0.2361,0.3842,0.4837,0.1737,84,88,184,87,177,119,49,45,53,240,124,148,138,28,111
224,240005,-0.378,0.6785,-0.0922,-0.2638,-0.0067,0.122,0.1761,0.2582,-0.025,0.0705,-0.2415,0.4108,0.2532,-0.004,18,114,212,179,203,111,129,163,36,175,136,127,216,138,139
77,240008,-0.5369,0.9139,-0.064,-0.214,0.1399,0.3928,0.0375,0.4935,-0.0871,-0.0267,-0.2646,0.3018,0.5729,0.1243,165,18,194,93,16,5,222,64,80,222,170,202,91,44,113
112,240009,-0.5122,0.8068,-0.1451,-0.3134,0.0624,0.3894,0.1363,0.9145,-0.2634,-0.0099,-0.1799,0.4635,0.6741,0.1685,130,54,230,228,91,6,162,2,217,218,51,85,48,32,111
71,240010,-0.5421,0.8148,-0.0904,-0.2099,0.1265,0.1864,0.1735,0.3549,-0.1861,0.0696,-0.3234,0.2485,0.4124,0.2819,171,48,211,84,22,51,131,126,171,177,224,220,170,13,129
233,253010,-0.2706,0.2887,-0.2077,-0.117,0.0512,-0.0297,0.1814,0.1881,0.0214,0.0359,-0.1604,0.1652,0.1846,0.0062,9,236,239,11,113,214,124,196,12,191,34,234,230,126,140
184,255010,-0.4486,0.514,-0.0684,-0.1858,0.0024,0.184,0.3171,0.4196,-0.0495,0.1653,-0.1596,0.3193,0.4577,0,58,187,201,47,194,54,51,93,49,121,33,191,152,129,111
152,257010,-0.4799,0.4716,0.0398,-0.2396,0.108,0.0814,0.3753,0.5635,-0.0941,0.1083,-0.2617,0.324,0.3921,-0.0031,90,203,94,139,40,151,34,41,94,148,167,187,184,135,121
29,257020,-0.5813,0.8094,-0.0662,-0.2423,0.2127,0.1791,0.1642,0.6355,-0.1387,0.2961,-0.3611,0.4661,0.5825,0.0185,213,51,198,149,1,62,138,19,134,39,235,83,85,118,108
134,257030,-0.494,0.5608,-0.0384,-0.2048,0.0802,0.1623,0.2862,0.3386,-0.0784,0.1832,-0.2123,0.3955,0.5577,-0.0609,108,170,173,75,70,76,71,131,68,105,88,141,96,196,112
102,260101,-0.5192,0.5325,-0.0109,-0.1982,0.1429,0.3969,0.094,0.6102,-0.0828,0.2772,-0.1964,0.4702,0.5784,0.0888,140,176,139,64,14,4,183,25,74,48,68,82,89,70,84
194,260103,-0.4375,0.4127,-0.0725,-0.2269,0.0566,0.1055,0.0855,0.2027,-0.0032,0.3653,-0.2189,0.4951,0.4113,0,47,220,205,115,101,125,190,186,22,13,96,67,171,129,120
59,260104,-0.5514,0.8968,0.1142,-0.1918,0.0262,0.7041,0.0707,0.145,-0.1629,0.1806,-0.2259,0.7427,0.8941,-0.1054,183,22,36,57,153,1,206,205,151,108,112,9,7,228,105
145,260108,-0.4838,0.3561,-0.017,-0.3256,-0.0647,0.201,0.0174,0.3342,-0.0812,0.5628,-0.1581,0.7218,0.8597,-0.0863,97,230,144,230,236,49,231,135,71,1,31,10,15,215,121
63,260109,-0.5493,0.9963,0.1084,-0.1947,0.0124,0.6914,0.0744,0.1301,-0.1631,0.1728,-0.249,0.7545,0.8684,-0.0882,179,10,38,61,177,2,202,209,153,117,150,7,14,217,109
92,260110,-0.5266,0.6502,-0.138,-0.2181,0.0089,0.3,0.3348,0.1924,-0.1393,0.4502,-0.2446,0.515,0.4498,-0.089,150,127,227,100,184,18,45,191,135,7,142,60,155,219,125
132,270001,-0.4951,0.5948,-0.0094,-0.193,0.0868,0.0529,-0.0476,0.4168,-0.1638,0.3148,-0.2254,0.2068,0.2794,0.1686,110,155,135,59,62,172,240,94,154,31,108,228,210,31,127
105,270002,-0.5168,0.689,0.0658,-0.2121,0.057,0.1263,0.0009,0.4952,0.0055,0.2061,-0.0779,0.3121,0.2762,-0.0607,137,111,68,89,99,105,235,63,21,86,6,198,214,195,116
55,270005,-0.5561,0.7564,-0.0129,-0.2401,0.0435,0.081,0.0336,0.5987,-0.2068,0.0848,-0.3141,0.3652,0.7427,0.0201,187,74,141,144,125,153,225,30,186,167,217,156,35,117,139
82,270006,-0.5327,0.7075,0.1837,-0.244,0.0721,0.0621,0.1037,0.4405,-0.17,0.1397,-0.3577,0.5151,0.5488,0.0952,160,104,15,153,81,166,179,81,158,134,234,59,104,65,120
65,270007,-0.5464,0.7093,0.0366,-0.3899,-0.0395,0.2201,0.1416,0.3186,0.0097,0.1317,-0.258,0.5889,0.8783,-0.0251,177,102,98,242,227,36,159,140,17,140,164,27,11,154,121
207,288001,-0.4228,0.6314,0.0481,-0.1773,0.021,0.3496,0.0507,0.2307,-0.2453,0.0215,-0.1431,0.2617,0.6657,0.3441,35,133,83,38,166,9,215,172,210,201,23,215,50,6,111
200,288002,-0.4327,0.7876,-0.0683,-0.1215,0.0206,0.1625,0.3174,0.4153,-0.0748,0.1206,-0.2552,0.3164,0.4084,0.1154,42,62,200,15,168,74,50,96,62,143,160,192,174,53,106
149,290002,-0.4815,0.4462,-0.0444,-0.3124,-0.0034,0.2715,0.0668,0.4122,-0.3214,0.0306,-0.2207,0.2953,0.4023,0.0711,93,208,178,227,198,24,209,101,232,196,99,205,180,81,159
61,290004,-0.5501,0.6511,0.0054,-0.3409,-0.033,0.1679,0.2493,0.4981,-0.2858,-0.1664,-0.2985,0.4076,0.6042,0.0401,180,126,122,235,223,67,85,60,226,242,204,130,75,98,148
147,310308,-0.482,0.6212,0.0872,-0.2455,0.0304,0.1385,0.3097,0.29,-0.2098,0.2906,-0.2281,0.4447,0.755,-0.0017,95,139,46,155,147,92,55,151,191,41,116,96,27,132,105
240,310318,-0.088,0.11,-0.0267,-0.0335,0.0388,0.0448,0.5787,0.1924,-0.0184,0.2171,-0.186,0.3464,0.3999,0.009,2,240,152,1,135,178,11,191,34,79,56,173,182,124,111
26,310328,-0.5864,0.6517,-0.0497,-0.3265,0.1097,0.0918,0.3825,0.2618,-0.1376,0.0624,-0.2435,0.4998,0.5788,0.1591,216,125,182,231,39,139,33,159,132,180,141,66,88,33,126
70,310358,-0.5425,0.6541,-0.041,-0.2704,0.0404,0.2197,0.0878,0.3577,-0.1793,0.409,-0.3311,0.3157,0.4917,0.3884,172,124,177,189,131,37,187,124,163,10,228,193,134,4,133
205,320001,-0.4275,0.5104,-0.0341,-0.2383,0.0456,0.0496,0.3597,0.2251,-0.2715,0.16,-0.1224,0.2625,0.1851,0.0936,37,190,164,136,119,176,39,176,219,125,14,214,229,66,136
81,320003,-0.5336,0.6963,-0.0268,-0.2772,-0.0349,0.124,0.2189,0.4131,-0.1094,0.0727,-0.1979,0.2582,0.4658,0.216,161,107,153,200,226,108,96,98,109,174,72,217,146,22,134
43,320005,-0.5656,0.7889,0.0028,-0.2268,-0.0467,0.0239,0.3699,0.1805,-0.021,-0.0137,-0.224,0.3581,0.4893,0.0274,199,61,127,114,230,189,36,200,35,219,102,161,135,109,136
238,340001,-0.1966,0.3521,0.0765,-0.1367,0.0169,0.0984,0.5329,0.067,0.0093,0.0762,-0.0579,0.2475,0.1933,0.0714,4,232,51,16,174,133,18,226,18,173,3,221,228,80,112
191,340006,-0.4417,0.7708,0.0397,-0.1389,0.0452,0.1826,0.2144,0.5014,-0.119,-0.0073,-0.2278,0.5531,0.4585,0.0721,51,68,95,18,121,58,105,59,117,216,114,41,150,79,92
226,350001,-0.3598,0.18,0.0649,-0.2138,0.0599,0.1842,0.3719,0.4166,-0.229,0.3037,-0.1511,0.4185,0.0787,0.0337,16,239,69,92,95,53,35,95,201,36,24,121,238,104,101
115,350002,-0.5087,0.5862,0.1836,-0.2687,0.0332,0.0414,0.1576,0.075,-0.3377,0.2917,-0.3572,0.3123,0.21,0.1939,127,157,16,186,142,180,144,222,236,40,233,197,223,25,152
4,360001,-0.6476,0.9061,-0.032,-0.2106,0.083,0.1307,0.1691,0.5027,-0.0673,-0.0834,-0.2742,0.3702,0.3688,0.0206,238,20,159,86,67,100,133,58,57,236,182,153,190,116,128
30,360005,-0.5811,0.8301,-0.0482,-0.1873,0.1626,0.0199,0.2978,0.5205,-0.0969,-0.0383,-0.2792,0.3374,0.5717,0.0433,212,45,181,50,6,192,62,53,98,227,188,177,93,94,119
45,360006,-0.5651,0.8952,-0.0178,-0.2415,0.0247,0.0797,0.2319,0.3649,-0.1327,0.1887,-0.1867,0.5036,0.7771,0.0143,197,24,145,148,156,155,92,120,128,101,57,65,25,121,109
54,360007,-0.5564,0.7932,-0.0746,-0.2104,0.0523,0.1725,0.3032,0.4962,-0.0873,0.2486,-0.2957,0.1972,0.1592,-0.0839,188,59,208,85,110,65,60,62,82,60,200,229,233,213,132
216,373010,-0.4045,0.3875,-0.0253,-0.2427,0.1104,0.3241,0.1334,0.4903,-0.1926,0.1402,-0.3016,0.1846,0.1938,0.062,26,225,150,150,37,12,164,66,179,132,205,232,227,84,134
37,375010,-0.5725,0.808,-0.0347,-0.2576,0.0713,-0.182,0.2878,0.3602,-0.2352,0.2619,-0.3708,0.5779,0.701,0.2928,205,52,166,174,84,242,69,123,207,55,239,34,42,12,121
168,377010,-0.4663,0.5757,-0.0651,-0.287,-0.0717,0.1075,-0.0092,0.5166,-0.0982,0.2122,-0.4283,0.5796,0.4761,0.0735,74,161,195,210,237,124,239,54,99,83,242,31,143,78,140
41,377016,-0.5682,0.5849,0.14,-0.2688,0.1482,-0.0069,0.0069,-0.0258,0.0742,0.3158,-0.1375,0.2435,0.2774,-0.0825,201,158,27,188,10,203,232,236,3,30,20,222,212,211,139
165,377020,-0.47,0.7262,0.0191,-0.2337,0.0888,0.3484,-0.1235,0.4126,-0.2731,0.3357,-0.4033,0.5741,0.8218,0.1032,77,95,111,126,60,10,242,100,223,24,241,37,18,60,101
117,378010,-0.5081,0.5109,-0.0984,-0.2384,0.1421,0.1832,-0.0731,0.1539,-0.3161,0.2474,-0.1367,0.4126,0.6067,0.1525,125,188,215,137,15,55,241,204,230,61,19,125,74,35,123
187,398001,-0.4471,0.5749,0.1765,-0.2864,0.0163,0.1331,0.2173,0.2597,-0.222,0.2752,-0.3294,0.664,0.6105,0.1218,55,163,20,207,175,98,99,161,197,50,227,17,71,48,113
79,398011,-0.536,0.6698,0.0383,-0.1791,0.0455,0.0773,0.0748,0.1943,-0.4033,0.317,-0.2364,0.6881,0.3724,0.0906,163,118,96,42,120,157,201,188,242,28,125,14,189,69,125
136,398021,-0.493,0.6142,0.0049,-0.3738,-0.0263,0.0406,0.1024,0.215,-0.1877,0.3167,-0.3558,0.2188,0.4544,0.5788,106,143,123,241,219,181,180,179,172,29,232,224,153,1,155
38,400001,-0.5722,0.4012,0.023,-0.0839,0.1218,-0.022,0.3169,0.6431,-0.0961,-0.0449,-0.2508,0.37,0.6068,-0.0732,204,221,110,4,26,210,52,18,97,229,152,154,73,205,125
39,400003,-0.5688,1.0081,-0.0099,-0.1455,0.1152,0.0323,0.1898,0.5872,-0.1453,-0.0414,-0.2944,0.2578,0.5291,-0.084,203,8,137,19,32,185,120,36,140,228,198,218,120,214,132
64,410001,-0.5471,0.4779,-0.0575,-0.3639,-0.0719,0.3887,0.2326,0.4676,-0.1901,0.0799,-0.2162,0.424,0.2873,0.3041,178,202,189,239,238,7,90,74,176,170,94,110,207,11,141
19,410003,-0.5977,0.5722,0.0752,-0.3371,-0.063,0.2306,0.2861,0.546,-0.208,0.0096,-0.2407,0.5493,0.6605,0.1687,223,165,55,234,235,32,72,47,189,207,134,42,52,30,122
124,420001,-0.503,0.3485,0.0685,-0.1916,-0.113,0.0121,0.1654,0.4723,-0.2358,0.1867,-0.2154,0.4197,0.4047,-0.0176,118,233,63,56,240,199,137,70,208,102,92,118,178,149,140
211,450001,-0.4158,0.5338,0.05,-0.1969,0.0138,0.087,0.2148,0.2854,-0.0164,0.0949,-0.1046,0.396,0.5267,0.1226,31,174,80,63,176,146,103,153,30,158,10,139,122,46,102
196,450002,-0.4369,0.6543,0.0488,-0.2374,0.1364,0.0373,0.0798,0.4802,-0.0179,0.3552,-0.1757,0.4017,0.4453,-0.0296,46,123,82,133,17,183,194,67,32,17,46,133,158,162,99
172,450003,-0.4618,0.624,0.0481,-0.203,0.0062,0.1194,0.2608,0.3709,-0.1858,0.1808,-0.1816,0.5209,0.6449,0.0783,70,136,83,72,189,114,81,117,170,107,52,58,59,74,98
101,460001,-0.5195,0.5645,0.0662,-0.2687,0.0021,0.1853,0.201,0.3163,-0.2078,0.3013,-0.2607,0.394,0.8189,0.1989,141,169,67,186,195,52,110,141,188,37,166,143,19,24,117
202,460002,-0.4315,0.4316,0.0703,-0.3101,0.1201,0.0851,0.6534,0.2073,-0.1661,0.1342,-0.2922,0.3333,0.2452,0.0884,40,212,59,226,28,148,2,183,155,139,196,181,219,72,132
213,481001,-0.4107,0.5749,0.0567,-0.2365,0.037,0.1544,0.3045,0.1882,-0.1438,0.2384,-0.2382,0.3674,0.7543,0.0408,29,163,75,131,138,82,59,195,138,69,130,155,29,97,106
153,481004,-0.4798,0.6232,0.0937,-0.2233,0.0046,0.2919,0.0776,0.3491,-0.3369,-0.113,-0.308,0.5852,0.4359,-0.0003,89,137,45,108,191,20,197,127,235,241,214,28,164,131,137
159,481006,-0.4753,0.703,-0.059,-0.18,0.102,-0.1749,0.1676,0.0703,-0.1585,0.1788,-0.2448,0.3901,0.7369,0.1142,83,106,190,43,48,241,134,224,149,109,143,147,36,54,121
144,483003,-0.4839,0.5053,-0.0241,-0.1729,-0.0143,-0.1497,0.1708,0.585,-0.2726,0.0839,-0.3048,0.2726,0.6451,0.1064,98,194,149,34,211,239,132,37,222,168,208,212,58,56,144
2,510050,-0.6519,0.836,-0.2178,-0.1724,0.17,-0.1234,0.6588,-0.0499,-0.0325,0.2716,-0.1832,0.3572,0.2064,-0.1098,240,41,241,33,5,238,1,241,39,52,54,164,224,230,128
35,510081,-0.5758,0.8113,0.0602,-0.2011,-0.0431,0.1952,0.2335,0.3763,-0.1794,0.1045,-0.2563,0.3363,0.6288,0.1108,207,50,71,67,229,50,89,112,164,150,162,179,63,55,117
5,510180,-0.6456,0.8782,-0.1545,-0.2258,0.124,-0.0724,0.6272,0.0142,-0.0787,0.2158,-0.1987,0.3257,0.2254,-0.047,237,28,231,113,24,229,3,232,70,80,75,185,221,182,136
0,510880,-0.6829,0.9558,-0.2107,-0.1683,0.0963,-0.0885,0.566,0.1154,-0.0405,0.2042,-0.139,0.165,-0.0071,0.1912,242,12,240,30,52,234,15,216,45,87,22,235,242,26,121
83,519001,-0.5315,1.1608,-0.0272,-0.2735,0.0402,0.1364,0.1869,0.4758,-0.153,0.2004,-0.3441,0.4254,0.5552,-0.0596,159,2,154,194,133,95,122,68,145,88,231,108,99,193,127
100,519003,-0.52,0.5204,0.0754,-0.2043,-0.0328,0.0787,0.0358,0.3715,-0.0151,0.1155,-0.2244,0.5394,0.6911,0.172,142,184,53,73,222,156,224,116,28,146,103,50,44,29,112
24,519005,-0.5877,0.7316,0.0672,-0.2905,-0.0163,0.0994,0.2044,0.2128,-0.3429,0.1937,-0.2295,0.8159,0.2456,0.3238,218,91,66,213,213,130,108,180,237,94,118,4,218,10,135
98,519007,-0.5227,0.4587,0.1232,-0.2182,-0.0145,0.1195,0.1813,0.125,-0.1166,-0.0361,-0.093,0.1581,0.1341,0.064,144,205,34,102,212,113,125,211,114,226,8,236,237,83,146
173,519008,-0.4613,0.5207,0.0805,-0.2431,0.1251,0.1616,0.2173,0.5899,-0.1738,0.3251,-0.2366,0.4008,0.581,0.0178,68,183,49,151,23,77,99,34,160,26,126,135,87,119,95
169,519011,-0.4661,0.5602,0.0872,-0.1782,-0.0038,0.0978,0.0402,0.2697,-0.0289,0.0884,-0.1925,0.4266,0.4868,-0.1345,73,171,46,41,199,134,221,157,38,162,62,107,136,237,127
46,519013,-0.5627,0.8767,0.0786,-0.2465,-0.0112,0.0985,0.146,-0.1103,-0.1905,-0.0251,-0.3129,0.578,0.6192,-0.0429,196,29,50,156,208,132,156,242,177,221,216,33,66,177,147
206,519015,-0.4236,0.4465,0.0526,-0.1595,-0.0016,0.0902,0.0443,0.2546,-0.0259,0.0984,-0.1907,0.4831,0.5382,-0.1107,36,207,78,26,197,141,218,166,37,154,61,76,112,231,124
69,519017,-0.5432,0.643,0.1285,-0.2671,-0.0322,0.1164,0.2176,0.7226,-0.0901,0.1817,-0.2818,0.5844,0.6014,0.15,173,129,29,185,221,118,98,10,85,106,191,29,80,36,106
178,519018,-0.4558,0.5327,0.0492,-0.2547,0.0522,0.1181,0.1322,0.6095,-0.2327,0.1716,-0.2901,0.4364,0.5722,0.0259,63,175,81,167,111,117,166,26,204,118,193,99,92,110,123
56,519019,-0.5544,0.8128,0.204,-0.2907,-0.0142,-0.0016,0.0835,0.5132,0.0147,0.3038,-0.3071,0.0831,0.7813,0.0757,186,49,8,214,210,202,192,56,14,35,211,239,24,76,122
75,519021,-0.5383,0.8439,0.1011,-0.2376,-0.0506,0.2966,0.111,0.6021,-0.2058,0.1135,-0.2737,0.4704,0.5461,-0.133,167,37,40,134,234,19,176,28,185,147,180,81,106,236,126
108,519029,-0.5152,0.4908,0.0376,-0.2662,0.0073,0.3047,0.0846,0.4443,-0.2657,-0.0188,-0.2647,0.4628,0.4013,0.0471,134,199,97,184,187,17,191,80,218,220,172,88,181,91,147
107,519035,-0.5153,0.6688,0.0605,-0.2348,0.0897,-0.0145,0.2791,0.695,-0.275,0.3273,-0.3183,0.7575,0.6751,0.0376,135,119,70,127,58,208,75,13,225,25,220,6,47,99,101
142,519039,-0.4841,0.7091,0.0434,-0.2512,-0.0483,0.1676,0.441,0.2918,-0.1011,0.097,-0.2567,0.3219,0.3908,0.0778,100,103,89,163,231,68,30,150,102,156,163,189,185,75,128
116,519068,-0.5086,0.6379,0.0751,-0.2152,0.0476,0.17,0.191,0.8439,-0.1084,0.4517,-0.2478,0.4877,0.6482,-0.13,126,130,56,94,116,66,118,4,107,6,146,73,57,235,95
51,519087,-0.5596,0.9973,-0.0218,-0.1622,0.1153,0.1221,0.5751,0.0881,-0.1545,0.0876,-0.2236,0.5447,0.6414,0.0078,191,9,147,27,31,110,13,218,146,163,101,47,61,125,99
13,519100,-0.6279,0.8353,-0.177,-0.195,0.1198,-0.1047,0.5916,0.002,-0.0481,0.3058,-0.1975,0.3783,0.3928,-0.0437,229,42,235,62,29,236,7,233,46,34,71,150,183,178,123
12,519180,-0.6333,0.8381,-0.1565,-0.2226,0.1119,-0.0729,0.5878,-0.0029,-0.0768,0.1983,-0.1952,0.2982,0.2047,-0.0511,230,39,232,107,36,230,9,234,64,92,65,204,225,185,139
49,519181,-0.5609,0.4847,-0.0552,-0.2552,-0.0043,0.2126,0.0661,0.6252,-0.0785,0.1835,-0.2527,0.5211,0.6982,0.212,193,201,185,170,200,41,210,20,69,104,155,57,43,23,119
3,519300,-0.6477,0.9008,-0.1267,-0.2376,0.0848,-0.0551,0.4951,0.0799,-0.0951,0.1934,-0.2344,0.3389,0.297,-0.0311,239,21,224,134,64,224,21,221,96,95,123,176,205,163,143
137,519688,-0.4887,0.7817,-0.1424,-0.2714,0.0813,0.0828,0.0185,0.6103,0.0086,0.2071,-0.1628,0.5842,0.5507,-0.0044,105,65,228,191,69,150,230,24,19,85,37,30,101,140,105
203,519690,-0.4293,0.8546,-0.0373,-0.2291,0.1529,-0.0285,0.1303,0.5652,-0.1792,0.5526,-0.2469,0.3648,0.2524,0.0542,39,32,172,118,9,213,167,40,162,3,145,157,217,89,111
182,519692,-0.4512,0.8303,0.0107,-0.177,0.1458,0.2332,0.0511,0.5989,-0.0641,-0.0886,-0.2257,0.5106,0.485,-0.0252,60,44,120,37,13,30,214,29,55,239,111,64,137,155,93
126,519694,-0.5002,0.7161,-0.0978,-0.2284,0.1022,0.054,0.0888,0.4746,-0.1418,0.1757,-0.1555,0.4948,0.4954,-0.0208,116,96,214,116,47,170,185,69,136,112,28,69,133,152,117
90,519993,-0.5273,0.4298,-0.0684,-0.2873,0.0218,0.1826,0.19,0.863,-0.0829,-0.0029,-0.2401,0.3147,0.4362,-0.0568,152,213,201,211,162,58,119,3,76,213,132,194,162,191,149
25,519995,-0.5869,0.6599,-0.034,-0.1913,0.0504,-0.1542,0.5105,0.3479,-0.093,-0.0566,-0.2007,0.4299,0.5397,0.2213,217,122,163,55,115,240,20,129,90,231,78,105,111,20,121
67,519997,-0.545,0.7059,0.0043,-0.2883,-0.0104,0.0204,0.0692,0.5786,-0.0916,0.1994,-0.1514,0.346,0.4988,0.3321,175,105,125,212,207,191,208,38,88,90,25,174,132,8,127
129,530001,-0.4995,0.7326,0.0839,-0.2078,0.0092,0.1585,0.1329,0.5498,-0.2009,0.0523,-0.3162,0.4898,0.9286,0.2736,113,89,48,79,183,79,165,44,183,184,219,72,4,14,105
58,530003,-0.5523,0.6466,0.0449,-0.2852,0.0395,0.1232,0.3382,0.5453,-0.0713,0.0919,-0.1779,0.4311,0.5631,-0.0034,184,128,85,204,134,109,44,48,59,160,49,103,94,136,109
80,530005,-0.5344,0.7508,-0.0289,-0.2177,0.0261,0.1664,0.2876,0.3287,-0.1336,0.1068,-0.2549,0.4337,0.4583,-0.0645,162,78,157,99,155,69,70,138,129,149,159,100,151,197,129
235,540001,-0.2517,0.2225,0.0295,-0.0983,-0.0001,0.0233,0.1746,0.1303,-0.018,-0.0031,0.0706,0.0571,0.0432,0.0373,7,238,103,8,196,190,130,208,33,214,1,240,239,100,136
87,540002,-0.5289,0.7703,0.0758,-0.2548,0.0078,0.2497,0.5501,0.1706,0.0072,0.1753,-0.219,0.3573,0.4256,-0.1093,155,69,52,169,186,26,16,201,20,113,97,163,167,229,118
154,540003,-0.4781,0.6255,0.1254,-0.2504,-0.0339,0.1544,0.5896,0.3846,-0.0829,0.1918,-0.2312,0.4463,0.7175,0.3657,88,134,32,162,224,82,8,109,76,96,120,95,38,5,90
189,550001,-0.4442,0.6103,0.1445,-0.3316,-0.0213,0.1651,0.2646,0.3973,-0.066,0.0867,-0.3284,0.3018,0.4145,0.0125,53,148,26,232,215,72,79,104,56,164,226,202,168,122,133
151,550002,-0.4803,0.7316,0.0978,-0.3042,0.1027,0.1405,0.3072,0.4393,-0.1826,0.2308,-0.2735,0.4813,0.6035,0.248,91,91,43,221,46,91,57,83,166,72,179,77,77,15,93
128,560002,-0.4999,0.4925,-0.1428,-0.2547,-0.1425,0.0848,0.083,0.2292,-0.2573,0.0049,-0.2156,0.4013,0.7541,-0.0333,114,198,229,167,242,149,193,174,214,209,93,134,30,166,165
40,560003,-0.5683,0.7385,0.012,-0.2181,-0.1062,0.1574,0.2657,0.1178,-0.2268,0.0043,-0.2255,0.3563,0.7893,-0.0415,202,85,118,100,239,80,78,215,199,210,110,166,22,176,142
42,570001,-0.5662,0.6182,-0.0204,-0.2088,0.0431,0.0244,0.2153,0.4345,-0.1054,0.4184,-0.2247,0.272,1.326,0.0257,200,141,146,81,126,188,102,85,104,8,105,213,1,111,115
166,580001,-0.4685,0.39,0.1788,-0.2399,0.0242,0.007,0.0752,0.191,-0.0817,0.0548,-0.2744,0.2752,0.4659,-0.115,76,224,18,141,159,201,199,194,73,183,183,211,145,232,159
197,580002,-0.4348,0.332,0.23,-0.2563,0.0724,0.1425,0.0737,0.3489,-0.3615,0.0131,-0.3706,0.5349,0.8521,-0.06,45,234,5,171,80,89,203,128,241,206,238,54,16,194,136
16,590001,-0.6163,1.0509,-0.0706,-0.3574,-0.0402,0.1369,0.25,0.3133,-0.2542,0.02,-0.2737,0.3945,0.5112,-0.0295,226,4,203,238,228,94,84,144,213,202,180,142,126,161,160
18,590002,-0.6032,0.778,-0.109,-0.3442,-0.026,0.0422,0.388,0.4977,-0.2716,-0.084,-0.2448,0.2903,0.499,0.0172,224,66,219,236,218,179,32,61,220,237,143,207,131,120,163
52,610001,-0.5588,0.7842,0.0301,-0.1898,-0.0074,0.0952,0.291,0.2015,-0.2496,0.2128,-0.238,0.4126,0.406,-0.0745,190,64,102,53,205,137,66,187,211,82,129,125,175,206,138
241,620001,-0.0307,0.0156,0.0414,-0.2502,0.0184,0.0499,0.2983,0.1369,-0.1899,0.175,-0.152,0.2073,0.3224,-0.0899,1,242,91,161,171,175,61,206,175,114,26,227,204,220,148
20,630001,-0.5955,0.8843,0.1762,-0.334,0.1728,0.3753,0.3079,0.2928,-0.051,-0.0608,-0.2724,0.311,0.1661,0.0424,222,26,21,233,3,8,56,149,51,232,177,199,232,95,121