,Adj Close,Adj Close,Adj Close,Adj Close,Adj Close,Close,Close,Close,Close,Close,High,High,High,High,High,Low,Low,Low,Low,Low,Open,Open,Open,Open,Open,Volume,Volume,Volume,Volume,Volume
,AAPL,AMZN,FB,GOOG,NFLX,AAPL,AMZN,FB,GOOG,NFLX,AAPL,AMZN,FB,GOOG,NFLX,AAPL,AMZN,FB,GOOG,NFLX,AAPL,AMZN,FB,GOOG,NFLX,AAPL,AMZN,FB,GOOG,NFLX
Date,,,,,,,,,,,,,,,,,,,,,,,,,,,,,,
2019/5/31,43.09911728,1775.069946,177.4700012,1103.630005,343.2799988,43.76750183,1775.069946,177.4700012,1103.630005,343.2799988,44.49750137,1795.589966,180.5399933,1109.599976,349.3399963,43.74750137,1772.699951,177.1600037,1100.180054,342.9200134,44.05749893,1790.01001,180.2799988,1101.290039,347.2200012,108174400,4618800,15226500,1507800,5023400
2019/6/3,42.66337585,1692.689941,164.1499939,1036.22998,336.6300049,43.32500076,1692.689941,164.1499939,1036.22998,336.6300049,44.47999954,1766.290039,175.0500031,1065.5,347.6600037,42.56750107,1672,161.0099945,1025,332.6499939,43.90000153,1760.01001,175,1065.5,343.5599976,161584400,9098700,56059600,5130600,7849600
2019/6/4,44.2241745,1729.560059,167.5,1053.050049,353.3999939,44.90999985,1729.560059,167.5,1053.050049,353.3999939,44.95750046,1730.819946,168.2799988,1056.050049,353.6099854,43.63000107,1680.890015,160.8399963,1033.689941,343.25,43.86000061,1699.23999,163.7100067,1042.900024,345,123872000,5679100,46044300,2833500,7891600
2019/6/5,44.93809891,1738.5,168.1699982,1042.219971,355.730011,45.63499832,1738.5,168.1699982,1042.219971,355.730011,46.24750137,1752,168.7200012,1053.550049,357.8800049,45.28499985,1715.25,164.6300049,1030.48999,348.7099915,46.06999969,1749.599976,167.4799957,1051.540039,354.3800049,119093600,4239800,19758300,2168400,5020100
2019/6/6,45.59786606,1754.359985,168.3300018,1044.339966,357.1300049,46.30500031,1754.359985,168.3300018,1044.339966,357.1300049,46.36750031,1760,169.6999969,1047.48999,358.2099915,45.53749847,1726.130005,167.2299957,1033.699951,352.0899963,45.77000046,1737.709961,168.3000031,1044.98999,354.8399963,90105200,3689300,12446400,1703200,3710000
2019/6/7,46.81155014,1804.030029,173.3500061,1066.040039,360.8699951,47.53749847,1804.030029,173.3500061,1066.040039,360.8699951,47.97999954,1806.25,173.8699951,1070.920044,365.1499939,46.44250107,1759.48999,168.8399963,1048.400024,355.6900024,46.62749863,1763.699951,170.1699982,1050.630005,357.3900146,122737600,4808200,16917300,1802400,4777300
2019/6/10,47.40976715,1860.630005,174.8200073,1080.380005,352.0100098,48.14500046,1860.630005,174.8200073,1080.380005,352.0100098,48.84249878,1884.869995,177.8600006,1092.660034,367.1000061,47.90499878,1818,173.8000031,1072.322021,349.2900085,47.95249939,1822,174.75,1072.97998,363.6499939,104883600,5371000,14767900,1464200,7810300
2019/6/11,47.95875168,1863.699951,178.1000061,1078.719971,351.269989,48.70249939,1863.699951,178.1000061,1078.719971,351.269989,49,1893.699951,179.9799957,1101.98999,357.5799866,48.40000153,1858,176.7899933,1077.603027,348.5,48.71500015,1883.25,178.4799957,1093.97998,355,107731600,4042700,15266600,1436700,5396700
2019/6/12,47.80612564,1855.319946,175.0399933,1077.030029,345.5599976,48.54750061,1855.319946,175.0399933,1077.030029,345.5599976,48.99250031,1865,179.2700043,1080.930054,353.6099854,48.34749985,1844.380005,172.8800049,1067.540039,343.230011,48.48749924,1853.97998,178.3800049,1078,351.8200073,73012800,2678300,17699800,1061000,4584700
2019/6/13,47.79627228,1870.300049,177.4700012,1088.77002,343.4299927,48.53749847,1870.300049,177.4700012,1088.77002,343.4299927,49.19749832,1883.089966,178.0299988,1094.170044,348.5,48.40000153,1862.219971,174.6100006,1080.150024,339.25,48.67499924,1866.719971,175.5299988,1083.640015,347.230011,86698400,2795800,12253600,1057700,6209300
2019/6/14,47.4491539,1869.670044,181.3300018,1085.349976,339.730011,48.18500137,1869.670044,181.3300018,1085.349976,339.730011,48.39749908,1876,181.8399963,1092.689941,343.3999939,47.57500076,1859,180,1080.171997,336.1600037,47.88750076,1864,180.5099945,1086.420044,341.6300049,75046000,2851200,16773700,1111500,5019000
2019/6/17,47.73226929,1886.030029,189.0099945,1092.5,350.6199951,48.47249985,1886.030029,189.0099945,1092.5,350.6199951,48.74000168,1895.689941,189.5,1099.180054,351.769989,48.04249954,1875.449951,184.4100037,1086.280029,342.0599976,48.22499847,1876.5,185.0099945,1086.280029,342.6900024,58676400,2634300,29459900,941600,5358200
2019/6/18,48.8548584,1901.369995,188.4700012,1103.599976,357.1199951,49.61249924,1901.369995,188.4700012,1103.599976,357.1199951,50.07249832,1921.670044,194.5299988,1116.390015,361.5,48.80250168,1899.790039,187.2799988,1098.98999,353.75,49.01250076,1901.349976,194,1109.689941,355.5700073,106204000,3895700,37571400,1386700,5428500
2019/6/19,48.71207047,1908.790039,187.4799957,1102.329956,363.519989,49.46749878,1908.790039,187.4799957,1102.329956,363.519989,49.97000122,1919.579956,188.1000061,1107,364.7399902,49.32749939,1892.469971,184.5500031,1093.47998,356.1199951,49.91999817,1907.839966,187,1105.599976,361.7200012,84496800,2895300,21417100,1338800,5667200
2019/6/20,49.10350037,1918.189941,189.5299988,1111.420044,365.2099915,49.86500168,1918.189941,189.5299988,1111.420044,365.2099915,50.15250015,1935.199951,191.1600037,1120.119995,370.1199951,49.50749969,1905.800049,187.6399994,1104.73999,361.2200012,50.09249878,1933.329956,190.9499969,1119.98999,365.9100037,86056000,3217200,14635700,1262000,5899500
2019/6/21,48.93609238,1911.300049,191.1399994,1121.880005,369.2099915,49.69499969,1911.300049,191.1399994,1121.880005,369.2099915,50.21250153,1925.949951,192,1124.109985,371.4500122,49.53749847,1907.579956,188.75,1108.079956,365,49.70000076,1916.099976,188.75,1109.23999,365,191202400,3933600,22751200,1947600,7448400
2019/6/24,48.88686371,1913.900024,192.6000061,1115.52002,371.0400085,49.64500046,1913.900024,192.6000061,1115.52002,371.0400085,50.04000092,1916.859985,193.9799957,1122,375,49.54249954,1901.300049,191.5700073,1111.01001,370.2000122,49.63499832,1912.660034,192.4199982,1119.609985,370.269989,72881600,2283000,15509000,1395600,4830200
2019/6/25,48.14585495,1878.27002,188.8399963,1086.349976,360.2999878,48.89250183,1878.27002,188.8399963,1086.349976,360.2999878,49.81499863,1916.390015,193.1399994,1114.349976,371,48.82249832,1872.420044,188.1300049,1083.800049,358.2900085,49.60749817,1911.839966,192.8800049,1112.660034,370.75,84281200,3012300,16750300,1546900,5750400
2019/6/26,49.18720627,1897.829956,187.6600037,1079.800049,362.2000122,49.95000076,1897.829956,187.6600037,1079.800049,362.2000122,50.24750137,1903.800049,190.7599945,1092.969971,366.7900085,49.33750153,1887.319946,187.3099976,1072.23999,361.6000061,49.44250107,1892.47998,189.5399933,1086.5,361.6000061,104270000,2441900,12808600,1810900,3669700
2019/6/27,49.17243576,1904.280029,189.5,1076.01001,370.019989,49.93500137,1904.280029,189.5,1076.01001,370.019989,50.39250183,1911.23999,198.8800049,1087.099976,370.8500061,49.89250183,1898.040039,188.2700043,1075.290039,363.2000122,50.07249832,1902,189.8800049,1084,363.2000122,83598800,2141700,11159000,1004300,4138600
2019/6/28,48.72438431,1893.630005,193,1080.910034,367.3200073,49.47999954,1893.630005,193,1080.910034,367.3200073,49.875,1912.939941,193.1999969,1081,371.5400085,49.26250076,1884,189.9400024,1073.369995,364.8699951,49.66999817,1909.099976,190.5500031,1076.390015,370.2600098,124442400,3037400,16378900,1693200,4592700
2019/7/1,49.61802673,1922.189941,193,1097.949951,374.6000061,50.38750076,1922.189941,193,1097.949951,374.6000061,51.12250137,1929.819946,195.2799988,1107.579956,376.6600037,50.16249847,1914.660034,191.9299927,1093.703003,372,50.79249954,1922.97998,195.2100067,1098,373.5,109012000,3192100,14181800,1436300,4992600
2019/7/2,49.90851212,1934.310059,195,1111.25,375.4299927,50.68249893,1934.310059,195,1111.25,375.4299927,50.78250122,1934.790039,195,1111.77002,376,50.34000015,1906.630005,192.7100067,1098.170044,370.3099976,50.35250092,1919.380005,193,1102.23999,374.8900146,67740800,2645900,9050000,991600,3625000
2019/7/3,50.32210159,1939,197.1999969,1121.579956,381.7200012,51.10250092,1939,197.1999969,1121.579956,381.7200012,51.11000061,1941.589966,197.3999939,1126.76001,381.9899902,50.67250061,1930.5,194.1600037,1113.859985,375.8399963,50.81999969,1935.890015,194.1600037,1117.410034,376.6900024,45448000,1690300,10246100,767000,3799000
2019/7/5,50.27779007,1942.910034,196.3999939,1131.589966,380.5499878,51.05749893,1942.910034,196.3999939,1131.589966,380.5499878,51.27000046,1945.900024,197.0700073,1132.880005,381.3999939,50.72499847,1925.300049,194.1699982,1116.140015,375.5599976,50.83750153,1928.599976,196.1799927,1117.800049,378.2900085,69062000,2628400,11164100,1264300,3732200
2019/7/8,49.24135971,1952.319946,195.7599945,1116.349976,376.1600037,50.00500107,1952.319946,195.7599945,1116.349976,376.1600037,50.34999847,1956,196.6799927,1125.97998,378.25,49.60250092,1928.25,193.6399994,1111.209961,375.3599854,50.20249939,1934.119995,195.1900024,1125.170044,378.1900024,101354400,2883400,9723900,1236400,3113400
2019/7/9,49.54171371,1988.300049,199.2100067,1124.829956,379.9299927,50.31000137,1988.300049,199.2100067,1124.829956,379.9299927,50.37749863,1990.01001,199.4600067,1128.025024,384.7600098,49.70249939,1943.47998,194.8899994,1107.170044,377.5,49.79999924,1947.800049,194.9700012,1111.800049,379.0599976,82312000,4345700,14698600,1330400,6932800
2019/7/10,50.0316124,2017.410034,202.7299957,1140.47998,381,50.80749893,2017.410034,202.7299957,1140.47998,381,50.93249893,2024.939941,202.9600067,1142.050049,384.3399963,50.38999939,1995.400024,199.6699982,1130.969971,362.6799927,50.46250153,1996.51001,200,1131.219971,382.769989,71588400,4931900,20571700,1209500,5878800
2019/7/11,49.66725922,2001.069946,201.2299957,1144.209961,379.5,50.4375,2001.069946,201.2299957,1144.209961,379.5,51.09749985,2035.800049,203.8000031,1153.069946,384.5400085,50.42750168,1995.300049,200.2100067,1139.579956,378.7999878,50.82749939,2025.619995,203.2599945,1143.25,381.1000061,80767200,4317800,13678500,1195500,4336300
2019/7/12,50.0488472,2011,204.8699951,1144.900024,373.25,50.82500076,2011,204.8699951,1144.900024,373.25,51,2017,205.3000031,1147.339966,379.7399902,50.54999924,2003.869995,199.1600037,1138.780029,372.7900085,50.61249924,2008.27002,199.6799927,1143.98999,378.6799927,70380800,2509300,15366300,864000,6636900
2019/7/15,50.5190506,2020.98999,203.9100037,1150.339966,366.6000061,51.30250168,2020.98999,203.9100037,1150.339966,366.6000061,51.46749878,2022.900024,205.3300018,1150.819946,373.6799927,51,2001.550049,201.8200073,1139.400024,362.2999878,51.02249908,2021.400024,204.25,1146.859985,372.9400024,67789600,2981300,16030300,903800,7944700
2019/7/16,50.34425735,2009.900024,203.8399963,1153.579956,365.9899902,51.125,2009.900024,203.8399963,1153.579956,365.9899902,51.52750015,2026.319946,205.4700012,1158.579956,371.3399963,50.875,2001.219971,203.1000061,1145,364.9200134,51.14749908,2010.579956,203.8899994,1146,370.0899963,67467200,2618200,12132700,1238800,5863200
2019/7/17,50.06115341,1992.030029,201.8000031,1146.349976,362.4400024,50.83750153,1992.030029,201.8000031,1146.349976,362.4400024,51.27249908,2012,204.3600006,1158.359985,366.5,50.81750107,1992.030029,201.5899963,1145.77002,361.75,51.01250076,2007.050049,204.1799927,1150.969971,366.25,56430000,2558800,12083700,1170000,13639500
2019/7/18,50.62983322,1977.900024,200.7799988,1146.329956,325.2099915,51.41500092,1977.900024,200.7799988,1146.329956,325.2099915,51.47000122,1987.5,202.4700012,1147.60498,329.8500061,50.92499924,1951.550049,199.3800049,1132.72998,320.2999878,51,1980.01001,200.1499939,1141.73999,323.7600098,74162400,3486900,11937900,1290700,31287100
2019/7/19,49.87405396,1964.52002,198.3600006,1130.099976,315.1000061,50.64749908,1964.52002,198.3600006,1130.099976,315.1000061,51.625,1996,202.3300018,1151.140015,325.8500061,50.59000015,1962.22998,198.0700073,1129.619995,314.230011,51.44749832,1991.209961,202.1799927,1148.189941,323.3999939,83717200,3185600,12098300,1647200,16302500
2019/7/22,51.01387405,1985.630005,202.3200073,1138.069946,310.6199951,51.80500031,1985.630005,202.3200073,1138.069946,310.6199951,51.80749893,1989,202.5700073,1139.25,314.5400085,50.90250015,1958.26001,198.8099976,1124.23999,305.8099976,50.91249847,1971.140015,199.9100037,1133.449951,312,89111600,2900000,13589000,1301500,17718000
2019/7/23,51.41268921,1994.48999,202.3600006,1146.209961,307.2999878,52.20999908,1994.48999,202.3600006,1146.209961,307.2999878,52.22750092,1997.790039,204.2400055,1146.900024,313.5,51.82249832,1973.130005,200.9600067,1131.800049,306,52.11500168,1995.98999,202.8399963,1144,311.4400024,73420800,2703500,14583700,1093700,9171100
2019/7/24,51.37084961,2000.810059,204.6600037,1137.810059,317.9400024,52.16749954,2000.810059,204.6600037,1137.810059,317.9400024,52.28749847,2001.300049,204.8099976,1144,319.9899902,51.79249954,1965.869995,197.2200012,1126.98999,307.25,51.91749954,1969.300049,197.6300049,1131.900024,310.5100098,59966400,2631300,32532500,1589800,11961800
2019/7/25,50.96464157,1973.819946,200.7100067,1132.119995,326.4599915,51.75500107,1973.819946,200.7100067,1132.119995,326.4599915,52.31000137,2001.199951,208.6600037,1141.699951,327.6900024,51.68249893,1972.719971,198.2599945,1120.920044,316.2999878,52.22249985,2001,206.6999969,1137.819946,318.8599854,55638400,4136500,39889900,2209800,10798500
2019/7/26,51.14189148,1943.050049,199.75,1250.410034,335.7799988,51.93500137,1943.050049,199.75,1250.410034,335.7799988,52.43249893,1950.900024,202.8800049,1265.550049,336,51.78499985,1924.51001,196.25,1224,327.5,51.86999893,1942,200.1900024,1224.040039,328.7900085,70475600,4927100,24434000,4805800,10847500
2019/7/29,51.61948013,1912.449951,195.9400024,1239.410034,332.7000122,52.41999817,1912.449951,195.9400024,1239.410034,332.7000122,52.65999985,1932.22998,199.6300049,1247.369995,336.3999939,52.11000061,1890.540039,195.3000031,1228.22998,328.769989,52.11500168,1930,199,1241.050049,335.980011,86693600,4493200,16530800,2223700,5782800
2019/7/30,51.3979187,1898.530029,197.0399933,1225.140015,325.9299927,52.19499969,1898.530029,197.0399933,1225.140015,325.9299927,52.54000092,1909.890015,198.7100067,1234.869995,329.6499939,51.82749939,1883.47998,193.5,1223.300049,323.230011,52.18999863,1891.119995,195.3899994,1225.410034,329.2000122,135742800,2910900,11903600,1453300,6029300
2019/7/31,52.44665909,1866.780029,194.2299957,1216.680054,322.9899902,53.25999832,1866.780029,194.2299957,1216.680054,322.9899902,55.34249878,1899.550049,198.7599945,1234,331.769989,52.82500076,1849.439941,192.6799927,1207.764038,318.5299988,54.10499954,1898.109985,196.9499969,1223,325.1600037,277125600,4470700,14593500,1725500,6259500
2019/8/1,51.31175613,1855.319946,192.7299957,1209.01001,319.5,52.10749817,1855.319946,192.7299957,1209.01001,319.5,54.50749969,1897.920044,198.4700012,1234.109985,328.5799866,51.68500137,1844.01001,190.8800049,1205.719971,318.7399902,53.47499847,1871.719971,194.1699982,1214.030029,324.25,216071600,4713300,17777000,1698500,6563200
2019/8/2,50.22609329,1823.23999,189.0200043,1193.98999,318.8299866,51.00500107,1823.23999,189.0200043,1193.98999,318.8299866,51.60749817,1846.359985,192.6199951,1206.900024,319.4100037,50.40750122,1808.02002,188.0700073,1188.939941,311.7999878,51.38249969,1845.069946,191.1000061,1200.73999,317.4899902,163448400,4956200,15297000,1645100,6280300
2019/8/5,47.59685898,1765.130005,181.7299957,1152.319946,307.6300049,48.33499908,1765.130005,181.7299957,1152.319946,307.6300049,49.66249847,1788.670044,185.6699982,1175.23999,313.4200134,48.14500046,1748.780029,179.3399963,1140.140015,304.6799927,49.49750137,1770.219971,184.6900024,1170.040039,310.9599915,209572000,6058200,23086700,2597500,8692500
2019/8/6,48.49789429,1787.829956,184.5099945,1169.949951,310.1000061,49.25,1787.829956,184.5099945,1169.949951,310.1000061,49.51750183,1793.77002,185.7899933,1179.959961,311.8800049,48.50999832,1753.400024,183.0899963,1160,305.2999878,49.07749939,1792.22998,183.6900024,1163.310059,310.5799866,143299200,5070300,18035700,1709400,6179100
2019/8/7,49.000103,1793.400024,185.1499939,1173.98999,304.2900085,49.75999832,1793.400024,185.1499939,1173.98999,304.2900085,49.88999939,1798.930054,186.3699951,1178.444946,305,48.45500183,1757,181.2200012,1149.624023,296.8099976,48.85250092,1773.98999,183.6000061,1156,302.5599976,133457600,4526900,15833200,1444300,9322400
2019/8/8,50.08084488,1832.890015,190.1600037,1204.800049,315.8999939,50.85749817,1832.890015,190.1600037,1204.800049,315.8999939,50.88249969,1834.26001,190.3399963,1205.01001,316.3599854,49.84749985,1798.109985,184.0500031,1173.02002,306.6300049,50.04999924,1806,186.6199951,1182.829956,311.0299988,108038000,3701200,14828900,1468000,5905900
2019/8/9,49.66815948,1807.579956,187.8500061,1188.01001,308.9299927,50.24750137,1807.579956,187.8500061,1188.01001,308.9299927,50.68999863,1831.089966,190.9799957,1203.880005,316.6400146,49.82249832,1802.219971,187.1199951,1183.603027,305.6799927,50.32500076,1828.949951,190,1197.98999,313.7399902,98478800,2879800,11058800,1065700,5349100
2019/8/12,49.5421257,1784.920044,185.3699951,1174.709961,310.8299866,50.11999893,1784.920044,185.3699951,1174.709961,310.8299866,50.51250076,1800.97998,187.5899963,1184.959961,312.8900146,49.78749847,1777,184.4600067,1167.671997,303.2399902,49.90499878,1795.98999,186.8500061,1179.209961,305.4599915,89927600,2905500,10930900,1003000,6531700
2019/8/13,51.64015579,1824.339966,188.4499969,1197.27002,312.2799988,52.24250031,1824.339966,188.4499969,1197.27002,312.2799988,53.03499985,1831.73999,191.3800049,1204.780029,316.4299927,50.11999893,1780,185.3699951,1171.459961,308.1600037,50.25500107,1783,185.5200043,1171.459961,309.769989,188874000,3994000,13577000,1294400,5289400
2019/8/14,50.10308838,1762.959961,179.7100067,1164.290039,299.1099854,50.6875,1762.959961,179.7100067,1164.290039,299.1099854,51.61000061,1795.650024,185.9900055,1182.300049,308.4100037,50.64749908,1757.219971,179.3099976,1160.540039,298.0100098,50.79000092,1793.01001,185.8000031,1176.310059,308.0100098,146189600,4893600,18903700,1578700,7355800
2019/8/15,49.85350037,1776.119995,182.5899963,1167.26001,295.7600098,50.43500137,1776.119995,182.5899963,1167.26001,295.7600098,51.28499985,1788,183.1999969,1175.839966,300.6300049,49.91749954,1761.959961,180.0299988,1162.109985,288,50.86500168,1781.98999,180.9499969,1163.5,299.5,108909600,3759100,12925900,1218700,9629200
2019/8/16,51.02977753,1792.569946,183.6999969,1177.599976,302.7999878,51.625,1792.569946,183.6999969,1177.599976,302.7999878,51.79000092,1802.910034,185.1000061,1182.719971,303.5499878,50.95999908,1784.550049,182.3600006,1171.810059,296.269989,51.06999969,1792.890015,183.75,1179.550049,298.8599854,110481600,3018000,12654600,1313300,6905800
2019/8/19,51.9811821,1816.119995,186.1699982,1198.449951,309.3800049,52.58750153,1816.119995,186.1699982,1198.449951,309.3800049,53.18249893,1826,187.5,1206.98999,311.75,52.50749969,1812.609985,184.8500061,1190.089966,304.75,52.65499878,1818.079956,186.0099945,1190.089966,306.25,97654400,2816300,9691200,1231600,4942200
2019/8/20,51.98365402,1801.380005,183.8099976,1182.689941,298.9899902,52.59000015,1801.380005,183.8099976,1182.689941,298.9899902,53.33750153,1816.819946,186,1196.060059,305,52.58000183,1799.880005,182.3899994,1182.109985,297.6799927,52.72000122,1814.5,185.4499969,1195.25,304.5700073,107537200,1929500,10083400,915500,7349900
2019/8/21,52.54708099,1823.540039,183.5500031,1191.25,297.8099976,53.15999985,1823.540039,183.5500031,1191.25,297.8099976,53.41249847,1829.579956,185.8999939,1199,302.8800049,52.90000153,1815,183.1399994,1187.430054,296.2000122,53.24750137,1819.390015,185,1193.150024,301.6099854,86141600,2031800,8398200,740700,5685400
2019/8/22,52.50259781,1804.660034,182.0399933,1189.530029,296.9299927,53.11500168,1804.660034,182.0399933,1189.530029,296.9299927,53.61000061,1829.410034,184.1100006,1198.011963,300.3299866,52.6875,1800.099976,179.9100037,1178.579956,293.1499939,53.29750061,1828,183.4299927,1194.069946,298.6499939,89014800,2653500,10821400,947500,4974200
2019/8/23,50.07590485,1749.619995,177.75,1151.290039,291.4400024,50.65999985,1749.619995,177.75,1151.290039,291.4400024,53.01250076,1804.900024,183.1300049,1194.079956,299.0100098,50.25,1745.22998,176.6600037,1147.75,290.3200073,52.35749817,1793.030029,180.8399963,1181.98999,295,187272000,5270800,17323400,1687000,6324900
2019/8/26,51.0273056,1768.869995,180.3600006,1168.890015,294.980011,51.62250137,1768.869995,180.3600006,1168.890015,294.980011,51.79750061,1770,180.5,1169.469971,296.9500122,51.26499939,1743.51001,178.2400055,1152.959961,292.5,51.46500015,1766.910034,179.3999939,1157.26001,295.2399902,104174400,3080000,8773600,1226100,4695700
2019/8/27,50.45151901,1761.829956,181.3000031,1167.839966,291.0299988,51.04000092,1761.829956,181.3000031,1167.839966,291.0299988,52.13750076,1779.400024,184.0399933,1182.400024,296.769989,50.88249969,1746.680054,181.0099945,1161.449951,287.2000122,51.96500015,1775.72998,181.9299927,1180.530029,294.5400085,103493200,3019700,14399600,1077200,6309400
2019/8/28,50.79007339,1764.25,181.7599945,1171.02002,291.769989,51.38249969,1764.25,181.7599945,1171.02002,291.769989,51.43000031,1767.859985,181.9499969,1176.420044,292.8200073,50.83000183,1744.050049,178.9199982,1157.300049,287.75,51.02500153,1755,180.5299988,1161.709961,289.4700012,63755200,2419700,9386100,802000,3955700
2019/8/29,51.65003967,1786.400024,185.5700073,1192.849976,296.7799988,52.25249863,1786.400024,185.5700073,1192.849976,296.7799988,52.33000183,1798.550049,186.0800018,1196.060059,299.9299927,51.66500092,1777.25,183.4700012,1181.119995,294.9899902,52.125,1783,183.7700043,1181.119995,295,83962000,3015100,10128700,1088400,4388500
2019/8/30,51.58332443,1776.290039,185.6699982,1188.099976,293.75,52.18500137,1776.290039,185.6699982,1188.099976,293.75,52.61249924,1799.73999,186.8000031,1198.5,298.9400024,51.79999924,1764.569946,183.4600067,1183.802979,290.8500061,52.54000092,1797.48999,186.7799988,1198.5,298.7799988,84573600,3058700,10774500,1129800,4446400
2019/9/3,50.83208084,1789.839966,182.3899994,1168.390015,289.2900085,51.42499924,1789.839966,182.3899994,1168.390015,289.2900085,51.74499893,1800.800049,185.6699982,1186.890015,293.8999939,51.05500031,1768,182.1100006,1163.199951,288.0599976,51.60749817,1770,184,1177.030029,290.8200073,80092000,3543000,9779400,1479900,3682800
2019/9/4,51.69452286,1800.619995,187.1399994,1181.410034,291.519989,52.29750061,1800.619995,187.1399994,1181.410034,291.519989,52.36999893,1807.630005,187.75,1183.47998,292.3800049,51.83000183,1796.22998,183.8899994,1171,286.5100098,52.09749985,1805,184.6499939,1176.709961,291.25,76752400,2324100,11308000,1068900,4652500
2019/9/5,52.70523453,1840.719971,190.8999939,1211.380005,293.25,53.31999969,1840.719971,190.8999939,1211.380005,293.25,53.49250031,1842,191.3600006,1213.040039,293.9700012,52.87749863,1815.579956,187.9400024,1191.530029,282.7900085,53,1821.949951,188.5299988,1191.530029,285.3200073,95654800,3310800,13876700,1408100,8966800
2019/9/6,52.70028687,1833.51001,187.4900055,1204.930054,290.1700134,53.31499863,1833.51001,187.4900055,1204.930054,290.1700134,53.60499954,1840.650024,190.2100067,1212.015015,293.3500061,53.12749863,1826.400024,186.3500061,1202.521973,287.0299988,53.51250076,1838.219971,190.2100067,1208.130005,293.3500061,77449200,2496900,15226800,1072100,5166600
2019/9/9,52.9251709,1831.349976,188.7599945,1204.410034,294.3399963,53.54249954,1831.349976,188.7599945,1204.410034,294.3399963,54.11000061,1850,188.9799957,1220,301.5499878,52.76750183,1824.609985,185.8500061,1192.619995,290.6000061,53.70999908,1841,187.7299957,1204,294.8099976,109237600,2999500,14722400,1471900,8232700
2019/9/10,53.55037308,1820.550049,186.1699982,1206,287.9899902,54.17499924,1820.550049,186.1699982,1206,287.9899902,54.19499969,1825.810059,188.1000061,1210,297.1700134,52.92750168,1805.339966,184.5500031,1194.579956,282.6600037,53.46500015,1822.75,187.4400024,1195.150024,291.1600037,127111600,2613900,15455900,1260100,12320200
2019/9/11,55.25301743,1822.98999,188.4900055,1220.170044,288.269989,55.89749908,1822.98999,188.4900055,1220.170044,288.269989,55.92750168,1833.420044,189.4400024,1222.599976,292.6499939,54.43249893,1809.079956,186.0800018,1202.199951,284.6099854,54.51750183,1812.140015,186.4600067,1203.410034,285.7000122,177158400,2432800,11761700,1307000,7405900
2019/9/12,55.12945938,1843.550049,187.4700012,1234.25,288.8599854,55.77249908,1843.550049,187.4700012,1234.25,288.8599854,56.60499954,1853.660034,190.9299927,1241.859985,292.730011,55.71500015,1834.280029,187.2299957,1223.02002,286.6000061,56.20000076,1837.630005,189.8600006,1224.300049,288.1000061,128906800,2823500,11419800,1725900,5010900
2019/9/13,54.05696487,1839.339966,187.1900024,1239.560059,294.1499939,54.6875,1839.339966,187.1900024,1239.560059,294.1499939,55.19749832,1846.119995,187.9700012,1240.880005,296.6199951,54.25500107,1835.170044,186.5399933,1227.01001,290.0400085,55,1842.01001,187.3300018,1231.349976,290.6099854,159053200,1971300,11441100,1301400,6583100
2019/9/16,54.34115219,1807.839966,186.2200012,1231.300049,294.2900085,54.97499847,1807.839966,186.2200012,1231.300049,294.2900085,55.03250122,1825.689941,187.7899933,1239.560059,297.4299927,54.38999939,1800.199951,185.7700043,1225.609985,289.7799988,54.43249893,1824.02002,186.9299927,1229.52002,294.230011,84632400,3675500,8444800,1053300,5307400
2019/9/17,54.53884506,1822.550049,188.0800018,1229.150024,298.6000061,55.17499924,1822.550049,188.0800018,1229.150024,298.6000061,55.20500183,1823.98999,188.3200073,1235,299.1499939,54.77999878,1804.099976,185.5399933,1223.689941,291.7900085,54.99000168,1807.079956,186.6600037,1230.400024,294.5,73274800,1982400,9671100,955100,4777100
2019/9/18,55.05038452,1817.459961,188.1399994,1232.410034,291.5599976,55.69250107,1817.459961,188.1399994,1232.410034,291.5599976,55.71250153,1822.060059,189.0800018,1235.609985,296.0499878,54.86000061,1795.5,186.0099945,1216.530029,287.4500122,55.26499939,1817.040039,188.0899963,1227.51001,294.9899902,101360000,2505600,9681900,1135100,7811100
2019/9/19,54.60310364,1821.5,190.1399994,1238.709961,286.6000061,55.24000168,1821.5,190.1399994,1238.709961,286.6000061,55.93999863,1832.569946,191.1000061,1244.439941,293.8099976,55.09249878,1817.900024,188.1499939,1232.02002,283.3999939,55.50249863,1821.02002,188.6600037,1232.060059,291.5599976,88242400,2031500,10392700,996000,8461300
2019/9/20,53.80490112,1794.160034,189.9299927,1229.930054,270.75,54.43249893,1794.160034,189.9299927,1229.930054,270.75,55.63999939,1830.630005,193.1000061,1243.319946,282.5,54.36750031,1780.920044,188.1199951,1223.079956,266,55.34500122,1821.709961,190.6600037,1233.119995,280.2600098,221652400,5341900,19934200,2270000,23832800
2019/9/23,54.04955673,1785.300049,186.8200073,1234.030029,265.9200134,54.68000031,1785.300049,186.8200073,1234.030029,265.9200134,54.95999908,1792.699951,190.1000061,1239.089966,273.3900146,54.41249847,1767.319946,185.2100067,1224.170044,261.8900146,54.73749924,1777,189.3399963,1226,268.3500061,76662000,2922300,13327600,1062400,13478600
2019/9/24,53.79254913,1741.609985,181.2799988,1218.76001,254.5899963,54.41999817,1741.609985,181.2799988,1218.76001,254.5899963,55.62250137,1795.709961,188.0399933,1246.73999,265,54.29750061,1735.550049,180.3899994,1210.680054,252.2799988,55.25749969,1790.609985,187.9799957,1240,262.5,124763200,4616000,18546600,1583200,16338200
2019/9/25,54.62039566,1768.329956,182.8000031,1246.52002,264.75,55.25749969,1768.329956,182.8000031,1246.52002,264.75,55.375,1773,183.4199982,1248.300049,266.6000061,54.28499985,1723,177.8699951,1210.089966,253.6999969,54.63750076,1747.359985,181.4499969,1215.819946,255.7100067,87613600,3493200,18068300,1453000,11643800
2019/9/26,54.33868408,1739.839966,180.1100006,1241.390015,263.3099976,54.97249985,1739.839966,180.1100006,1241.390015,263.3099976,55.23500061,1763.369995,181.3999939,1245,268.0499878,54.70750046,1731.5,177.6699982,1232.267944,260.2000122,55,1762.790039,181.3300018,1241.959961,266.4200134,75334000,3536800,16083300,1538000,7684000
2019/9/27,54.07426834,1725.449951,177.1000061,1225.089966,263.0799866,54.70500183,1725.449951,177.1000061,1225.089966,263.0799866,55.24000168,1749.119995,180.7599945,1244.02002,267.4400024,54.31999969,1713.819946,175.6600037,1214.449951,260.3900146,55.13499832,1748,180.4900055,1243.01001,266.1799927,101408000,3907200,14656200,1353900,7328300
2019/9/30,55.34692001,1735.910034,178.0800018,1219,267.6199951,55.99250031,1735.910034,178.0800018,1219,267.6199951,56.14500046,1737.459961,178.6699982,1226,268.8800049,55.19749832,1709.219971,176.8500061,1212.300049,262.7799988,55.22499847,1726.98999,177.8699951,1220.969971,264,103909600,2644700,10740000,1404100,6727200
2019/10/1,55.50013351,1735.650024,175.8099976,1205.099976,269.5799866,56.14749908,1735.650024,175.8099976,1205.099976,269.5799866,57.05500031,1755.599976,179.8399963,1231.22998,272.2000122,56.04999924,1728.410034,174.8800049,1203.579956,264.0299988,56.26750183,1746,179.1499939,1219,267.3500061,139223200,3084500,17073000,1273500,8650300
2019/10/2,54.10886383,1713.22998,174.6000061,1176.630005,268.0299988,54.74000168,1713.22998,174.6000061,1176.630005,268.0299988,55.89500046,1728.890015,176.5299988,1196.97998,269.3500061,54.48249817,1705,173.0899963,1171.290039,262.1900024,55.76499939,1727.73999,174.8399963,1196.97998,263.6099854,138449200,3301100,16151700,1615100,7659100
2019/10/3,54.5684967,1724.420044,179.3800049,1187.829956,268.1499939,55.20500183,1724.420044,179.3800049,1187.829956,268.1499939,55.24000168,1725,179.8399963,1189.060059,268.8399963,53.78250122,1685.060059,173.6300049,1162.430054,257.0100098,54.60749817,1713,175.5700073,1180,267.7799988,114426000,3468200,16086300,1621200,8951000
2019/10/4,56.09815598,1739.650024,180.4499969,1209,272.7900085,56.75249863,1739.650024,180.4499969,1209,272.7900085,56.87250137,1740.579956,180.9799957,1211.439941,275.480011,55.97249985,1719.22998,178.1000061,1189.170044,266.4700012,56.40999985,1726.02002,179.5500031,1191.890015,268.2000122,138478800,2471900,10430200,1162400,9890400
2019/10/7,56.11051559,1732.660034,179.6799927,1207.680054,274.4599915,56.76499939,1732.660034,179.6799927,1207.680054,274.4599915,57.48249817,1747.829956,181.1799927,1218.203979,276.6799927,56.45999908,1723.699951,178.0899963,1203.75,271.2799988,56.56750107,1731.630005,180,1204.400024,271.9899902,122306000,2154700,9178300,842900,6525600
2019/10/8,55.45317841,1705.51001,177.75,1189.130005,270.7200012,56.09999847,1705.51001,177.75,1189.130005,270.7200012,57.01499939,1727,180.3699951,1206.079956,275.5299988,56.08250046,1705,177.7200012,1189.01001,270.6400146,56.45500183,1722.48999,178.2599945,1197.589966,273.0299988,111820000,2542000,9466900,1039300,6276400
2019/10/9,56.10309982,1721.98999,179.8500061,1202.310059,267.5299988,56.75749969,1721.98999,179.8500061,1202.310059,267.5299988,56.94749832,1729.949951,180.7200012,1208.349976,271,56.40999985,1714.359985,177.9400024,1197.630005,264.5700073,56.75749969,1719.609985,179.1600037,1199.349976,270.019989,74770400,2043500,7556900,867700,6794400
2019/10/10,56.85928345,1720.26001,180.0299988,1208.670044,280.480011,57.52249908,1720.26001,180.0299988,1208.670044,280.480011,57.61000061,1738.290039,181.6100006,1215,280.5299988,56.82500076,1713.75,179.1699982,1197.339966,265.0299988,56.98249817,1725.23999,180.3200073,1198.579956,265.9700012,113013600,2575200,8605000,846600,10809100
2019/10/11,58.37164307,1731.920044,184.1900024,1215.449951,282.9299927,59.05250168,1731.920044,184.1900024,1215.449951,282.9299927,59.40999985,1745.449951,186.4900055,1228.390015,287.8699951,58.07749939,1729.859985,182.1399994,1213.73999,282.3399963,58.23749924,1742.920044,182.1499939,1222.209961,284.7999878,166795600,3255000,14930500,1272700,8786100
2019/10/14,58.28762054,1736.430054,183.2799988,1217.140015,285.5299988,58.96749878,1736.430054,183.2799988,1217.140015,285.5299988,59.53250122,1741.890015,184.6199951,1226.329956,286.9299927,58.66749954,1722,182.5700073,1211.76001,282,58.72499847,1728.910034,184.1999969,1212.339966,283.9299927,96427600,1910200,7006000,867500,5513200
2019/10/15,58.15171051,1767.380005,188.8899994,1243.01001,284.25,58.83000183,1767.380005,188.8899994,1243.01001,284.25,59.41249847,1776.449951,190.3800049,1247.329956,285.8699951,58.72000122,1740.619995,183.6600037,1220.400024,279.3999939,59.09749985,1742.140015,183.8000031,1220.400024,283.8200073,87360000,3111700,15039100,1381700,7685600
2019/10/16,57.91694641,1777.430054,189.5500031,1243.640015,286.2799988,58.59249878,1777.430054,189.5500031,1243.640015,286.2799988,58.81000137,1786.23999,189.6999969,1254.73999,288.1700134,58.29999924,1770.52002,186.8999939,1238.449951,280.7399902,58.34249878,1773.329956,188.3200073,1241.170044,283.1199951,73903200,2763400,10516900,1094600,16175900
2019/10/17,58.141819,1787.47998,190.3899994,1253.069946,293.3500061,58.81999969,1787.47998,190.3899994,1253.069946,293.3500061,59.03749847,1798.849976,190.8399963,1263.324951,308.75,58.38000107,1782.02002,188.7700043,1249.939941,288.2999878,58.77249908,1796.48999,190.3000031,1250.930054,304.4899902,67585200,2647400,9603000,952400,38258900
2019/10/18,58.42106628,1757.51001,185.8500061,1245.48999,275.2999878,59.10250092,1757.51001,185.8500061,1245.48999,275.2999878,59.39500046,1793.97998,191.4900055,1258.890015,290.8999939,58.57249832,1749.199951,183.9199982,1241.079956,273.3599854,58.64749908,1787.800049,190.2299957,1253.459961,289.3599854,97433600,3362500,16874200,1352800,23429900
2019/10/21,59.43424606,1785.660034,189.7599945,1246.150024,278.0499878,60.12749863,1785.660034,189.7599945,1246.150024,278.0499878,60.24750137,1785.880005,189.9100037,1254.629028,279.9400024,59.33000183,1765,186.75,1240.599976,269,59.38000107,1769.660034,187.0399933,1252.26001,272.8900146,87247200,2130400,8122600,1027200,12599200
2019/10/22,59.29833603,1765.72998,182.3399963,1242.800049,266.6900024,59.99000168,1765.72998,182.3399963,1242.800049,266.6900024,60.54999924,1789.780029,190.6499939,1250.599976,275.4100037,59.90499878,1762,181.5,1241.380005,265.7999878,60.29000092,1788.150024,190,1247.849976,271.1600037,82293600,2111700,19537600,1023800,11802400
2019/10/23,60.09404755,1762.170044,186.1499939,1259.130005,271.269989,60.79499817,1762.170044,186.1499939,1259.130005,271.269989,60.81000137,1770.050049,186.3800049,1259.890015,273.9200134,60.30500031,1742,182,1242.359985,266.6300049,60.52500153,1761.300049,182.0099945,1242.359985,268.0599976,75828800,2138200,12300400,911500,7133500
2019/10/24,60.19289398,1780.780029,186.3800049,1260.98999,271.5,60.89500046,1780.780029,186.3800049,1260.98999,271.5,61.20000076,1788.339966,186.7299957,1264,274.019989,60.45249939,1760.27002,182.8000031,1253.714966,268.7999878,61.12749863,1771.089966,184.6199951,1260.900024,271.8099976,69275200,4446100,11413500,1028100,4827400
2019/10/25,60.93425369,1761.329956,187.8899994,1265.130005,276.8200073,61.64500046,1761.329956,187.8899994,1265.130005,276.8200073,61.68249893,1764.209961,189,1269.599976,277.769989,60.72000122,1695,185.0899963,1250.01001,270.1799927,60.79000092,1697.550049,185.8300018,1251.030029,270.6799927,73477200,9626400,8061200,1213100,4747800
2019/10/28,61.54462814,1777.079956,189.3999939,1290,281.8599854,62.26250076,1777.079956,189.3999939,1290,281.8599854,62.3125,1778.699951,189.5299988,1299.310059,285.75,61.68000031,1742.5,185.0800018,1272.540039,277.3500061,61.85499954,1748.060059,187.1999969,1275.449951,278.0499878,96572800,3708900,13657900,2613200,6248400
2019/10/29,60.12123108,1762.709961,189.3099976,1262.619995,281.2099915,60.82249832,1762.709961,189.3099976,1262.619995,281.2099915,62.4375,1777,192.5299988,1281.589966,284.4100037,60.64250183,1755.810059,188.4700012,1257.212036,277.5499878,62.24250031,1774.810059,191.6900024,1276.22998,281.8699951,142839600,2276900,13574900,1886400,4356200
2019/10/30,60.11381531,1779.98999,188.25,1261.290039,291.4500122,60.81499863,1779.98999,188.25,1261.290039,291.4500122,61.32500076,1782.380005,190.4499969,1269.359985,293.4899902,60.30250168,1759.119995,185.9799957,1252,283,61.18999863,1760.23999,189.5599976,1252.969971,284.3399963,124522000,2449400,28734600,1408900,9345600
2019/10/31,61.47296143,1776.660034,191.6499939,1260.109985,287.4100037,62.18999863,1776.660034,191.6499939,1260.109985,287.4100037,62.29249954,1792,198.0899963,1267.670044,291.4500122,59.31499863,1771.47998,188.25,1250.843018,284.7799988,61.81000137,1775.98999,196.6999969,1261.280029,291,139162000,2781200,42286500,1455700,5090000
2019/11/1,63.21761703,1791.439941,193.6199951,1273.73999,286.8099976,63.95500183,1791.439941,193.6199951,1273.73999,286.8099976,63.98249817,1797.449951,194.1100006,1274.619995,289.1199951,62.29000092,1785.209961,189.9100037,1260.5,283.019989,62.38499832,1788.01001,192.8500061,1265,288.7000122,151125200,2790400,21711800,1670100,5594300
2019/11/4,63.63276672,1804.660034,194.7200012,1291.369995,292.8599854,64.375,1804.660034,194.7200012,1291.369995,292.8599854,64.46250153,1815.060059,197.3699951,1294.130005,295.3900146,63.84500122,1801.01001,193.8099976,1276.35498,287.1600037,64.33249664,1801.01001,194.5500031,1276.449951,288,103272000,2771900,16371300,1501000,5566200
2019/11/5,63.54134369,1801.709961,194.3200073,1292.030029,288.0299988,64.28250122,1801.709961,194.3200073,1292.030029,288.0299988,64.54750061,1810.25,195.75,1298.930054,291.1900024,64.08000183,1794,193.6000061,1291.229004,286.3099976,64.26249695,1809.160034,195.3699951,1292.890015,289.9899902,79897600,1885500,9942000,1282700,4062400
2019/11/6,63.56851959,1795.77002,191.5500031,1291.800049,288.5899963,64.30999756,1795.77002,191.5500031,1291.800049,288.5899963,64.37249756,1802.5,194.3699951,1293.72998,290.5599976,63.84249878,1788.579956,191.3500061,1282.5,285.8399963,64.19249725,1801,194.0299988,1289.459961,288.1900024,75864400,2029800,10973000,1153000,3438300
2019/11/7,64.30218506,1788.199951,190.4199982,1308.859985,289.5700073,64.85749817,1788.199951,190.4199982,1308.859985,289.5700073,65.08750153,1805.900024,193.4400024,1323.73999,298.1900024,64.52749634,1783.47998,189.4700012,1294.244995,288.269989,64.68499756,1803.76001,191.9100037,1294.280029,290.7000122,94940400,2651100,13473000,2030000,5928500
2019/11/8,64.47816467,1785.880005,190.8399963,1311.369995,291.5700073,65.03500366,1785.880005,190.8399963,1311.369995,291.5700073,65.11000061,1789.880005,192.3399963,1318,293.9899902,64.21250153,1774.040039,189.6999969,1304.36499,287.5100098,64.67250061,1787.890015,190,1305.280029,288.730011,69986400,2123300,10760800,1251400,4509000
2019/11/11,64.98876953,1771.650024,189.6100006,1299.189941,294.1799927,65.55000305,1771.650024,189.6100006,1299.189941,294.1799927,65.61750031,1780,190.0800018,1306.425049,296.3599854,64.56999969,1767.130005,188.5399933,1297.410034,288.5,64.57499695,1778,189.9299927,1303.180054,289.1600037,81821200,1946000,8631200,1011900,3944300
2019/11/12,64.92926788,1778,194.4700012,1298.800049,292.0100098,65.48999786,1778,194.4700012,1298.800049,292.0100098,65.69750214,1786.219971,195.0599976,1310,295.3500061,65.23000336,1771.910034,189.7400055,1295.77002,288.7000122,65.38749695,1774.660034,190,1300,295.3200073,87388800,2037600,17615500,1085900,5772800
2019/11/13,65.55139923,1753.109985,193.1900024,1298,283.1099854,66.11750031,1753.109985,193.1900024,1298,283.1099854,66.19499969,1775,195.6999969,1304.300049,293.4100037,65.26750183,1747.319946,192.7400055,1293.51001,281.1400146,65.28250122,1773.390015,194.6999969,1294.069946,291.0299988,102734400,2989500,10860700,826700,9158900
2019/11/14,65.09781647,1754.599976,193.1499939,1311.459961,289.6199951,65.66000366,1754.599976,193.1499939,1311.459961,289.6199951,66.22000122,1766.589966,194.0299988,1317,290.6300049,65.52500153,1749.560059,191.4499969,1295.650024,283.2200012,65.9375,1751.430054,192.9299927,1297.5,283.25,89182800,2264800,9040500,1193500,6529000
2019/11/15,65.87113953,1739.48999,195.1000061,1334.869995,295.0299988,66.44000244,1739.48999,195.1000061,1334.869995,295.0299988,66.44499969,1761.680054,195.3000031,1334.880005,295.8200073,65.75250244,1732.859985,193.3800049,1314.280029,287.5700073,65.91999817,1760.050049,194.2599945,1318.939941,290.5899963,100206400,3927600,11524300,1782600,6333800
2019/11/18,66.20326996,1752.530029,197.3999939,1320.699951,302.5700073,66.77500153,1752.530029,197.3999939,1320.699951,302.5700073,66.85749817,1753.699951,198.6300049,1335.529053,304.9899902,66.05750275,1722.709961,193.0500031,1317.5,293.2799988,66.44999695,1738.300049,194.5599976,1332.219971,296,86703200,2839500,16167200,1487400,8616600
2019/11/19,66.00250244,1752.790039,199.3200073,1315.459961,302.6000061,66.57250214,1752.790039,199.3200073,1315.459961,302.6000061,67,1760.680054,200,1327.699951,305.6700134,66.34750366,1743.030029,196.8600006,1312.800049,298.519989,66.97499847,1756.98999,197.3999939,1327.699951,304.0100098,76167200,2270800,19056800,1269200,5918000
2019/11/20,65.23414612,1745.530029,197.5099945,1303.050049,305.1600037,65.79750061,1745.530029,197.5099945,1303.050049,305.1600037,66.51999664,1762.52002,199.5899963,1315,308.25,65.09999847,1734.119995,195.4299927,1291.150024,301,66.38500214,1749.140015,198.5800018,1311.73999,301.0100098,106234400,2790000,12355400,1308600,5111800
2019/11/21,64.94166565,1734.709961,197.9299927,1301.349976,311.6900024,65.50250244,1734.709961,197.9299927,1301.349976,311.6900024,66.00250244,1746.869995,199.0899963,1312.589966,312.6900024,65.29499817,1730.359985,196.8600006,1293,304.2600098,65.92250061,1743,197.4199982,1301.47998,306,121395200,2662900,12131000,995500,7488400
2019/11/22,64.88465118,1745.719971,198.8200073,1295.339966,310.480011,65.44499969,1745.719971,198.8200073,1295.339966,310.480011,65.79499817,1746.430054,199.3000031,1308.72998,311.3999939,65.20999908,1731,197.6199951,1291.410034,304.4100037,65.64749908,1739.02002,198.3800049,1305.619995,309.1000061,65325200,2479100,9959800,1385700,5970100
2019/11/25,66.02232361,1773.839966,199.7899933,1306.689941,315.5499878,66.59249878,1773.839966,199.7899933,1306.689941,315.5499878,66.61000061,1777.420044,200.9700012,1311.310059,315.730011,65.62999725,1753.23999,199.25,1298.130005,305.25,65.67749786,1753.25,199.5200043,1299.180054,308.8299866,84020400,3486200,15272300,1036200,7873900
2019/11/26,65.50679016,1796.939941,198.9700012,1313.550049,312.4899902,66.07250214,1796.939941,198.9700012,1313.550049,312.4899902,66.79000092,1797.030029,200.1499939,1314.800049,316.5,65.625,1778.349976,198.0399933,1305.089966,311.6900024,66.73500061,1779.920044,200,1309.859985,315,105207600,3181200,11735500,1069700,5321000
2019/11/27,66.3866806,1818.51001,202,1312.98999,315.9299927,66.95999908,1818.51001,202,1312.98999,315.9299927,66.99500275,1824.5,203.1399994,1318.359985,316.8200073,66.32749939,1797.310059,199.4199982,1309.630005,312.75,66.39499664,1801,199.8999939,1315,313.9299927,65235600,3025600,12736600,995600,4096900
2019/11/29,66.240448,1800.800049,201.6399994,1304.959961,314.6600037,66.8125,1800.800049,201.6399994,1304.959961,314.6600037,67,1824.689941,203.8000031,1310.204956,316.6199951,66.47499847,1800.790039,201.2100067,1303.969971,313.3399963,66.65000153,1817.780029,201.6000061,1307.119995,315.7799988,46617600,1923400,7985200,587000,2411700
2019/12/2,65.4745636,1781.599976,199.6999969,1289.920044,309.9899902,66.04000092,1781.599976,199.6999969,1289.920044,309.9899902,67.0625,1805.550049,202.1799927,1305.829956,314.3900146,65.86250305,1762.680054,198.0500031,1281,303.75,66.81749725,1804.400024,202.1300049,1301,314.3900146,94487200,3925600,11503400,1510900,6218800
2019/12/3,64.30715179,1769.959961,198.8200073,1295.280029,306.1600037,64.86250305,1769.959961,198.8200073,1295.280029,306.1600037,64.88249969,1772.869995,198.9299927,1298.46106,307.3599854,64.07250214,1747.22998,195.0800018,1279,301.8800049,64.57749939,1760,197.6000061,1279.569946,302.2200012,114430400,3380900,11595300,1143800,4992800
2019/12/4,64.8747406,1760.689941,198.7100067,1320.540039,304.3200073,65.43499756,1760.689941,198.7100067,1320.540039,304.3200073,65.82749939,1789.089966,200.0299988,1325.800049,308.4299927,65.16999817,1760.219971,198.0500031,1304.869995,303.269989,65.26750183,1774.01001,200,1307.01001,308.4299927,67181600,2670100,8456300,1537500,3512100
2019/12/5,65.82652283,1740.47998,199.3600006,1328.130005,302.8599854,66.39499664,1740.47998,199.3600006,1328.130005,302.8599854,66.47250366,1763.5,201.2899933,1329.358032,306.480011,65.68250275,1740,198.2100067,1316.439941,298.8099976,65.94750214,1763.5,199.8600006,1328,305.269989,74424400,2823800,9740400,1212700,4615500
2019/12/6,67.09803009,1751.599976,201.0500031,1340.619995,307.3500061,67.67749786,1751.599976,201.0500031,1340.619995,307.3500061,67.75,1754.400024,201.5700073,1344,307.8500061,66.82499695,1740.130005,200.0599976,1333.439941,302.6000061,66.87000275,1751.199951,200.5,1333.439941,304.7000122,106075600,3117400,12270600,1314800,4457800
2019/12/9,66.15865326,1749.51001,201.3399963,1343.560059,302.5,66.73000336,1749.51001,201.3399963,1343.560059,302.5,67.69999695,1766.890015,203.1399994,1359.449951,311.4899902,66.22750092,1745.609985,200.2100067,1337.839966,302.4400024,67.5,1750.660034,200.6499939,1338.040039,307.3500061,128042400,2442800,11954800,1354300,5748400
2019/12/10,66.5453186,1739.209961,200.8699951,1344.660034,293.1199951,67.12000275,1739.209961,200.8699951,1344.660034,293.1199951,67.51750183,1750.670044,202.0500031,1349.974976,298.9400024,66.46499634,1735,200.1499939,1336.040039,292.019989,67.15000153,1747.400024,201.6600037,1341.5,296.1199951,90420400,2514300,9475700,1094100,10476100
2019/12/11,67.11291504,1748.719971,202.2599945,1345.02002,298.9299927,67.69249725,1748.719971,202.2599945,1345.02002,298.9299927,67.77500153,1750,202.6300049,1351.199951,299.4299927,67.125,1735.709961,200.2799988,1342.670044,294.2000122,67.20249939,1741.670044,200.2799988,1350.839966,294.4899902,78756800,2097600,8036800,850400,5589800
2019/12/12,67.28392792,1760.329956,196.75,1350.27002,298.4400024,67.86499786,1760.329956,196.75,1350.27002,298.4400024,68.13999939,1764,203.6600037,1355.775024,299.1700134,66.83000183,1745.439941,194.1000061,1340.5,295.0599976,66.94499969,1750,202.3500061,1345.939941,295.6700134,137310400,3095900,23734800,1281000,4766600
2019/12/13,68.19853973,1760.939941,194.1100006,1347.829956,298.5,68.78749847,1760.939941,194.1100006,1347.829956,298.5,68.82499695,1768.98999,196.8000031,1353.093018,301.7999878,67.73249817,1755,193.1699982,1343.869995,297.25,67.86499786,1765,196.3999939,1347.949951,298.5,133587600,2745700,18798000,1549600,3879700
2019/12/16,69.36595154,1769.209961,197.9199982,1361.170044,304.2099915,69.96499634,1769.209961,197.9199982,1361.170044,304.2099915,70.19750214,1769.5,199.1199951,1364.680054,305.7099915,69.24500275,1757.050049,194.8099976,1352.670044,298.6300049,69.25,1767,195.2700043,1356.5,300.8500061,128186000,3145200,14911500,1397300,4658900
2019/12/17,69.50227356,1790.660034,198.3899994,1355.119995,315.480011,70.10250092,1790.660034,198.3899994,1355.119995,315.480011,70.44249725,1792,199,1365,316.7999878,69.69999695,1777.390015,196.1300049,1351.322998,306.6000061,69.89250183,1778.01001,198.8399963,1362.890015,307.3599854,114158400,3644400,10175700,1854000,10427100
2019/12/18,69.33621216,1784.030029,202.5,1352.619995,320.7999878,69.93499756,1784.030029,202.5,1352.619995,320.7999878,70.47499847,1798.199951,204.3000031,1360.469971,325.3599854,69.77999878,1782.359985,200.0899963,1351,315.6000061,69.94999695,1795.02002,200.0899963,1356.599976,316.2600098,116028400,3351400,23274400,1522600,11207400
2019/12/19,69.40560913,1792.280029,206.0599976,1356.040039,332.2200012,70.00499725,1792.280029,206.0599976,1356.040039,332.2200012,70.29499817,1792.98999,206.3000031,1358.099976,332.8299866,69.73750305,1774.060059,202.5099945,1348.984985,324.1799927,69.875,1780.5,202.7799988,1351.819946,324.5,98369200,2652800,16514600,1469900,9822300
2019/12/20,69.26185608,1786.5,206.3000031,1349.589966,336.8999939,69.86000061,1786.5,206.3000031,1349.589966,336.8999939,70.66249847,1802.969971,207.7100067,1363.640015,338,69.63999939,1782.449951,203.4299927,1349,330.6000061,70.55750275,1799.619995,207.4799957,1363.349976,335,275978000,5150800,27306900,3315000,9914900
2019/12/23,70.39208984,1793,206.1799927,1348.839966,333.1000061,71,1793,206.1799927,1348.839966,333.1000061,71.0625,1793,208.5899963,1359.800049,337.9500122,70.09249878,1784.51001,205.6799927,1346.51001,331.019989,70.13249969,1788.26001,206.6999969,1355.869995,337.7600098,98572000,2136400,13348900,883100,5765300
2019/12/24,70.45900726,1789.209961,205.1199951,1343.560059,333.2000122,71.06749725,1789.209961,205.1199951,1343.560059,333.2000122,71.22250366,1795.569946,206.7899933,1350.26001,335.7000122,70.73000336,1787.579956,205,1342.780029,331.6000061,71.17250061,1793.810059,206.3000031,1348.5,334.0100098,48478800,881300,6046300,347500,2019300
2019/12/26,71.85694122,1868.77002,207.7899933,1360.400024,332.6300049,72.47750092,1868.77002,207.7899933,1360.400024,332.6300049,72.49500275,1870.459961,207.8200073,1361.327026,336.4599915,71.17500305,1799.5,205.3099976,1344.469971,332.0100098,71.20500183,1801.01001,205.5700073,1346.170044,334.6000061,93121200,6005400,9350700,667500,3589900
2019/12/27,71.82967377,1869.800049,208.1000061,1351.890015,329.0899963,72.44999695,1869.800049,208.1000061,1351.890015,329.0899963,73.49250031,1901.400024,208.9299927,1364.530029,333.8200073,72.02999878,1866.01001,206.5899963,1349.310059,326.0100098,72.77999878,1882.920044,208.6699982,1362.98999,332.9599915,146266000,6186600,10284200,1038400,5036100
2019/12/30,72.2559967,1846.890015,204.4100037,1336.140015,323.3099976,72.87999725,1846.890015,204.4100037,1336.140015,323.3099976,73.17250061,1884,207.8999939,1353,329.1900024,71.30500031,1840.619995,203.8999939,1334.02002,322.8599854,72.36499786,1874,207.8600006,1350,329.0799866,144114400,3674700,10524300,1050900,4311500
2019/12/31,72.78393555,1847.839966,205.25,1337.02002,323.5700073,73.41249847,1847.839966,205.25,1337.02002,323.5700073,73.41999817,1853.26001,205.5599976,1338,324.9200134,72.37999725,1832.22998,203.6000061,1329.084961,321.0899963,72.48249817,1842,204,1330.109985,322,100805600,2506500,8953500,961800,3713300
2020/1/2,74.44460297,1898.01001,209.7799988,1367.369995,329.8099976,75.08750153,1898.01001,209.7799988,1367.369995,329.8099976,75.15000153,1898.01001,209.7899933,1368.140015,329.980011,73.79750061,1864.150024,206.2700043,1341.550049,324.7799988,74.05999756,1875,206.75,1341.550049,326.1000061,135480400,4029000,12077100,1406600,4485800
2020/1/3,73.72084045,1874.969971,208.6699982,1360.660034,325.8999939,74.35749817,1874.969971,208.6699982,1360.660034,325.8999939,75.14499664,1886.199951,210.3999939,1372.5,329.8599854,74.125,1864.5,206.9499969,1345.543945,325.5299988,74.28749847,1864.5,207.2100067,1347.859985,326.7799988,146322800,3764400,11188400,1186400,3806900
2020/1/6,74.30826569,1902.880005,212.6000061,1394.209961,335.8299866,74.94999695,1902.880005,212.6000061,1394.209961,335.8299866,74.98999786,1903.689941,212.7799988,1396.5,336.3599854,73.1875,1860,206.5200043,1350,321.2000122,73.44750214,1860,206.6999969,1350,323.1199951,118387200,4061800,17058900,1732300,5663100
2020/1/7,73.95879364,1906.859985,213.0599976,1393.339966,330.75,74.59750366,1906.859985,213.0599976,1393.339966,330.75,75.22499847,1913.890015,214.5800018,1402.98999,336.7000122,74.37000275,1892.040039,211.75,1390.380005,330.2999878,74.95999908,1904.5,212.8200073,1397.939941,336.4700012,108872000,4044900,14912400,1502700,4703200
2020/1/8,75.14852142,1891.969971,215.2200012,1404.319946,339.2600098,75.79750061,1891.969971,215.2200012,1404.319946,339.2600098,76.11000061,1911,216.2400055,1411.579956,342.7000122,74.29000092,1886.439941,212.6100006,1390.839966,331.0499878,74.29000092,1898.040039,213,1392.079956,331.4899902,132079200,3508000,13475000,1528000,7104500
2020/1/9,76.74472809,1901.050049,218.3000031,1419.829956,335.6600037,77.40750122,1901.050049,218.3000031,1419.829956,335.6600037,77.60749817,1917.819946,218.3800049,1427.329956,343.4200134,76.55000305,1895.800049,216.2799988,1410.27002,334.6099854,76.80999756,1909.890015,217.5399933,1420.569946,342,170108400,3167300,12642800,1500900,4709300
2020/1/10,76.91822052,1883.160034,218.0599976,1429.72998,329.0499878,77.58249664,1883.160034,218.0599976,1429.72998,329.0499878,78.16750336,1906.939941,219.8800049,1434.928955,338.5,77.0625,1880,217.4199982,1418.349976,327.269989,77.65000153,1905.369995,219.1999969,1427.560059,337.1300049,140644800,2853700,12119400,1820700,4718300
2020/1/13,78.56153107,1891.300049,221.9100037,1439.22998,338.9200134,79.23999786,1891.300049,221.9100037,1439.22998,338.9200134,79.26750183,1898,221.9700012,1440.52002,340.8500061,77.78749847,1880.800049,219.2100067,1426.02002,331.5100098,77.91000366,1891.310059,219.6000061,1436.130005,331.7999878,121532000,2780800,14463400,1652300,6290000
2020/1/14,77.5007019,1869.439941,219.0599976,1430.880005,338.6900024,78.16999817,1869.439941,219.0599976,1430.880005,338.6900024,79.39250183,1887.109985,222.3800049,1441.800049,345.3800049,78.04250336,1858.550049,218.6300049,1428.369995,335.519989,79.17500305,1885.880005,221.6100006,1439.01001,344.3999939,161954400,3440900,13288900,1558900,7199400
2020/1/15,77.16856384,1862.02002,221.1499939,1439.199951,339.0700073,77.83499908,1862.02002,221.1499939,1439.199951,339.0700073,78.875,1878.859985,221.6799927,1441.39502,343.1700134,77.38749695,1855.089966,220.1399994,1430.209961,336.6000061,77.96250153,1872.25,220.6100006,1430.209961,338.6799927,121923600,2896600,10036500,1282700,5158000
2020/1/16,78.13522339,1877.939941,221.7700043,1451.699951,338.6199951,78.80999756,1877.939941,221.7700043,1451.699951,338.6199951,78.92500305,1885.589966,222.6300049,1451.98999,343.5599976,78.02249908,1866.02002,220.3899994,1440.920044,335.8500061,78.39749908,1882.98999,222.5700073,1447.439941,343.5,108829200,2659500,10015300,1173700,5016000
2020/1/17,79.00024414,1864.719971,222.1399994,1480.390015,339.6700134,79.68250275,1864.719971,222.1399994,1480.390015,339.6700134,79.68499756,1886.640015,222.2899933,1481.295044,341.5700073,78.75,1857.25,220.5299988,1458.219971,337.3800049,79.06749725,1885.890015,222.0299988,1462.910034,341,137816400,3997300,15905900,2396200,6066500
2020/1/21,78.4648819,1892,221.4400024,1484.400024,338.1099854,79.14250183,1892,221.4400024,1484.400024,338.1099854,79.75499725,1894.27002,222.3699951,1491.849976,341,79,1860,219.1199951,1471.199951,332.5899963,79.29750061,1865,222.1600037,1479.119995,340,110843200,3707800,14275800,2036700,14350300
2020/1/22,78.74495697,1887.459961,221.3200073,1485.949951,326,79.42500305,1887.459961,221.3200073,1485.949951,326,79.99749756,1902.5,222.75,1503.213989,336.2999878,79.32749939,1883.339966,221.2799988,1484.930054,323.6000061,79.64499664,1896.089966,222.3099976,1491,332.5499878,101832400,3216300,12212800,1610800,21730000
2020/1/23,79.12418365,1884.579956,219.7599945,1486.650024,349.6000061,79.80750275,1884.579956,219.7599945,1486.650024,349.6000061,79.88999939,1889.97998,221.4900055,1495.52002,349.8800049,78.91249847,1872.76001,219.2700043,1482.099976,325.0100098,79.48000336,1885.109985,220.75,1487.640015,326.0400085,104472000,2484600,11195000,1351200,18200300
2020/1/24,78.89614868,1861.640015,217.9400024,1466.709961,353.1600037,79.57749939,1861.640015,217.9400024,1466.709961,353.1600037,80.83249664,1894.98999,221.7799988,1495.494995,359.8500061,79.37999725,1847.439941,216.1100006,1465.25,345.8800049,80.0625,1891.369995,220.8000031,1493.589966,348.4599915,146537600,3766200,11905800,1784600,17939700
2020/1/27,76.57618713,1828.339966,214.8699951,1433.900024,342.8800049,77.23750305,1828.339966,214.8699951,1433.900024,342.8800049,77.94249725,1841,216.0599976,1438.069946,351.8999939,76.22000122,1815.339966,212.5,1421.199951,341.019989,77.51499939,1820,213.1000061,1431,345.9500122,161940000,3528500,13810700,1755200,7709500
2020/1/28,78.74247742,1853.25,217.7899933,1452.560059,348.519989,79.42250061,1853.25,217.7899933,1452.560059,348.519989,79.59999847,1858.109985,218.7400055,1456,352.3999939,78.04750061,1830.02002,213.5200043,1432.469971,342.7799988,78.15000153,1840.5,216.1399994,1443,345.8800049,162234000,2808000,13413800,1577400,6821600
2020/1/29,80.39074707,1858,223.2299957,1458.630005,343.1600037,81.08499908,1858,223.2299957,1458.630005,343.1600037,81.96250153,1874.75,224.1999969,1465.430054,349.3999939,80.34500122,1855.02002,218.4499969,1446.73999,338.5499878,81.11250305,1864,221.4400024,1458.800049,349,216229200,2088000,33181300,1077700,7643500
2020/1/30,80.27424622,1870.680054,209.5299988,1455.839966,347.7399902,80.96749878,1870.680054,209.5299988,1455.839966,347.7399902,81.02249908,1872.869995,211.4299927,1457.280029,348.2000122,79.6875,1850.609985,204.75,1436.400024,339.25,80.13500214,1858,206.5299988,1439.959961,341.1000061,126743200,6327400,48775500,1339400,5328100
2020/1/31,76.71498871,2008.719971,201.9100037,1434.22998,345.0899963,77.37750244,2008.719971,201.9100037,1434.22998,345.0899963,80.66999817,2055.719971,208.6900024,1470.130005,347.3900146,77.07250214,2002.27002,201.0599976,1428.530029,340.980011,80.23249817,2051.469971,208.4299927,1468.900024,347.3900146,199588400,15567300,31359900,2417200,5230000
2020/2/3,76.50431061,2004.199951,204.1900024,1485.939941,358,77.16500092,2004.199951,204.1900024,1485.939941,358,78.37249756,2048.5,205.1399994,1490,359.6300049,75.55500031,2000.25,202.5,1458.98999,346.2799988,76.07499695,2010.599976,203.4400024,1462,347.2399902,173985600,5899100,15495600,3036800,6674900
2020/2/4,79.02999878,2049.669922,209.8300018,1447.069946,369.0100098,79.71250153,2049.669922,209.8300018,1447.069946,369.0100098,79.91000366,2059.800049,210.6000061,1469.5,369.5700073,78.40750122,2015.369995,205.1999969,1426.300049,356.1000061,78.82749939,2029.880005,206.6199951,1457.069946,361,136616400,5289300,19628900,3933000,7161500
2020/2/5,79.67443848,2039.869995,210.1100006,1448.22998,369.6700134,80.36250305,2039.869995,210.1100006,1448.22998,369.6700134,81.19000244,2071.02002,212.7299957,1463.839966,375.25,79.73750305,2032,208.7100067,1430.560059,362.2999878,80.87999725,2071.02002,212.5099945,1462.420044,375.1300049,118826800,4376200,12538200,1986200,6437000
2020/2/6,80.60638428,2050.22998,210.8500061,1476.22998,366.9500122,81.30249786,2050.22998,210.8500061,1476.22998,366.9500122,81.30500031,2056.300049,211.1900024,1482,371.5499878,80.06500244,2024.800049,209.3399963,1449.569946,362.5100098,80.64250183,2041.02002,210.4700012,1450.329956,369.6000061,105425600,3183000,10567500,1679400,3920400
2020/2/7,79.51072693,2079.280029,212.3300018,1479.22998,366.769989,80.00749969,2079.280029,212.3300018,1479.22998,366.769989,80.84999847,2098.530029,212.8200073,1485.839966,371.7999878,79.5,2038.099976,209.9299927,1466.349976,363.5700073,80.59249878,2041.98999,210.3000031,1467.300049,365.0400085,117684000,5095300,12242500,1172300,4385200
2020/2/10,79.88835907,2133.909912,213.0599976,1508.680054,371.0700073,80.38749695,2133.909912,213.0599976,1508.680054,371.0700073,80.38749695,2135.600098,213.8000031,1509.5,374.7999878,78.46250153,2084.959961,210.6600037,1474.319946,362.519989,78.54499817,2085.01001,211.5200043,1474.319946,365,109348800,5056200,11856400,1419900,5294100
2020/2/11,79.40637207,2150.800049,207.1900024,1508.790039,373.6900024,79.90249634,2150.800049,207.1900024,1508.790039,373.6900024,80.97499847,2185.949951,210.8600006,1529.630005,378.1099854,79.67749786,2136,206.5099945,1505.637939,369.7200012,80.90000153,2150.899902,210.1900024,1511.810059,373.75,94323200,5746000,25030800,1344600,4772900
2020/2/12,81.292099,2160,210.7599945,1518.27002,380.0100098,81.80000305,2160,210.7599945,1518.27002,380.0100098,81.80500031,2180.25,211.2200012,1520.694946,380.6199951,80.36750031,2155.290039,207.3999939,1508.109985,375.8800049,80.36750031,2163.199951,207.8500061,1514.47998,377.1799927,113730400,3334300,13813700,1167600,4624800
2020/2/13,80.71321869,2149.870117,213.1399994,1514.660034,381.3999939,81.21749878,2149.870117,213.1399994,1514.660034,381.3999939,81.55500031,2170.280029,214.3300018,1527.180054,385.3699951,80.83750153,2142,209.1799927,1504.599976,376.5100098,81.04750061,2144.98999,209.5200043,1512.689941,376.9599915,94747600,3031800,15396600,929500,4485400
2020/2/14,80.73308563,2134.870117,214.1799927,1520.73999,380.3999939,81.23750305,2134.870117,214.1799927,1520.73999,380.3999939,81.49500275,2159.040039,214.9299927,1520.73999,385.1499939,80.71250153,2125.889893,212.6499939,1507.339966,379.4299927,81.18499756,2155.679932,214,1515.599976,381.4700012,80113600,2606200,10741700,1197800,3736300
2020/2/18,79.25482178,2155.669922,217.8000031,1519.670044,387.7799988,79.75,2155.669922,217.8000031,1519.670044,387.7799988,79.9375,2166.070068,217.9799957,1531.630005,389.5400085,78.65249634,2124.110107,213.3999939,1512.589966,379.1900024,78.83999634,2125.02002,213.5500031,1515,379.2999878,152531200,2945600,15609200,1120700,5173900
2020/2/19,80.40264893,2170.219971,217.4900055,1526.689941,386.1900024,80.90499878,2170.219971,217.4900055,1526.689941,386.1900024,81.14250183,2185.100098,218.3200073,1532.105957,392.9500122,80,2161.120117,216.1100006,1521.400024,384.8999939,80,2167.800049,217.9900055,1525.069946,388.1199951,93984000,2561200,12135100,949300,4896400
2020/2/20,79.57780457,2153.100098,214.5800018,1518.150024,386,80.07499695,2153.100098,214.5800018,1518.150024,386,81.16249847,2176.790039,218.7700043,1529.640015,389.7000122,79.55249786,2127.449951,212.9499969,1506.819946,376.6799927,80.65750122,2173.070068,216.5200043,1522,386.5599976,100566000,3131300,13109200,1096600,4079400
2020/2/21,77.77655792,2095.969971,210.1799927,1485.109985,380.0700073,78.26249695,2095.969971,210.1799927,1485.109985,380.0700073,80.11250305,2144.550049,214.2400055,1512.214966,387.3200073,77.625,2088,208.8300018,1480.439941,377.8999939,79.65499878,2142.149902,213.4799957,1508.030029,385.3299866,129554000,4646300,14092300,1731700,3930100
2020/2/24,74.08214569,2009.290039,200.7200012,1421.589966,368.7000122,74.54499817,2009.290039,200.7200012,1421.589966,368.7000122,76.04499817,2039.300049,203.6499939,1436.969971,372.8200073,72.30750275,1987.969971,198.1699982,1411.390015,361,74.31500244,2003.180054,201.8000031,1426.109985,364.7600098,222195200,6547000,23080100,2867100,6936400
2020/2/25,71.57282257,1972.73999,196.7700043,1388.449951,360.0899963,72.01999664,1972.73999,196.7700043,1388.449951,360.0899963,75.63249969,2034.599976,203.5,1438.140015,375.6499939,71.53250122,1958.420044,195.9499969,1382.400024,357.7200012,75.23750305,2026.420044,202.25,1433,372,230673600,6219100,21433500,2478300,6481200
2020/2/26,72.70822144,1979.589966,197.1999969,1393.180054,379.2399902,73.16249847,1979.589966,197.1999969,1393.180054,379.2399902,74.47000122,2014.670044,201.2100067,1415.699951,382,71.625,1960.449951,195.4900055,1379,365,71.63249969,1970.280029,197.1900024,1396.140015,366.3099976,198054800,5224600,16524500,2202400,8934100
2020/2/27,67.95542145,1884.300049,189.75,1318.089966,371.7099915,68.37999725,1884.300049,189.75,1318.089966,371.7099915,71.5,1975,195.8800049,1371.703979,391.5599976,68.23999786,1882.76001,189.5,1317.170044,370.6000061,70.27500153,1934.380005,191.8200073,1362.060059,371.4599915,320605600,8144000,21682600,2978300,10967700
2020/2/28,67.91566467,1883.75,192.4700012,1339.329956,369.0299988,68.33999634,1883.75,192.4700012,1339.329956,369.0299988,69.60250092,1889.76001,192.7400055,1341.140015,376.769989,64.09249878,1811.130005,181.8200073,1271,356.7999878,64.31500244,1814.630005,182.6999969,1277.5,364.2099915,426884800,9493800,32568900,3789100,11178600
2020/3/2,74.23866272,1953.949951,196.4400024,1389.109985,381.0499878,74.70249939,1953.949951,196.4400024,1389.109985,381.0499878,75.36000061,1954.51001,196.5700073,1390.869995,381.3599854,69.43000031,1870,188.8500061,1326.814941,364.5,70.56999969,1906.48999,194.0299988,1351.609985,373.1099854,341397200,6761700,24949000,2431500,6997900
2020/3/3,71.88089752,1908.98999,185.8899994,1341.390015,368.769989,72.33000183,1908.98999,185.8899994,1341.390015,368.769989,76,1996.329956,197.2400055,1410.150024,393.519989,71.44999695,1888.089966,183.9700012,1332,367.3999939,75.91750336,1975.369995,196.2200012,1399.420044,381.0299988,319475600,7534500,27984100,2402300,8364600
2020/3/4,75.215065,1975.829956,191.7599945,1386.52002,383.7900085,75.68499756,1975.829956,191.7599945,1386.52002,383.7900085,75.84999847,1978,191.8300018,1388.089966,384.0100098,73.28250122,1922,186.3899994,1343.109985,370.5100098,74.11000061,1946.569946,189.1699982,1359.22998,377.769989,219178400,4772900,23062500,1913300,5487300
2020/3/5,72.7753067,1924.030029,185.1699982,1319.040039,372.7799988,73.23000336,1924.030029,185.1699982,1319.040039,372.7799988,74.88749695,1960.719971,188.9900055,1358.910034,391.3999939,72.85250092,1910,183.8899994,1305.099976,368.6400146,73.87999725,1933,186.7799988,1350.199951,381,187572800,4748200,19333400,2561300,8747000
2020/3/6,71.80884552,1901.089966,181.0899963,1298.410034,368.9700012,72.25749969,1901.089966,181.0899963,1298.410034,368.9700012,72.70500183,1910.869995,183.7799988,1306.219971,371.3099976,70.30750275,1869.5,176.2599945,1261.050049,356.8500061,70.5,1875,178.3300018,1277.060059,367.7000122,226176800,5273600,24559600,2660600,8147200
2020/3/9,66.1293335,1800.609985,169.5,1215.560059,346.4899902,66.54250336,1800.609985,169.5,1215.560059,346.4899902,69.52249908,1862.77002,175,1254.76001,357.4700012,65.75,1761.290039,165.1900024,1200,341.7200012,65.9375,1773.859985,169.6000061,1205.300049,343.8599854,286744800,7813200,29949000,3365400,7405500
2020/3/10,70.89207458,1891.819946,178.1900024,1280.390015,364.1300049,71.33499908,1891.819946,178.1900024,1280.390015,364.1300049,71.61000061,1894.27002,178.2899933,1281.150024,364.5400085,67.34249878,1818.170044,169.5,1218.77002,347.8500061,69.28500366,1870.880005,174.6699982,1260,356.4299927,285290000,7133300,24517800,2611400,7604400
2020/3/11,68.42995453,1820.859985,170.2400055,1215.410034,349.9200134,68.85749817,1820.859985,170.2400055,1215.410034,349.9200134,70.30500031,1871.319946,175.8800049,1260.959961,362.980011,67.96499634,1801.5,167.6600037,1196.069946,344.7900085,69.34750366,1857.849976,174.0099945,1249.699951,358.9200134,255598800,5624800,20373900,2608500,6036000
2020/3/12,61.67217636,1676.609985,154.4700012,1114.910034,315.25,62.05749893,1676.609985,154.4700012,1114.910034,315.25,67.5,1765,166.6000061,1193.869995,335.7200012,62,1675,154.3399963,1113.300049,307.3200073,63.98500061,1721.97998,159.5399933,1126,326.5,418474000,11346200,43266300,4226700,12071600
2020/3/13,69.06101227,1785,170.2799988,1219.72998,336.2999878,69.49250031,1785,170.2799988,1219.72998,336.2999878,69.98000336,1786.310059,170.7899933,1219.76001,336.4200134,63.23749924,1680.619995,157.6000061,1117.142944,307.3900146,66.22250366,1755,163.5299988,1179,330.5100098,370732000,8809700,35028600,3700100,9458200
2020/3/16,60.17652512,1689.150024,146.0099945,1084.329956,298.8399963,60.55250168,1689.150024,146.0099945,1084.329956,298.8399963,64.76999664,1759.449951,159.1300049,1152.266968,334.3500061,60,1626.030029,143.1000061,1074.439941,294.75,60.48749924,1641.51001,152.3200073,1096,306.6300049,322423600,8917300,39120400,4252400,10559900
2020/3/17,62.82249069,1807.839966,149.4199982,1119.800049,319.75,63.21500015,1807.839966,149.4199982,1119.800049,319.75,64.40249634,1857.780029,153.9400024,1130.859985,322.8999939,59.59999847,1689.23999,140,1056.01001,290.25,61.87749863,1775.469971,150.7400055,1093.109985,306.1900024,324056000,10917100,34255600,3861500,10013900
2020/3/18,61.2845993,1830,146.9600067,1096.800049,315.4700012,61.66749954,1830,146.9600067,1096.800049,315.4700012,62.5,1841.660034,148.1799927,1106.5,331.5799866,59.27999878,1745,137.1000061,1037.280029,300,59.94250107,1750,139.75,1056.51001,302.3999939,300233600,9645200,37553100,4233400,12593600
2020/3/19,60.81503296,1880.930054,153.1300049,1115.290039,332.0299988,61.19499969,1880.930054,153.1300049,1115.290039,332.0299988,63.20999908,1945,159.9299927,1157.969971,348.5100098,60.65250015,1832.650024,144.8000031,1060.108032,316.8200073,61.84749985,1860,146.6199951,1093.050049,324.3299866,271857200,10399900,39862300,3651100,10616000
2020/3/20,56.95415497,1846.089966,149.7299957,1072.319946,332.8299866,57.31000137,1846.089966,149.7299957,1072.319946,332.8299866,62.95750046,1957,159.2700043,1143.98999,350.4899902,57,1820.72998,148,1065.48999,332,61.79499817,1926.310059,156.0200043,1135.719971,342.3099976,401693200,9817900,32568400,3601800,10853800
2020/3/23,55.74421692,1902.829956,148.1000061,1056.619995,360.269989,56.09249878,1902.829956,148.1000061,1056.619995,360.269989,57.125,1919.400024,152.3099976,1071.319946,366.1099854,53.15250015,1812,142.25,1013.536011,340.8800049,57.02000046,1827.75,149.6600037,1061.319946,347.8900146,336752800,7808500,29830800,4044100,13449400
2020/3/24,61.33677292,1940.099976,160.9799957,1134.459961,357.3200073,61.72000122,1940.099976,160.9799957,1134.459961,357.3200073,61.92250061,1955,161.3099976,1135,372.9299927,58.57500076,1900.339966,152.5700073,1090.619995,353.0299988,59.09000015,1951.5,155.2100067,1103.77002,369.9899902,287531200,7147100,30440400,3344500,11638700
2020/3/25,60.99888611,1885.839966,156.2100067,1102.48999,342.3900146,61.38000107,1885.839966,156.2100067,1102.48999,342.3900146,64.5625,1950.26001,162.9900055,1148.900024,362,61.07500076,1885.780029,153.0599976,1086.01001,339.1700134,62.6875,1920.689941,158.9199982,1126.469971,361.019989,303602000,6479100,35184300,4081500,8767200
2020/3/26,64.20883179,1955.48999,163.3399963,1161.75,362.9899902,64.61000061,1955.48999,163.3399963,1161.75,362.9899902,64.66999817,1956.48999,164,1169.969971,363.8399963,61.59000015,1889.290039,157.0200043,1093.530029,341.730011,61.63000107,1902,158.25,1111.800049,344,252087200,6221300,26556800,3571700,7229600
2020/3/27,61.55043793,1900.099976,156.7899933,1110.709961,357.1199951,61.93500137,1900.099976,156.7899933,1110.709961,357.1199951,63.96749878,1939.790039,160.0899963,1150.670044,368.5599976,61.76250076,1899.920044,154.75,1105.910034,353,63.1875,1930.859985,158.1999969,1125.670044,359.0899963,204216800,5387900,24879900,3208500,7948800
2020/3/30,63.30696106,1963.949951,165.9499969,1146.819946,370.9599915,63.70249939,1963.949951,165.9499969,1146.819946,370.9599915,63.88000107,1973.630005,166.75,1151.630005,377.7999878,62.34999847,1912.339966,158.0599976,1096.47998,361.1700134,62.68500137,1922.829956,159.1799927,1125.040039,363,167976400,6126100,22515200,2574100,8622000
2020/3/31,63.17776871,1949.719971,166.8000031,1162.810059,375.5,63.57249832,1949.719971,166.8000031,1162.810059,375.5,65.62249756,1993.02002,170.9299927,1175.310059,383.0100098,63,1944.01001,164.1999969,1138.140015,366.4400024,63.90000153,1964.349976,165.4799957,1147.300049,367.9299927,197002000,5123600,23676300,2486400,9366500
2020/4/1,59.85353851,1907.699951,159.6000061,1105.619995,364.0799866,60.22750092,1907.699951,159.6000061,1105.619995,364.0799866,62.18000031,1944.959961,164.1499939,1129.689941,380.230011,59.78250122,1893,158.0399933,1097.449951,361.019989,61.625,1932.969971,161.6199951,1122,376.0499878,176218400,4121900,19507600,2344200,6672500
2020/4/2,60.85229492,1918.829956,158.1900024,1120.839966,370.0799866,61.23249817,1918.829956,158.1900024,1120.839966,370.0799866,61.28749847,1927.530029,161.3500061,1126.859985,370.9899902,59.22499847,1890,155.9199982,1096.400024,360.0599976,60.08499908,1901.640015,159.1000061,1098.26001,364.0799866,165934000,4336000,20886300,1964900,4592500
2020/4/3,59.97776794,1906.589966,154.1799927,1097.880005,361.7600098,60.35250092,1906.589966,154.1799927,1097.880005,361.7600098,61.42499924,1926.329956,157.9100037,1123.540039,370.8999939,59.74250031,1889.150024,150.8300018,1079.810059,357.5100098,60.70000076,1911.150024,157.1499939,1119.015015,367.4700012,129880000,3609900,25983300,2313400,4860800
2020/4/6,65.21006775,1997.589966,165.5500031,1186.920044,379.9599915,65.61750031,1997.589966,165.5500031,1186.920044,379.9599915,65.77749634,1998.52002,166.1999969,1194.660034,380.2900085,62.34500122,1930.02002,158.5099945,1130.939941,361.7099915,62.72499847,1936,160.1499939,1138,365.2200012,201820400,5773200,28453600,2664700,8183900
2020/4/7,64.45479584,2011.599976,168.8300018,1186.51001,372.2799988,64.85749817,2011.599976,168.8300018,1186.51001,372.2799988,67.92500305,2035.719971,173.3899994,1225,381.3299866,64.75,1997.619995,166.0099945,1182.22998,369.3399963,67.69999695,2017.109985,171.7899933,1221,380,202887200,5114000,31411900,2387300,7046400
2020/4/8,66.10448456,2043,174.2799988,1210.280029,371.1199951,66.51750183,2043,174.2799988,1210.280029,371.1199951,66.84249878,2044,175,1219.069946,378.3900146,65.30750275,2011.150024,167.7400055,1188.160034,368.3099976,65.68499756,2021,171.25,1206.5,374.0100098,168895200,3977300,21664200,1975100,6908900
2020/4/9,66.58150482,2042.76001,175.1900024,1211.449951,370.7200012,66.99749756,2042.76001,175.1900024,1211.449951,370.7200012,67.51750183,2053,177.0800018,1225.569946,372.1000061,66.17500305,2017.660034,171.5700073,1196.734985,363.0299988,67.17500305,2044.300049,175.8999939,1224.079956,371.0599976,162116400,4655600,23534300,2175400,7711300
2020/4/13,67.88833618,2168.870117,174.7899933,1217.560059,396.7200012,68.3125,2168.870117,174.7899933,1217.560059,396.7200012,68.42500305,2180,175,1220.51001,400.5100098,66.45749664,2038,169.4499969,1187.598022,367.7000122,67.07749939,2040,173.6699982,1209.180054,371.3099976,131022800,6716700,19355400,1739800,11692900
2020/4/14,71.31690979,2283.320068,178.1699982,1269.22998,413.5499878,71.76249695,2283.320068,178.1699982,1269.22998,413.5499878,72.0625,2292,181.2299957,1282.069946,417.8200073,69.51249695,2186.209961,176.6199951,1236.930054,394.8500061,70,2200.469971,178.9799957,1245.089966,397.5,194994800,8087200,21011800,2470400,11581000
2020/4/15,70.66598511,2307.679932,176.9700012,1262.469971,426.75,71.10749817,2307.679932,176.9700012,1262.469971,426.75,71.58249664,2333.370117,178.1900024,1280.459961,434.980011,70.15750122,2245,172.8200073,1240.400024,412.25,70.59999847,2257.679932,175.1900024,1245.609985,413,131154400,6866600,17423000,1671700,13561200
2020/4/16,71.2274704,2408.189941,176.25,1263.469971,439.1700134,71.67250061,2408.189941,176.25,1263.469971,439.1700134,72.05000305,2461,178.0500031,1279,449.519989,70.58750153,2335,172.5099945,1242.619995,431.6099854,71.84500122,2346,177.9499969,1274.099976,437,157125200,12038200,23593200,2518100,16128700
2020/4/17,70.26101685,2375,179.2400055,1283.25,422.9599915,70.69999695,2375,179.2400055,1283.25,422.9599915,71.73750305,2400,180.2799988,1294.430054,432,69.21499634,2316.02002,176.6600037,1271.22998,414.7000122,71.17250061,2372.330078,179.1999969,1284.849976,431,215250000,7930000,20974800,1949000,12616300
2020/4/20,68.80261993,2393.610107,178.2400055,1266.609985,437.4899902,69.23249817,2393.610107,178.2400055,1266.609985,437.4899902,70.41999817,2444.97998,180.5,1281.599976,444.4899902,69.21250153,2386.050049,176.7700043,1261.369995,430.5599976,69.48750305,2389.949951,177.4100037,1271,435.1700134,130015200,5770700,16110700,1695500,12655800
2020/4/21,66.67591095,2328.120117,170.8000031,1216.339966,433.8299866,67.09249878,2328.120117,170.8000031,1216.339966,433.8299866,69.3125,2428.310059,175.3800049,1254.27002,447,66.35749817,2279.659912,168.3399963,1209.709961,425.6000061,69.06999969,2416.610107,175.25,1247,444.769989,180991600,7476700,24850500,2153000,23177600
2020/4/22,68.59641266,2363.48999,182.2799988,1263.209961,421.4200134,69.02500153,2363.48999,182.2799988,1263.209961,421.4200134,69.47499847,2394,184.7799988,1285.613037,433,68.05000305,2351,178.1399994,1242,413,68.40249634,2369,178.4499969,1245.540039,429.730011,117057200,4218300,33242000,2092400,21123800
2020/4/23,68.33058167,2399.449951,185.1300049,1276.310059,426.7000122,68.75749969,2399.449951,185.1300049,1276.310059,426.7000122,70.4375,2424.219971,187.0500031,1293.310059,438.4100037,68.71749878,2382.080078,183.1499939,1265.670044,419.2600098,68.96749878,2399.97998,184.0800018,1271.550049,419.2600098,124814400,5066600,21426600,1566200,13952300
2020/4/24,70.30325317,2410.219971,190.0700073,1279.310059,424.9899902,70.74250031,2410.219971,190.0700073,1279.310059,424.9899902,70.75250244,2420.429932,190.4100037,1280.400024,427.1700134,69.25,2382,180.8300018,1249.449951,415.8800049,69.30000305,2417,183.2299957,1261.170044,425,126508800,3831800,28792000,1639600,8670400
2020/4/27,70.35294342,2376,187.5,1275.880005,421.3800049,70.79250336,2376,187.5,1275.880005,421.3800049,71.13500214,2444.879883,193.75,1296.150024,429,69.98750305,2363,187.4100037,1269,420.8399963,70.44999695,2443.199951,192.6600037,1296,425,117087600,5645600,29197800,1600600,6277500
2020/4/28,69.21255493,2314.080078,182.9100037,1233.670044,403.8299866,69.64499664,2314.080078,182.9100037,1233.670044,403.8299866,71.45749664,2373.5,189.1999969,1288.050049,421,69.55000305,2306,182.5599976,1232.199951,402.9100037,71.26999664,2372.100098,188.6600037,1287.930054,419.9899902,112004800,5269400,21731000,2951300,10101200
2020/4/29,71.48586273,2372.709961,194.1900024,1341.47998,411.8900146,71.93250275,2372.709961,194.1900024,1341.47998,411.8900146,72.41750336,2391.889893,196.9100037,1359.98999,415.8599854,70.97250366,2310,190,1325.339966,393.6000061,71.18250275,2330.01001,190.9299927,1341.459961,399.5299988,137280800,4591600,45954500,3793600,9693100
2020/4/30,72.99393463,2474,204.7100067,1348.660034,419.8500061,73.44999695,2474,204.7100067,1348.660034,419.8500061,73.63249969,2475,209.6900024,1352.819946,424.4400024,72.08750153,2396.01001,201.5700073,1322.48999,408,72.48999786,2419.840088,206.9199982,1324.880005,410.3099976,183064000,9534600,46230100,2668900,7954000
2020/5/1,71.81878662,2286.040039,202.2700043,1320.609985,415.269989,72.26750183,2286.040039,202.2700043,1320.609985,415.269989,74.75,2362.439941,207.2799988,1352.069946,427.9700012,71.46250153,2258.189941,199.0500031,1311,411.730011,71.5625,2336.800049,201.6000061,1328.5,415.1000061,240616800,9772600,30415600,2072500,8299900
2020/5/4,72.83493042,2315.98999,205.2599945,1326.800049,428.1499939,73.29000092,2315.98999,205.2599945,1326.800049,428.1499939,73.42250061,2326.97998,205.9100037,1327.660034,428.5400085,71.58000183,2256.379883,198.7599945,1299,414.8699951,72.29250336,2256.379883,200.1999969,1308.22998,417.7799988,133568000,4865900,19250700,1504000,7799100
2020/5/5,73.92810059,2317.800049,207.0700073,1351.109985,424.6799927,74.38999939,2317.800049,207.0700073,1351.109985,424.6799927,75.25,2351,210.3800049,1373.939941,431,73.61499786,2307.129883,206.5,1337.459961,421.5599976,73.76499939,2340,207.0200043,1337.920044,427.5599976,147751200,3242500,21071200,1651500,6286300
2020/5/6,74.69084167,2351.26001,208.4700012,1347.300049,434.2600098,75.15750122,2351.26001,208.4700012,1347.300049,434.2600098,75.80999756,2357.449951,211.6000061,1371.119995,439.769989,74.71749878,2320,206.6600037,1347.290039,426.3900146,75.11499786,2329.439941,208.1199951,1361.689941,429.2999878,142333600,3117800,21857000,1215400,6660700
2020/5/7,75.46350861,2367.610107,211.2599945,1372.560059,436.5299988,75.93499756,2367.610107,211.2599945,1372.560059,436.5299988,76.29250336,2376,211.6000061,1377.599976,438.8800049,75.49250031,2343.110107,209.0399933,1355.27002,430.6600037,75.80500031,2374.780029,211.1600037,1365.939941,436.8900146,115215200,3396400,15152000,1397600,5641900
2020/5/8,77.25967407,2379.610107,212.3500061,1388.369995,435.5499878,77.53250122,2379.610107,212.3500061,1388.369995,435.5499878,77.58750153,2387.23999,213.2100067,1398.76001,442,76.07250214,2357,210.8500061,1375.47998,433.6400146,76.41000366,2372.139893,212.2400055,1383.130005,434.1400146,134048000,3211200,12506000,1386900,5054300
2020/5/11,78.47537231,2409,213.1799927,1403.26001,440.519989,78.75250244,2409,213.1799927,1403.26001,440.519989,79.26249695,2419.669922,215,1416.530029,444.8900146,76.80999756,2372.110107,210.3699951,1377.151978,435.5599976,77.02500153,2374.699951,210.8899994,1378.280029,436.3299866,145946400,3259200,12911900,1412100,5486000
2020/5/12,77.57853699,2356.949951,210.1000061,1375.73999,431.8200073,77.85250092,2356.949951,210.1000061,1375.73999,431.8200073,79.92250061,2419,215.2799988,1415,444.1700134,77.72750092,2355,210,1374.77002,431.3599854,79.45749664,2411.850098,213.2899933,1407.119995,442,162301200,3074900,14704600,1390600,4598200
2020/5/13,76.64185333,2367.919922,205.1000061,1349.329956,438.269989,76.91249847,2367.919922,205.1000061,1349.329956,438.269989,78.98750305,2407.699951,210.7799988,1385.482056,447,75.80249786,2337.800049,202.1100006,1328.400024,427.269989,78.03749847,2366.800049,209.4299927,1377.050049,435.6900024,200622400,4782900,20684600,1812600,7014600
2020/5/14,77.11268616,2388.850098,206.8099976,1356.130005,441.9500122,77.38500214,2388.850098,206.8099976,1356.130005,441.9500122,77.44750214,2391.370117,206.9299927,1357.420044,452.3800049,75.38249969,2353.209961,200.6900024,1323.910034,432.8200073,76.12750244,2361.01001,202.5599976,1335.02002,444.8999939,158929200,3648100,17178900,1603100,9007500
2020/5/15,76.65679169,2409.780029,210.8800049,1373.189941,454.1900024,76.92749786,2409.780029,210.8800049,1373.189941,454.1900024,76.97499847,2411,211.3399963,1374.47998,455,75.05249786,2356.370117,204.1199951,1339,437.5100098,75.08750153,2368.52002,205.2700043,1350,440.7000122,166348400,4235000,19383200,1707700,7244000
2020/5/18,78.46291351,2426.26001,213.1900024,1383.939941,452.5799866,78.73999786,2426.26001,213.1900024,1383.939941,452.5799866,79.125,2433,214.6399994,1392.324951,456.3599854,77.58000183,2384.01001,210.9400024,1354.25,443.3500061,78.29250336,2404.350098,212.1499939,1361.75,451.1600037,135372400,4366600,20151900,1822400,7780300
2020/5/19,78.00952148,2449.330078,216.8800049,1373.484985,451.0400085,78.28500366,2449.330078,216.8800049,1373.484985,451.0400085,79.62999725,2485,220.4900055,1392,458.9700012,78.25250244,2428.969971,212.8300018,1373.484985,450.4700012,78.75749969,2429.830078,213.2700043,1386.996948,453.3999939,101729600,4320500,31843200,1280600,4810500
2020/5/20,79.52666473,2497.939941,229.9700012,1406.719971,447.6700134,79.80750275,2497.939941,229.9700012,1406.719971,447.6700134,79.87999725,2500.01001,231.3399963,1410.420044,455.8099976,79.12999725,2467.27002,223.1900024,1387.25,444,79.16999817,2477.870117,223.5,1389.579956,454.25,111504800,3998100,50162900,1655400,5607300
2020/5/21,78.93375397,2446.73999,231.3899994,1402.800049,436.25,79.21250153,2446.73999,231.3899994,1402.800049,436.25,80.22250366,2525.449951,237.1999969,1415.48999,448.9599915,78.96749878,2442.540039,231.1999969,1393.449951,430.25,79.66500092,2500,234.7200012,1408,448.5599976,102688800,5114400,47782600,1385000,9117300
2020/5/22,79.4419632,2436.879883,234.9100037,1410.420044,429.3200073,79.72250366,2436.879883,234.9100037,1410.420044,429.3200073,79.80750275,2469.850098,235.9900055,1412.76001,439.0899963,78.83750153,2430.129883,228.7400055,1391.829956,427.1799927,78.94249725,2455.01001,231.5099945,1396.709961,437,81803200,2867100,33925600,1309400,5422300
2020/5/26,78.903862,2421.860107,232.1999969,1417.02002,414.769989,79.18250275,2421.860107,232.1999969,1417.02002,414.769989,81.05999756,2462,240.8999939,1441,428.5,79.125,2414.060059,231.6699982,1412.130005,413.1400146,80.875,2458,239.7700043,1437.27002,427.769989,125522000,3568200,33178300,2060600,7881100
2020/5/27,79.24764252,2410.389893,229.1399994,1417.839966,419.8900146,79.52749634,2410.389893,229.1399994,1417.839966,419.8900146,79.67749786,2413.580078,230.5599976,1421.73999,420.019989,78.27249908,2330,221.1300049,1391.290039,397.8599854,79.03500366,2404.98999,229.0700073,1417.25,410.3800049,112945200,5056900,34697600,1685800,10446300
2020/5/28,79.28252411,2401.100098,225.4600067,1416.72998,413.4400024,79.5625,2401.100098,225.4600067,1416.72998,413.4400024,80.86000061,2436.969971,231.6300049,1440.839966,422.3699951,78.90750122,2378.22998,224,1396,411.5,79.19249725,2384.330078,224.3000031,1396.859985,417.2399902,133560800,3190200,29377200,1692200,5655100
2020/5/29,79.20529938,2442.370117,225.0899963,1428.920044,419.730011,79.48500061,2442.370117,225.0899963,1428.920044,419.730011,80.28749847,2442.370117,227.4900055,1432.569946,420.2999878,79.11750031,2398.199951,222.8800049,1413.349976,411.8500061,79.8125,2415.939941,225.1999969,1416.939941,417.4599915,153598000,3529300,23241500,1820900,5270500
2020/6/1,80.17935944,2471.040039,231.9100037,1431.819946,425.9200134,80.46250153,2471.040039,231.9100037,1431.819946,425.9200134,80.58750153,2476.929932,232.4400024,1437.959961,426.7200012,79.30249786,2444.169922,223.5,1418,415.980011,79.4375,2448,224.5899963,1418.390015,418.8299866,80791200,2928900,18223800,1217100,3743700
2020/6/2,80.55054474,2472.409912,232.7200012,1439.219971,427.3099976,80.83499908,2472.409912,232.7200012,1439.219971,427.3099976,80.86000061,2473.530029,233,1439.609985,427.5899963,79.73249817,2445.310059,226.5599976,1418.829956,419.4599915,80.1875,2467,230.9400024,1430.550049,425.8699951,87642800,2529900,20919000,1278100,3494800
2020/6/3,80.99398041,2478.399902,230.1600037,1436.380005,421.9700012,81.27999878,2478.399902,230.1600037,1436.380005,421.9700012,81.55000305,2488,232.6499939,1446.552002,427.1000061,80.57499695,2461.169922,228.5299988,1429.776978,418.0499878,81.16500092,2468.01001,232.1100006,1438.300049,426.9500122,104491200,2671000,15380300,1256200,4316000
2020/6/4,80.29644775,2460.600098,226.2899933,1412.180054,414.3299866,80.58000183,2460.600098,226.2899933,1412.180054,414.3299866,81.40499878,2507.540039,231.6300049,1438.959961,428.7099915,80.19499969,2450.01001,224.6100006,1404.72998,410.0299988,81.09750366,2477.429932,229.5599976,1430.400024,422.3900146,87560400,2948700,17041500,1484300,5410500
2020/6/5,82.58337402,2483,230.7700043,1438.390015,419.6000061,82.875,2483,230.7700043,1438.390015,419.6000061,82.9375,2488.649902,231.3500061,1445.050049,420.2399902,80.80750275,2437.129883,225.3099976,1406,404.25,80.83750153,2444.51001,226.7100067,1413.170044,407.2900085,137250400,3306400,16750400,1734900,5099600
2020/6/8,83.07164001,2524.060059,231.3999939,1446.609985,419.4899902,83.36499786,2524.060059,231.3999939,1446.609985,419.4899902,83.40000153,2530,231.5500031,1447.98999,420.7999878,81.83000183,2487.340088,227.4100037,1422.339966,406.5,82.5625,2500.199951,229.0299988,1422.339966,416,95654400,3970700,15466500,1404200,5851500
2020/6/9,85.69487762,2600.860107,238.6699982,1456.160034,434.0499878,85.99749756,2600.860107,238.6699982,1456.160034,434.0499878,86.40249634,2626.429932,239.7700043,1468,434.730011,83.00250244,2525,230.4100037,1443.209961,420.3099976,83.03500366,2529.439941,231.5200043,1445.359985,421.6499939,147712400,5176000,27462900,1409200,6797000
2020/6/10,87.89958954,2647.449951,236.7299957,1465.849976,434.480011,88.20999908,2647.449951,236.7299957,1465.849976,434.480011,88.69249725,2722.350098,241.2100067,1474.259033,439.6900024,86.52249908,2626.26001,235.2799988,1456.27002,430.5499878,86.97499847,2645,240.9600067,1459.540039,436,166651600,4946000,20720700,1525200,4896900
2020/6/11,83.67949677,2557.959961,224.4299927,1403.839966,425.5599976,83.97499847,2557.959961,224.4299927,1403.839966,425.5599976,87.76499939,2671.379883,232.8899994,1454.474976,445.5700073,83.87000275,2536.22998,223.5500031,1402,424.1600037,87.32749939,2603.5,229.9400024,1442.47998,428.2000122,201662400,5800100,26708200,1991300,7462900
2020/6/12,84.40194702,2545.02002,228.5800018,1413.180054,418.0700073,84.69999695,2545.02002,228.5800018,1413.180054,418.0700073,86.94999695,2621.47998,231.6600037,1437,434.0599976,83.55500031,2503.350098,224.5,1386.02002,412.4500122,86.18000031,2601.209961,229.8999939,1428.48999,429,200146000,5436100,22091400,1946400,6461100
2020/6/15,85.445755,2572.679932,232.5,1419.849976,425.5,85.74749756,2572.679932,232.5,1419.849976,425.5,86.41999817,2584,233.7700043,1424.800049,426.4899902,83.14499664,2508,224.8000031,1387.920044,415.4200134,83.3125,2526.600098,225.0899963,1390.800049,421.3999939,138808800,3865100,15340300,1503900,4467900
2020/6/16,87.71025848,2615.27002,235.6499939,1442.719971,436.1300049,88.01999664,2615.27002,235.6499939,1442.719971,436.1300049,88.30000305,2620,238.4600067,1455.02002,437.9599915,86.18000031,2576,233,1425.900024,425.1799927,87.86499786,2620,237.1399994,1445.219971,425.7600098,165428800,3585600,15236700,1709200,5507900
2020/6/17,87.5881958,2640.97998,235.5299988,1451.119995,447.769989,87.89749908,2640.97998,235.5299988,1451.119995,447.769989,88.84999847,2655,237.5899963,1460,450.4599915,87.77249908,2631.820068,231.7299957,1431.380005,439.2200012,88.78749847,2647.5,235,1447.160034,441.8200073,114406400,2959300,19578100,1549600,6529600
2020/6/18,87.62307739,2653.97998,235.9400024,1435.959961,449.8699951,87.93250275,2653.97998,235.9400024,1435.959961,449.8699951,88.36250305,2659.639893,236.1399994,1451.410034,452.7600098,87.30500031,2636.110107,232.1499939,1427.01001,442.7999878,87.85250092,2647.01001,234.9900055,1449.160034,448.730011,96820400,2487800,15782500,1581900,4277600
2020/6/19,87.12233734,2675.01001,238.7899933,1431.719971,453.7200012,87.43000031,2675.01001,238.7899933,1431.719971,453.7200012,89.13999939,2697.429932,240.8300018,1447.800049,453.9700012,86.28749847,2659,235.5500031,1421.349976,445.6000061,88.66000366,2678.080078,237.7899933,1444,449.1199951,264476000,5777000,30081300,3157900,5934500
2020/6/22,89.4017868,2713.820068,239.2200012,1451.859985,468.0400085,89.71749878,2713.820068,239.2200012,1451.859985,468.0400085,89.86499786,2715,240.6999969,1452.75,468.5899963,87.78749847,2669,236.9100037,1423.209961,454.2099915,87.83499908,2684.5,238.5599976,1429,455.0100098,135445200,3208800,18917800,1542400,6272100
2020/6/23,91.31005096,2764.409912,242.2400055,1464.410034,466.2600098,91.63249969,2764.409912,242.2400055,1464.410034,466.2600098,93.09500122,2783.110107,245.1900024,1475.94104,474.0100098,90.56749725,2718.040039,239.8600006,1445.23999,464.5,91,2726.02002,241.2799988,1455.640015,466.5,212155600,4231700,24017900,1429800,5948400
2020/6/24,89.69824219,2734.399902,234.0200043,1431.969971,457.8500061,90.01499939,2734.399902,234.0200043,1431.969971,457.8500061,92.19750214,2796,243.2200012,1475.420044,472.3599854,89.62999725,2721,232.6799927,1429.75,454,91.25,2780,241.1999969,1461.51001,468.5400085,192623200,4526600,20834900,1756000,4826200
2020/6/25,90.88903809,2754.580078,235.6799927,1441.329956,465.9100037,91.20999908,2754.580078,235.6799927,1441.329956,465.9100037,91.25,2756.22998,237.3000031,1442.900024,467.0100098,89.39250183,2712.139893,232.7400055,1420,454,90.17500305,2739.550049,234.6199951,1429.900024,458.8599854,137522400,2968700,18704300,1230500,4134500
2020/6/26,88.09640503,2692.870117,216.0800018,1359.900024,443.3999939,88.40750122,2692.870117,216.0800018,1359.900024,443.3999939,91.33000183,2782.570068,233.0899963,1433.449951,468.0299988,88.25499725,2688,215.3999939,1351.98999,442.2399902,91.10250092,2775.060059,232.6399994,1431.390015,466.3900146,205256800,6500800,76343900,4267700,6804700
2020/6/29,90.12673187,2680.379883,220.6399994,1394.969971,447.2399902,90.44499969,2680.379883,220.6399994,1394.969971,447.2399902,90.54250336,2696.800049,220.75,1395.599976,447.6700134,87.81999969,2630.080078,207.1100006,1347.01001,432.1400146,88.3125,2690.01001,209.75,1358.180054,445.230011,130646000,4223400,58514300,1810200,4844000
